id_registro,class_session,time_register,year,month,day,hour,minute,seconds,faceOrientation,emotionRatio,attendanceRatio,bodyActionRatio,no_interaction_ratio,prof_stud_ratio,stud_stud_ratio,stud_obj_ratio,body_detections,distractors_dic.Eating,distractors_dic.Sleeping,distractors_dic.Walking,distractors_dic.Withcellphone,distractors_dic.Withearphones,Engagement,Attention,Interaction,Distractions,__v,Class time,Time,LUX,oxygenVol,Temperature,Humidity,AQI,TVOC,eCO2
66fb1ff17835ef5c35eb8e2c,66fb15827835ef5c35eb2ad9,30/09/2024 16:02:25,2024,9,30,16,2,25,1,0.722519310754605,0.678571428571429,0.968774431622729,0.054553942789237,0.945446057210763,0,0,19,0,0,0,0,0,79.0044462761181,78.0594847189275,81.5932433579492,34.24419113738,0,12:41:00 a.m.,1727728810.10955,425,20.81381,29.62074,47.64709,1,37,429
66fb1ff67835ef5c35eb8e5f,66fb15827835ef5c35eb2ad9,30/09/2024 16:02:30,2024,9,30,16,2,31,1,0.651515151515151,0.642857142857143,1,0,1,0,0,18,0,0,0,0,0,77.6731601731602,75.8874458874459,78.7445887445887,32.9437229437229,0,12:41:05 a.m.,1727728815.11577,416,20.81341,29.66232,47.60809,1,27,408
66fb1ffc7835ef5c35eb8e92,66fb15827835ef5c35eb2ad9,30/09/2024 16:02:35,2024,9,30,16,2,36,1,0.636363636363636,0.642857142857143,1,0,1,0,0,18,0,0,0,0,0,77.3701298701299,75.5844155844156,78.4415584415584,32.7922077922078,0,12:41:10 a.m.,1727728820.12114,417,20.82853,29.63676,47.5421,1,33,421
66fb20017835ef5c35eb8ec5,66fb15827835ef5c35eb2ad9,30/09/2024 16:02:41,2024,9,30,16,2,41,1,0.619429590017825,0.642857142857143,0.981818181818182,0,1,0,0,18,0,0,0,0.015151515151515,0,76.6678125795773,74.7911892029539,78.1028775146422,32.4410491469315,0,12:41:15 a.m.,1727728825.12782,414,20.90236,29.66595,47.57004,1,35,425
66fb20067835ef5c35eb8ef9,66fb15827835ef5c35eb2ad9,30/09/2024 16:02:46,2024,9,30,16,2,47,1,0.629014604246802,0.678571428571429,0.977777777777778,0.012554112554113,0.987445887445887,0,0,19,0,0,0.009569377990431,0.009569377990431,0,77.3144190690631,75.7844767891208,79.7231492277932,32.9791792315012,0,12:41:20 a.m.,1727728830.13525,411,20.90236,29.66919,47.50614,1,43,442
66fb200c7835ef5c35eb8f3b,66fb15827835ef5c35eb2ad9,30/09/2024 16:02:52,2024,9,30,16,2,52,1,0.621212121212121,0.678571428571429,0.943850267379679,0.064041677276971,0.935958322723029,0,0,19,0,0,0.052631578947368,0,0,76.4798192004074,75.5525528393175,79.5670995670996,33.076754944402,0,12:41:25 a.m.,1727728835.13829,414,20.88644,29.69875,47.47219,1,48,452
66fb20117835ef5c35eb8f6e,66fb15827835ef5c35eb2ad9,30/09/2024 16:02:57,2024,9,30,16,2,58,1,0.616028708133971,0.714285714285714,0.98989898989899,0.027488116458705,0.972511883541295,0,0,20,0,0,0.009090909090909,0,0,77.832839674945,76.766084942749,80.892002734108,33.4770152877738,0,12:41:30 a.m.,1727728840.14128,411,20.89042,29.73557,47.46294,1,41,437
66fb20177835ef5c35eb8fa1,66fb15827835ef5c35eb2ad9,30/09/2024 16:03:03,2024,9,30,16,3,3,0.995215311004785,0.658160552897395,0.678571428571429,0.957404931669638,0.010398098633393,0.989601901366607,0,0,19,0,0,0.038277511961723,0,0,77.3702638950317,75.7061171757379,80.1146806409964,32.9975032277664,0,12:41:35 a.m.,1727728845.14418,419,20.85898,29.73804,47.41373,1,41,438
66fb201e7835ef5c35eb8fd4,66fb15827835ef5c35eb2ad9,30/09/2024 16:03:10,2024,9,30,16,3,10,1,0.567251461988304,0.678571428571429,0.941176470588235,0,1,0,0,19,0,0,0.052631578947368,0,0,75.3471300801022,73.4458695759005,78.4878863826232,31.8699936114797,0,12:41:40 a.m.,1727728850.14972,420,20.84943,29.73785,47.42222,1,43,443
66fb20277835ef5c35eb9017,66fb15827835ef5c35eb2ad9,30/09/2024 16:03:19,2024,9,30,16,3,19,1,0.580501253132832,0.75,0.94359477124183,0.03843137254902,0.961568627450981,0,0,21,0,0,0.047619047619048,0,0,76.7319204874932,75.7763649319377,81.6100250626566,33.1252739692368,0,12:41:45 a.m.,1727728855.15642,413,20.80963,29.74319,47.33868,1,39,435
66fb202c7835ef5c35eb904a,66fb15827835ef5c35eb2ad9,30/09/2024 16:03:24,2024,9,30,16,3,25,1,0.663948306595366,0.642857142857143,0.941399286987522,0,1,0,0,18,0,0,0,0,0,76.7498090145149,74.6710911637382,78.993251846193,32.4820473644003,0,12:41:50 a.m.,1727728860.16144,413,20.80366,29.73385,47.28022,1,50,458
66fb20317835ef5c35eb907d,66fb15827835ef5c35eb2ad9,30/09/2024 16:03:29,2024,9,30,16,3,30,1,0.732820855614973,0.642857142857143,0.941993464052288,0,1,0,0,18,0,0,0,0,0,78.1391435362024,76.0633965707495,80.3707028265852,33.176714625244,0,12:41:55 a.m.,1727728865.16532,420,20.80406,29.75521,47.24436,1,50,457
66fb20377835ef5c35eb90b0,66fb15827835ef5c35eb2ad9,30/09/2024 16:03:34,2024,9,30,16,3,35,0.98,0.759575163398693,0.714285714285714,0.94499484004128,0,1,0,0,20,0,0,0,0,0,79.3056857830852,77.6020885547202,82.9629318394025,33.9885571772569,0,12:42:00 a.m.,1727728870.1759,409,20.76983,29.78611,47.28584,1,52,461
66fb203c7835ef5c35eb90e3,66fb15827835ef5c35eb2ad9,30/09/2024 16:03:40,2024,9,30,16,3,41,0.929562542720438,0.678525860104808,0.75,0.946039340776183,0,1,0,0,21,0,0,0,0,0,76.9803675856308,75.4605642895117,80.7530189109137,33.0412774360143,0,12:42:05 a.m.,1727728875.18917,420,20.6964,29.80232,47.27106,1,41,438
66fb20427835ef5c35eb9116,66fb15827835ef5c35eb2ad9,30/09/2024 16:03:45,2024,9,30,16,3,46,0.937161084529506,0.717038809144072,0.714285714285714,0.943850267379679,0,1,0,0,20,0,0,0,0,0,77.3610943579984,75.6517742663254,80.3986481354903,33.1233587533897,0,12:42:10 a.m.,1727728880.19259,400,20.76028,29.80595,47.25428,1,34,424
66fb20477835ef5c35eb9149,66fb15827835ef5c35eb2ad9,30/09/2024 16:03:51,2024,9,30,16,3,51,0.943850267379679,0.689542483660131,0.642857142857143,0.943256090314914,0,1,0,0,18,0,0,0,0,0,75.89508530685,73.8256514727103,77.2591460826755,32.1950598421187,0,12:42:15 a.m.,1727728885.1975,410,20.77102,29.8275,47.21251,1,41,439
66fb204c7835ef5c35eb917c,66fb15827835ef5c35eb2ad9,30/09/2024 16:03:56,2024,9,30,16,3,57,0.947046783625731,0.730789473684211,0.714285714285714,0.941077533577534,0,1,0,0,20,0,0,0,0,0,77.8277954501639,76.1046116894801,81.069089390142,33.3319950517319,0,12:42:20 a.m.,1727728890.20223,419,20.73162,29.83894,47.15548,1,42,440
66fb20527835ef5c35eb91b0,66fb15827835ef5c35eb2ad9,30/09/2024 16:04:02,2024,9,30,16,4,2,0.946810207336523,0.724428495481127,0.714285714285714,1,0,1,0,0,20,0,0,0,0,0,62.6597744360902,82.312865497076,78.5057340320498,33.8552441710336,0,12:42:25 a.m.,1727728895.21066,419,20.74117,29.88453,47.15567,1,37,430
66fb20577835ef5c35eb91f2,66fb15827835ef5c35eb2ad9,30/09/2024 16:04:07,2024,9,30,16,4,8,0.95974025974026,0.727648667122351,0.75,1,0,1,0,0,21,0,0,0,0,0,63.8595352016405,83.8373205741627,81.0686944634313,34.3738892686261,0,12:42:30 a.m.,1727728900.21524,414,20.74157,29.88911,47.06001,1,36,428
66fb205d7835ef5c35eb9225,66fb15827835ef5c35eb2ad9,30/09/2024 16:04:13,2024,9,30,16,4,13,1,0.692264752791069,0.714285714285714,1,0,1,0,0,20,0,0,0,0,0,63.2411141490089,82.3066188197767,79.7797903850536,34.0655046707678,0,12:42:35 a.m.,1727728905.22216,413,20.775,29.88129,47.01958,1,36,428
66fb20627835ef5c35eb9258,66fb15827835ef5c35eb2ad9,30/09/2024 16:04:18,2024,9,30,16,4,19,1,0.780435938330675,0.678571428571429,0.993506493506494,0.0274064171123,0.972593582887701,0,0,19,0,0,0.004784688995215,0,0,64.2585826196507,83.0985607959292,78.5186450975925,34.799202775209,0,12:42:40 a.m.,1727728910.22976,417,20.78057,29.9263,47.03941,1,19,400
66fb20687835ef5c35eb928b,66fb15827835ef5c35eb2ad9,30/09/2024 16:04:24,2024,9,30,16,4,24,0.946305156831473,0.722753854332802,0.678571428571429,0.986513486513486,0.005347593582888,0.994652406417112,0,0,19,0,0,0.009569377990431,0,0,61.6630888031817,80.6762608736293,76.3309789625579,33.3949151983208,0,12:42:45 a.m.,1727728915.23464,407,20.78057,29.9324,46.99278,1,24,400
66fb206d7835ef5c35eb92be,66fb15827835ef5c35eb2ad9,30/09/2024 16:04:29,2024,9,30,16,4,30,0.995215311004785,0.71570191074835,0.678571428571429,1,0,1,0,0,19,0,0,0,0,0,62.6041205956067,81.5707774337805,77.7277641519128,33.8948865032456,0,12:42:50 a.m.,1727728920.23811,417,20.81958,29.92382,46.95387,1,30,414
66fb20737835ef5c35eb92f1,66fb15827835ef5c35eb2ad9,30/09/2024 16:04:35,2024,9,30,16,4,35,1,0.737200435729848,0.642857142857143,1,0,1,0,0,18,0,0,0,0,0,62.1294351073763,80.9300108932462,75.9434329287271,33.8005757858699,0,12:42:55 a.m.,1727728925.24145,414,20.83988,29.95167,46.95768,1,29,412
66fb20787835ef5c35eb9324,66fb15827835ef5c35eb2ad9,30/09/2024 16:04:40,2024,9,30,16,4,41,1,0.735937064884433,0.75,1,0,1,0,0,21,0,0,0,0,0,64.7890559732665,84.6484266221108,82.3593706488443,34.8593706488443,0,12:43:00 a.m.,1727728930.24858,413,20.81102,29.94766,46.81864,1,28,409
66fb207e7835ef5c35eb9357,66fb15827835ef5c35eb2ad9,30/09/2024 16:04:45,2024,9,30,16,4,46,0.981556163135111,0.693244474823422,0.75,1,0,1,0,0,21,0,0,0,0,0,63.7797903850535,83.3044543176122,81.3791296422875,34.2480063795853,0,12:43:05 a.m.,1727728935.25294,414,20.79072,29.94862,46.8605,1,29,412
66fb20837835ef5c35eb938a,66fb15827835ef5c35eb2ad9,30/09/2024 16:04:51,2024,9,30,16,4,51,1,0.730994152046784,0.678571428571429,1,0,1,0,0,19,0,0,0,0,0,62.9291979949875,82.0248538011696,78.0242272347536,34.0956558061821,0,12:43:10 a.m.,1727728940.26202,413,20.78794,29.97894,46.85717,1,27,408
66fb20887835ef5c35eb93be,66fb15827835ef5c35eb2ad9,30/09/2024 16:04:56,2024,9,30,16,4,57,1,0.73471557682084,0.678571428571429,1,0,1,0,0,19,0,0,0,0,0,62.9850193665983,82.117889420521,78.0614414824941,34.1328700539227,0,12:43:15 a.m.,1727728945.26563,414,20.79311,29.9818,46.78202,1,23,400
66fb208e7835ef5c35eb93ff,66fb15827835ef5c35eb2ad9,30/09/2024 16:05:02,2024,9,30,16,5,2,1,0.757453273707144,0.678571428571429,1,0,1,0,0,19,0,0,0,0,0,63.3260848198929,82.6863318426786,78.2888184513572,34.3602470227857,0,12:43:20 a.m.,1727728950.27253,416,20.83013,30.02319,46.75703,1,26,405
66fb20937835ef5c35eb9433,66fb15827835ef5c35eb2ad9,30/09/2024 16:05:07,2024,9,30,16,5,8,1,0.763001532351377,0.678571428571429,1,0,1,0,0,19,0,0,0,0,0,63.4093086995564,82.8250383087844,78.3443010377995,34.4157296092281,0,12:43:25 a.m.,1727728955.27974,419,20.78237,30.02243,46.74006,1,29,413
66fb20987835ef5c35eb9466,66fb15827835ef5c35eb2ad9,30/09/2024 16:05:12,2024,9,30,16,5,13,1,0.777558870438127,0.678571428571429,1,0,1,0,0,19,0,0,0,0,0,63.6276687708576,83.1889717609532,78.489874418667,34.5613029900956,0,12:43:30 a.m.,1727728960.28741,416,20.815,30.05066,46.72966,1,30,415
66fb209e7835ef5c35eb9499,66fb15827835ef5c35eb2ad9,30/09/2024 16:05:18,2024,9,30,16,5,18,1,0.784423179160021,0.714285714285714,1,0,1,0,0,20,0,0,0,0,0,64.6234905445432,84.6105794790005,80.7013746487431,34.9870889344574,0,12:43:35 a.m.,1727728965.29307,405,20.815,30.01385,46.63239,1,32,419
66fb20a37835ef5c35eb94cc,66fb15827835ef5c35eb2ad9,30/09/2024 16:05:23,2024,9,30,16,5,24,0.976794518977182,0.70817566792799,0.678571428571429,0.973824786324786,0,1,0,0,19,0,0,0,0,0,61.730182907621,80.4519291409771,77.0998779628811,33.3736640180139,0,12:43:40 a.m.,1727728970.30135,407,20.84943,30.02472,46.59109,1,25,404
66fb20a87835ef5c35eb94ff,66fb15827835ef5c35eb2ad9,30/09/2024 16:05:28,2024,9,30,16,5,29,0.98083466241361,0.756419457735247,0.714285714285714,1,0,1,0,0,20,0,0,0,0,0,63.8201279714438,83.6230063795853,79.8463773069036,34.5153983443457,0,12:43:45 a.m.,1727728975.31191,407,20.90216,30.04894,46.5373,1,32,419
66fb20ad7835ef5c35eb9532,66fb15827835ef5c35eb2ad9,30/09/2024 16:05:33,2024,9,30,16,5,34,0.955451127819549,0.726340852130326,0.75,1,0,1,0,0,21,0,0,0,0,0,63.7541353383459,83.7402882205514,80.9269423558897,34.3179197994988,0,12:43:50 a.m.,1727728980.31895,411,20.91729,30.05371,46.54493,1,31,417
66fb20b37835ef5c35eb9565,66fb15827835ef5c35eb2ad9,30/09/2024 16:05:39,2024,9,30,16,5,39,1,0.631313131313131,0.642857142857143,0.987012987012987,0,1,0,0,18,0,0,0,0,0,60.3463203463203,77.958152958153,74.8845598845599,32.6118326118326,0,12:43:55 a.m.,1727728985.32287,401,20.9555,30.05791,46.48094,1,31,416
66fb20b87835ef5c35eb9598,66fb15827835ef5c35eb2ad9,30/09/2024 16:05:44,2024,9,30,16,5,44,0.995454545454545,0.744125465178097,0.714285714285714,1,0,1,0,0,20,0,0,0,0,0,63.9281157439052,83.5349548112706,80.1620338725602,34.5386572491836,0,12:44:00 a.m.,1727728990.32623,405,20.96823,30.09644,46.49868,1,35,425
66fb20bd7835ef5c35eb95cb,66fb15827835ef5c35eb2ad9,30/09/2024 16:05:49,2024,9,30,16,5,50,1,0.775412014885699,0.714285714285714,1,0,1,0,0,20,0,0,0,0,0,64.4883230804283,84.3853003721425,80.6112630059998,34.8969772917141,0,12:44:05 a.m.,1727728995.33619,407,21.00803,30.07431,46.45576,1,36,427
66fb20c27835ef5c35eb95fe,66fb15827835ef5c35eb2ad9,30/09/2024 16:05:54,2024,9,30,16,5,55,0.980861244019139,0.732589048378522,0.678571428571429,1,0,1,0,0,19,0,0,0,0,0,62.5703463203463,81.7776448697501,77.4660135186451,33.9202172096909,0,12:44:10 a.m.,1727729000.34326,405,21.00843,30.09377,46.42344,1,37,431
66fb20c77835ef5c35eb9631,66fb15827835ef5c35eb2ad9,30/09/2024 16:05:59,2024,9,30,16,5,0,0.990430622009569,0.675518341307815,0.714285714285714,0.987878787878788,0,1,0,0,20,0,0,0,0,0,62.6167122351333,81.4413875598086,79.3252449305081,33.6811346548189,0,12:44:15 a.m.,1727729005.35234,413,21.0148,30.0993,46.40512,1,32,419
66fb20cd7835ef5c35eb9664,66fb15827835ef5c35eb2ad9,30/09/2024 16:06:05,2024,9,30,16,6,5,1,0.656034024455077,0.678571428571429,0.950787284610814,0,1,0,0,19,0,0,0,0,0,61.0666053502741,78.9205327266473,77.2746259588365,32.8539273763732,0,12:44:20 a.m.,1727729010.36017,411,20.98296,30.11398,46.45109,1,37,430
66fb20d27835ef5c35eb9697,66fb15827835ef5c35eb2ad9,30/09/2024 16:06:10,2024,9,30,16,6,10,1,0.690909090909091,0.714285714285714,0.981764069264069,0,1,0,0,20,0,0,0,0,0,62.9472402597403,81.816829004329,79.7662337662338,33.8695887445887,0,12:44:25 a.m.,1727729015.36363,416,21.0333,30.12543,46.44098,1,35,425
66fb20d77835ef5c35eb96ca,66fb15827835ef5c35eb2ad9,30/09/2024 16:06:15,2024,9,30,16,6,16,1,0.702874331550802,0.607142857142857,1,0,1,0,0,17,0,0,0,0,0,60.7216864018335,78.8218582887701,73.4573147440795,33.1001718869366,0,12:44:30 a.m.,1727729020.36784,413,20.99171,30.12981,46.48018,1,34,422
66fb20dc7835ef5c35eb96fd,66fb15827835ef5c35eb2ad9,30/09/2024 16:06:20,2024,9,30,16,6,21,1,0.753119429590018,0.642857142857143,1,0,1,0,0,18,0,0,0,0,0,62.3682200152788,81.3279857397504,76.1026228673287,33.9597657244716,0,12:44:35 a.m.,1727729025.40991,410,20.99171,30.14965,46.43955,1,45,446
66fb20e27835ef5c35eb9730,66fb15827835ef5c35eb2ad9,30/09/2024 16:06:25,2024,9,30,16,6,26,1,0.650983519404572,0.678571428571429,1,0,1,0,0,19,0,0,0,0,0,61.7290385053543,80.0245879851143,77.2241209083314,33.29554947976,0,12:44:40 a.m.,1727729030.41564,410,21.00007,30.15385,46.42439,1,33,422
66fb20e77835ef5c35eb9763,66fb15827835ef5c35eb2ad9,30/09/2024 16:06:31,2024,9,30,16,6,31,1,0.717171717171717,0.642857142857143,1,0,1,0,0,18,0,0,0,0,0,61.8290043290043,80.4292929292929,75.7431457431458,33.6002886002886,0,12:44:45 a.m.,1727729035.42371,413,20.99291,30.15099,46.42267,1,35,426
66fb20ec7835ef5c35eb9796,66fb15827835ef5c35eb2ad9,30/09/2024 16:06:36,2024,9,30,16,6,36,1,0.628920786815524,0.678571428571429,1,0,1,0,0,19,0,0,0,0,0,61.3980975165186,79.4730196703881,77.003493582441,33.0749221538695,0,12:44:50 a.m.,1727729040.43182,414,20.98017,30.16644,46.43641,1,46,449
66fb20f17835ef5c35eb97c9,66fb15827835ef5c35eb2ad9,30/09/2024 16:06:41,2024,9,30,16,6,42,1,0.607655502392345,0.678571428571429,1,0,1,0,0,19,0,0,0,0,0,61.0791182501709,78.9413875598086,76.7908407382092,32.8622693096377,0,12:44:55 a.m.,1727729045.43768,408,20.91609,30.14851,46.3748,1,35,425
66fb20f67835ef5c35eb97fc,66fb15827835ef5c35eb2ad9,30/09/2024 16:06:46,2024,9,30,16,6,47,1,0.591866028708134,0.714285714285714,1,0,1,0,0,20,0,0,0,0,0,61.7351332877649,79.7966507177033,78.7758031442242,33.0615174299385,0,12:45:00 a.m.,1727729050.45189,398,20.88425,30.16281,46.37623,1,35,426
66fb20fc7835ef5c35eb9830,66fb15827835ef5c35eb2ad9,30/09/2024 16:06:52,2024,9,30,16,6,52,1,0.660287081339713,0.678571428571429,1,0,1,0,0,19,0,0,0,0,0,61.8685919343814,80.2571770334928,77.3171565276828,33.3885850991114,0,12:45:05 a.m.,1727729055.46058,414,20.91331,30.19333,46.41304,1,41,437
66fb21017835ef5c35eb9872,66fb15827835ef5c35eb2ad9,30/09/2024 16:06:57,2024,9,30,16,6,58,1,0.631578947368421,0.678571428571429,1,0,1,0,0,19,0,0,0,0,0,61.437969924812,79.5394736842105,77.0300751879699,33.1015037593985,0,12:45:10 a.m.,1727729060.46561,417,20.9547,30.17902,46.35067,1,36,427
66fb21077835ef5c35eb98a5,66fb15827835ef5c35eb2ad9,30/09/2024 16:07:03,2024,9,30,16,7,3,1,0.664805954279638,0.678571428571429,1,0,1,0,0,19,0,0,0,0,0,61.9363750284803,80.370148856991,77.3623452570821,33.4337738285107,0,12:45:15 a.m.,1727729065.47014,408,20.96783,30.17864,46.28515,1,36,428
66fb210c7835ef5c35eb98d8,66fb15827835ef5c35eb2ad9,30/09/2024 16:07:08,2024,9,30,16,7,8,1,0.649122807017544,0.678571428571429,1,0,1,0,0,19,0,0,0,0,0,61.7011278195489,79.9780701754386,77.2055137844612,33.2769423558897,0,12:45:20 a.m.,1727729070.48002,402,20.95191,30.21908,46.30804,1,37,429
66fb21117835ef5c35eb990b,66fb15827835ef5c35eb2ad9,30/09/2024 16:07:13,2024,9,30,16,7,14,1,0.66374269005848,0.678571428571429,1,0,1,0,0,19,0,0,0,0,0,61.9204260651629,80.343567251462,77.3517126148705,33.4231411862991,0,12:45:25 a.m.,1727729075.48847,404,20.88445,30.23071,46.26188,1,38,433
66fb21177835ef5c35eb993e,66fb15827835ef5c35eb2ad9,30/09/2024 16:07:19,2024,9,30,16,7,19,1,0.672385620915033,0.642857142857143,1,0,1,0,0,18,0,0,0,0,0,61.1572128851541,79.3096405228758,75.2952847805789,33.1524276377218,0,12:45:30 a.m.,1727729080.49387,410,20.86057,30.21526,46.22774,1,34,423
66fb211c7835ef5c35eb9971,66fb15827835ef5c35eb2ad9,30/09/2024 16:07:24,2024,9,30,16,7,25,1,0.618607384474258,0.678571428571429,1,0,1,0,0,19,0,0,0,0,0,61.2433964813996,79.2151846118564,76.9003595590283,32.9717881304569,0,12:45:35 a.m.,1727729085.50066,408,20.82953,30.23186,46.27304,1,44,445
66fb21227835ef5c35eb99a4,66fb15827835ef5c35eb2ad9,30/09/2024 16:07:30,2024,9,30,16,7,30,1,0.597222222222222,0.642857142857143,1,0,1,0,0,18,0,0,0,0,0,60.0297619047619,77.4305555555556,74.5436507936508,32.4007936507937,0,12:45:40 a.m.,1727729090.5121,408,20.8359,30.23663,46.24615,1,40,437
66fb21277835ef5c35eb99d7,66fb15827835ef5c35eb2ad9,30/09/2024 16:07:35,2024,9,30,16,7,36,0.994949494949495,0.560590424367514,0.678571428571429,1,0,1,0,0,19,0,0,0,0,0,60.2721319787883,77.6890030334303,76.1686748064457,32.3411134788844,0,12:45:45 a.m.,1727729095.51835,408,20.855,30.25303,46.21925,1,38,431
66fb212d7835ef5c35eb9a0a,66fb15827835ef5c35eb2ad9,30/09/2024 16:07:41,2024,9,30,16,7,41,0.956406166932483,0.557682083997874,0.714285714285714,1,0,1,0,0,20,0,0,0,0,0,60.3504974557606,78.2881446039341,77.1261487050961,32.2837396521607,0,12:45:50 a.m.,1727729100.52405,417,20.89042,30.27973,46.17071,1,40,437
66fb21327835ef5c35eb9a3d,66fb15827835ef5c35eb2ad9,30/09/2024 16:07:46,2024,9,30,16,7,47,0.939332491007132,0.717604272388962,0.785714285714286,1,0,1,0,0,22,0,0,0,0,0,64.1935710488342,84.530094174831,82.4988745969607,34.4265104911038,0,12:45:55 a.m.,1727729105.539,417,20.855,30.23796,46.136,1,49,455
66fb21377835ef5c35eb9a70,66fb15827835ef5c35eb2ad9,30/09/2024 16:07:51,2024,9,30,16,7,52,0.957407089267489,0.666293021485816,0.785714285714286,1,0,1,0,0,22,0,0,0,0,0,63.7853942504942,83.5184318761577,82.52800003574,34.0941439646759,0,12:46:00 a.m.,1727729110.5497,414,20.84943,30.28717,46.17052,1,39,435
66fb213d7835ef5c35eb9aa4,66fb15827835ef5c35eb2ad9,30/09/2024 16:07:57,2024,9,30,16,7,57,0.956348312849861,0.662996841479814,0.714285714285714,0.936796536796537,0,1,0,0,20,0,0,0,0,0,60.9810097882853,79.3400591496567,78.1775606574368,32.7042740541193,0,12:46:05 a.m.,1727729115.55452,416,20.82615,30.29041,46.14468,1,41,438
66fb21427835ef5c35eb9ae5,66fb15827835ef5c35eb2ad9,30/09/2024 16:08:02,2024,9,30,16,8,3,0.99537037037037,0.654239766081871,0.678571428571429,0.988888888888889,0,1,0,0,19,0,0,0,0,0,61.5186229462545,79.7587719298246,77.1177944862155,33.1707045391256,0,12:46:10 a.m.,1727729120.5691,413,20.83013,30.28297,46.16632,1,37,429
66fb21487835ef5c35eb9b19,66fb15827835ef5c35eb2ad9,30/09/2024 16:08:08,2024,9,30,16,8,8,1,0.597877250315331,0.714285714285714,1,0,1,0,0,20,0,0,0,0,0,61.8253016118728,79.9469312578833,78.8359153602962,33.1216296460105,0,12:46:15 a.m.,1727729125.58072,407,20.85838,30.28584,46.15564,1,34,423
66fb214d7835ef5c35eb9b4c,66fb15827835ef5c35eb2ad9,30/09/2024 16:08:13,2024,9,30,16,8,13,1,0.656575429214748,0.678571428571429,1,0,1,0,0,19,0,0,0,0,0,61.8129171525069,80.1643857303687,77.2800400064332,33.3514685778618,0,12:46:20 a.m.,1727729130.58524,413,20.8544,30.3009,46.13037,1,35,426
66fb21527835ef5c35eb9b7f,66fb15827835ef5c35eb2ad9,30/09/2024 16:08:18,2024,9,30,16,8,19,1,0.695187165775401,0.607142857142857,1,0,1,0,0,17,0,0,0,0,0,60.6063789152025,78.629679144385,73.3804430863254,33.0233002291826,0,12:46:25 a.m.,1727729135.5891,417,20.8548,30.31693,46.14944,1,30,414
66fb21587835ef5c35eb9bb2,66fb15827835ef5c35eb2ad9,30/09/2024 16:08:24,2024,9,30,16,8,24,1,0.711935531788473,0.642857142857143,1,0.029786501377411,0.954373278236915,0,0.015840220385675,18,0,0,0,0,0,62.4951240826909,80.2983882947118,75.6907838893133,33.8457917602303,0,12:46:30 a.m.,1727729140.59303,411,20.84644,30.32246,46.17472,1,44,445
66fb215d7835ef5c35eb9be5,66fb15827835ef5c35eb2ad9,30/09/2024 16:08:29,2024,9,30,16,8,30,1,0.596123120300752,0.714285714285714,0.959866680590365,0.097883597883598,0.814649470899471,0,0.087466931216931,20,0,0,0.020833333333333,0,0,63.6440798175996,78.8997450222779,78.8183740601504,33.6815911306043,0,12:46:35 a.m.,1727729145.59735,404,20.90455,30.3339,46.16194,1,36,428
66fb21637835ef5c35eb9c18,66fb15827835ef5c35eb2ad9,30/09/2024 16:08:35,2024,9,30,16,8,35,1,0.729904306220096,0.714285714285714,0.995454545454545,0,1,0,0,20,0,0,0.004545454545455,0,0,63.7375256322625,83.133971291866,80.1561859193438,34.3964456596036,0,12:46:40 a.m.,1727729150.6203,413,20.87311,30.33104,46.07496,1,42,440
66fb21687835ef5c35eb9c4b,66fb15827835ef5c35eb2ad9,30/09/2024 16:08:40,2024,9,30,16,8,40,1,0.743301435406698,0.714285714285714,1,0,1,0,0,20,0,0,0,0,0,64.0066643882433,83.5825358851675,80.2901572112098,34.5758714969241,0,12:46:45 a.m.,1727729155.63565,407,20.89779,30.3709,46.15974,1,34,423
66fb216d7835ef5c35eb9c7e,66fb15827835ef5c35eb2ad9,30/09/2024 16:08:45,2024,9,30,16,8,46,1,0.745454545454545,0.714285714285714,0.930887825624668,0.01780303030303,0.98219696969697,0,0,20,0,0,0.022727272727273,0,0,63.4473541809068,81.9085592769803,80.3116883116883,34.0843111566796,0,12:46:50 a.m.,1727729160.66346,402,20.88505,30.40047,46.09833,1,41,438
66fb21727835ef5c35eb9cb1,66fb15827835ef5c35eb2ad9,30/09/2024 16:08:50,2024,9,30,16,8,51,1,0.642857142857143,0.75,0.863904525127435,0,1,0,0,21,0,0,0.047619047619048,0,0,61.3514250197687,78.9190416996145,81.4285714285714,32.5676166798458,0,12:46:55 a.m.,1727729165.6756,422,20.86037,30.35946,46.06113,1,33,422
66fb21787835ef5c35eb9ce4,66fb15827835ef5c35eb2ad9,30/09/2024 16:08:56,2024,9,30,16,8,56,1,0.658851674641148,0.714285714285714,0.92474591112362,0,1,0,0,20,0,0,0.05,0,0,61.6111066436144,79.5899396441192,79.4456596035544,32.9788330005048,0,12:47:00 a.m.,1727729170.68555,408,20.86356,30.37987,46.04168,1,30,415
66fb217d7835ef5c35eb9d17,66fb15827835ef5c35eb2ad9,30/09/2024 16:09:01,2024,9,30,16,9,2,1,0.642025518341308,0.714285714285714,0.944350627013166,0,1,0,0,20,0,0,0.05,0,0,61.65278503746,79.6594036338618,79.2773980405559,33.0066185964019,0,12:47:05 a.m.,1727729175.68912,414,20.89002,30.39017,46.03729,1,37,430
66fb21837835ef5c35eb9d4a,66fb15827835ef5c35eb2ad9,30/09/2024 16:09:06,2024,9,30,16,9,7,1,0.636124401913876,0.714285714285714,0.931328230592936,0,1,0,0,20,0,0,0.05,0,0,61.368932344745,79.1863158126703,79.2183868762816,32.8173834679253,0,12:47:10 a.m.,1727729180.69337,417,20.89759,30.38235,46.00573,1,38,431
66fb21887835ef5c35eb9d7e,66fb15827835ef5c35eb2ad9,30/09/2024 16:09:12,2024,9,30,16,9,12,1,0.645933014354067,0.678571428571429,0.916816516816517,0,0.995454545454545,0.004545454545455,0,19,0,0,0.052631578947368,0,0,60.4055286818445,77.8187382792646,77.1736158578264,32.4132095974201,0,12:47:15 a.m.,1727729185.69975,405,20.9545,30.37376,46.00134,1,40,436
66fb218d7835ef5c35eb9dbf,66fb15827835ef5c35eb2ad9,30/09/2024 16:09:17,2024,9,30,16,9,18,1,0.712918660287081,0.678571428571429,0.932900432900433,0,1,0,0,19,0,0,0.052631578947368,0,0,61.6515721120984,79.8954773296879,77.8434723171565,33.2439052175894,0,12:47:20 a.m.,1727729190.70728,407,20.96604,30.41744,46.00792,1,44,444
66fb21927835ef5c35eb9df3,66fb15827835ef5c35eb2ad9,30/09/2024 16:09:22,2024,9,30,16,9,23,1,0.663662945241893,0.714285714285714,0.928288378288378,0,1,0,0,20,0,0,0.05,0,0,61.7364127100969,79.7987830882568,79.4937723095618,33.0623703781599,0,12:47:25 a.m.,1727729195.71134,407,20.9342,30.4184,45.96882,1,39,435
66fb21977835ef5c35eb9e26,66fb15827835ef5c35eb2ad9,30/09/2024 16:09:27,2024,9,30,16,9,28,1,0.673232323232323,0.714285714285714,0.921744921744922,0,1,0,0,20,0,0,0.05,0,0,61.7818015318015,79.8744311244311,79.5894660894661,33.0926295926296,0,12:47:30 a.m.,1727729200.7232,419,20.97042,30.39799,46.02528,1,39,434
66fb219d7835ef5c35eb9e59,66fb15827835ef5c35eb2ad9,30/09/2024 16:09:33,2024,9,30,16,9,33,0.970090515545061,0.68365334824665,0.785714285714286,0.919854981619688,0.032618797845367,0.967381202154633,0,0,22,0,0,0.049586776859504,0,0,63.9127623478876,82.1390659798344,83.0821060916755,33.9193192897105,0,12:47:35 a.m.,1727729205.73056,416,20.99868,30.4245,45.96491,1,38,432
66fb21a27835ef5c35eb9e8c,66fb15827835ef5c35eb2ad9,30/09/2024 16:09:38,2024,9,30,16,9,39,0.933200425305689,0.581977671451356,0.714285714285714,0.924775224775225,0.053076820839979,0.946923179160021,0,0,20,0,0,0.05,0,0,60.4493653276548,76.6668287852499,76.6729323308271,32.0731585665796,0,12:47:40 a.m.,1727729210.73563,408,20.97798,30.46494,45.93353,1,27,407
66fb21a87835ef5c35eb9ebf,66fb15827835ef5c35eb2ad9,30/09/2024 16:09:44,2024,9,30,16,9,44,0.92143728304719,0.472245676580042,0.714285714285714,0.924991674991675,0.062516976487565,0.937483023512435,0,0,20,0,0,0.05,0,0,58.8073732038515,73.7524930350008,75.222718114359,30.9547732539219,0,12:47:45 a.m.,1727729215.74009,408,21.00027,30.42545,45.92905,1,27,407
66fb21ad7835ef5c35eb9ef2,66fb15827835ef5c35eb2ad9,30/09/2024 16:09:49,2024,9,30,16,9,49,0.946576090201196,0.465818756094579,0.785714285714286,0.922494172494173,0.059746625923097,0.940253374076903,0,0,22,0,0,0.045454545454546,0,0,60.8927385237898,76.4064645677367,80.1983274098388,31.8034993042733,0,12:47:50 a.m.,1727729220.74378,416,20.99191,30.44567,45.94345,1,42,440
66fb21b27835ef5c35eb9f25,66fb15827835ef5c35eb2ad9,30/09/2024 16:09:54,2024,9,30,16,9,55,0.982664305391578,0.711815696265457,0.785714285714286,0.864527629233512,0.01954711954712,0.98045288045288,0,0,22,0,0,0.045454545454546,0,0,63.4299711218512,81.6485477183479,83.7409432672591,33.6426903615195,0,12:47:55 a.m.,1727729225.7507,410,20.97898,30.44739,45.94202,1,30,413
66fb21b87835ef5c35eb9f58,66fb15827835ef5c35eb2ad9,30/09/2024 16:10:00,2024,9,30,16,10,0,0.96469893742621,0.704157086932207,0.785714285714286,0.878565062388592,0,1,0,0,22,0,0,0.045454545454546,0,0,62.6776681311933,81.5385377944131,83.1253961349655,33.3313537246129,0,12:48:00 a.m.,1727729230.76083,407,20.99828,30.47523,45.90778,1,30,413
66fb21bd7835ef5c35eb9f8b,66fb15827835ef5c35eb2ad9,30/09/2024 16:10:05,2024,9,30,16,10,5,0.95130249867092,0.755103668261563,0.714285714285714,0.964718614718615,0,1,0,0,20,0,0,0.022727272727273,0,0,62.6805270752639,82.2650945545682,78.9472544998861,33.8541049593681,0,12:48:05 a.m.,1727729235.76699,410,20.94614,30.47104,45.92352,1,31,416
66fb21c27835ef5c35eb9fbe,66fb15827835ef5c35eb2ad9,30/09/2024 16:10:10,2024,9,30,16,10,11,1,0.773420479302832,0.642857142857143,0.951404151404151,0,1,0,0,18,0,0,0.037037037037037,0,0,61.9437980320333,80.6206157676746,76.3056333644569,33.6768177356413,0,12:48:10 a.m.,1727729240.77326,399,20.98196,30.49736,45.89481,1,32,419
66fb21c87835ef5c35eb9ff1,66fb15827835ef5c35eb2ad9,30/09/2024 16:10:16,2024,9,30,16,10,16,1,0.803827751196172,0.678571428571429,0.916250416250416,0,1,0,0,19,0,0,0.062200956937799,0,0,62.7654582259845,81.7519541861647,78.7525632262475,33.9864959601802,0,12:48:15 a.m.,1727729245.77919,410,20.9537,30.4987,45.93525,1,36,429
66fb21cd7835ef5c35eba024,66fb15827835ef5c35eb2ad9,30/09/2024 16:10:21,2024,9,30,16,10,22,1,0.799043062200957,0.678571428571429,0.960561497326203,0,1,0,0,19,0,0,0.033492822966507,0,0,63.3583541071931,82.740113988179,78.7047163362953,34.3817598809859,0,12:48:20 a.m.,1727729250.78513,404,20.91669,30.51376,45.82949,1,34,423
66fb21d27835ef5c35eba057,66fb15827835ef5c35eb2ad9,30/09/2024 16:10:26,2024,9,30,16,10,27,0.994652406417112,0.813209494324045,0.678571428571429,0.994318181818182,0,1,0,0,19,0,0,0.004784688995215,0,0,63.9702489847614,83.8579779998124,78.6859528500395,34.8075151113077,0,12:48:25 a.m.,1727729255.79167,415,20.9147,30.49641,45.8107,1,28,409
66fb21d87835ef5c35eba08a,66fb15827835ef5c35eb2ad9,30/09/2024 16:10:32,2024,9,30,16,10,32,1,0.685117102396514,0.642857142857143,1,0,0.833333333333333,0,0,18,0,0,0,0,0,61.3481851073763,79.6279275599129,75.4225995953937,33.2797424525366,0,12:48:30 a.m.,1727729260.797,405,20.94734,30.51605,45.81919,1,45,446
66fb21dd7835ef5c35eba0be,66fb15827835ef5c35eb2ad9,30/09/2024 16:10:37,2024,9,30,16,10,38,1,0.687377450980392,0.607142857142857,1,0,0.75,0,0,17,0,0,0,0,0,60.4892331932773,78.4344362745098,73.3023459383753,32.9452030812325,0,12:48:35 a.m.,1727729265.80084,404,20.97719,30.50804,45.79153,1,34,423
66fb21e37835ef5c35eba100,66fb15827835ef5c35eb2ad9,30/09/2024 16:10:43,2024,9,30,16,10,43,0.985260076252723,0.659313725490196,0.642857142857143,1,0,1,0,0,18,0,0,0,0,0,60.666335978836,78.7617442810458,74.7223681139122,32.8743094460006,0,12:48:40 a.m.,1727729270.8041,407,20.96246,30.50747,45.77684,1,22,400
66fb21ee7835ef5c35eba143,66fb15827835ef5c35eb2ad9,30/09/2024 16:10:54,2024,9,30,16,10,55,0.982954545454546,0.674458874458874,0.571428571428571,1,0,1,0,0,16,0,0,0,0,0,59.0616883116883,76.60579004329,70.5189393939394,32.2884199134199,0,12:48:45 a.m.,1727729275.80773,404,20.96007,30.51605,45.80889,1,29,411
66fb21f47835ef5c35eba176,66fb15827835ef5c35eb2ad9,30/09/2024 16:11:00,2024,9,30,16,11,0,1,0.742105263157895,0.714285714285714,1,0,1,0,0,20,0,0,0,0,0,63.9887218045113,83.5526315789474,80.2781954887218,34.5639097744361,0,12:48:50 a.m.,1727729280.81524,393,20.94913,30.53684,45.81022,1,27,409
66fb21f97835ef5c35eba1a9,66fb15827835ef5c35eb2ad9,30/09/2024 16:11:05,2024,9,30,16,11,5,1,0.772833599149389,0.714285714285714,1,0,1,0,0,20,0,0,0,0,0,64.4496468443837,84.3208399787347,80.5854788486368,34.871193134351,0,12:48:55 a.m.,1727729285.82376,402,20.99171,30.5481,45.76807,1,34,423
66fb21fe7835ef5c35eba1dc,66fb15827835ef5c35eb2ad9,30/09/2024 16:11:10,2024,9,30,16,11,11,1,0.806964380648591,0.714285714285714,1,0,1,0,0,20,0,0,0,0,0,64.9616085668717,85.1741095162148,80.9267866636288,35.2125009493431,0,12:49:00 a.m.,1727729290.83171,410,20.99689,30.51949,45.75272,1,40,435
66fb22037835ef5c35eba20f,66fb15827835ef5c35eb2ad9,30/09/2024 16:11:15,2024,9,30,16,11,16,1,0.819510898458267,0.678571428571429,1,0,1,0,0,19,0,0,0,0,0,64.2569491911597,84.2377724614567,78.9093946988684,34.980823270297,0,12:49:05 a.m.,1727729295.84213,411,20.98893,30.52788,45.74327,1,33,420
66fb22097835ef5c35eba242,66fb15827835ef5c35eb2ad9,30/09/2024 16:11:21,2024,9,30,16,11,21,1,0.768294399099353,0.714285714285714,1,0.028498217468806,0.971501782531194,0,0,20,0,0,0,0,0,65.0940142803533,84.2073599774838,80.5400868481364,35.1107833085387,0,12:49:10 a.m.,1727729300.85084,405,21.00206,30.55267,45.75644,1,32,419
66fb220e7835ef5c35eba275,66fb15827835ef5c35eb2ad9,30/09/2024 16:11:26,2024,9,30,16,11,26,1,0.816520467836257,0.678571428571429,1,0.042934439857815,0.957065560142186,0,0,19,0,0,0,0,0,65.2854537282749,84.1630116959064,78.8794903926483,35.380263362655,0,12:49:15 a.m.,1727729305.85764,386,21.01818,30.52406,45.73383,1,41,438
66fb22137835ef5c35eba2a8,66fb15827835ef5c35eb2ad9,30/09/2024 16:11:31,2024,9,30,16,11,32,1,0.847222222222222,0.642857142857143,1,0,1,0,0,18,0,0,0,0,0,63.7797619047619,83.6805555555556,77.0436507936508,34.9007936507936,0,12:49:20 a.m.,1727729310.86058,389,20.99948,30.55878,45.75024,1,36,428
66fb22197835ef5c35eba2dc,66fb15827835ef5c35eb2ad9,30/09/2024 16:11:37,2024,9,30,16,11,37,1,0.808823529411765,0.642857142857143,1,0,1,0,0,18,0,0,0,0,0,63.203781512605,82.7205882352941,76.6596638655462,34.5168067226891,0,12:49:25 a.m.,1727729315.86501,389,20.92982,30.55973,45.72029,1,29,412
66fb221e7835ef5c35eba31e,66fb15827835ef5c35eb2ad9,30/09/2024 16:11:42,2024,9,30,16,11,43,1,0.786049347968852,0.678571428571429,1,0,1,0,0,19,0,0,0,0,0,63.7550259338185,83.4012336992213,78.5747791939742,34.6462077654028,0,12:49:30 a.m.,1727729320.86892,389,20.92982,30.55878,45.66793,1,34,423
66fb22247835ef5c35eba351,66fb15827835ef5c35eb2ad9,30/09/2024 16:11:48,2024,9,30,16,11,48,0.967224880382775,0.792822966507177,0.714285714285714,1,0,1,0,0,20,0,0,0,0,0,64.093984962406,84.3289473684211,79.8021189336979,34.7433356117567,0,12:49:35 a.m.,1727729325.88069,400,20.894,30.55744,45.66746,1,36,427
66fb22297835ef5c35eba384,66fb15827835ef5c35eb2ad9,30/09/2024 16:11:53,2024,9,30,16,11,53,0.977033492822966,0.789712918660287,0.714285714285714,1,0,1,0,0,20,0,0,0,0,0,64.2435064935065,84.3983253588517,80.0652768284347,34.8103212576897,0,12:49:40 a.m.,1727729330.89954,410,20.84585,30.57632,45.66784,1,38,432
66fb222e7835ef5c35eba3b7,66fb15827835ef5c35eb2ad9,30/09/2024 16:11:58,2024,9,30,16,11,59,1,0.776555023923445,0.714285714285714,0.985380116959064,0,1,0,0,20,0,0,0,0.013636363636364,0,66.9050656945394,87.051720209615,78.0218728639781,34.7622085516822,0,12:49:45 a.m.,1727729335.90511,402,20.80445,30.57308,45.63684,1,40,436
66fb22347835ef5c35eba3ea,66fb15827835ef5c35eb2ad9,30/09/2024 16:12:04,2024,9,30,16,12,4,1,0.787475633528265,0.714285714285714,0.985810113519092,0,1,0,0,20,0,0,0,0.008333333333333,0,67.0185717561879,87.3311853981359,78.6771094402674,34.8757146133307,0,12:49:50 a.m.,1727729340.90949,392,20.78893,30.60131,45.69216,1,45,447
66fb22397835ef5c35eba41d,66fb15827835ef5c35eb2ad9,30/09/2024 16:12:09,2024,9,30,16,12,10,1,0.829059829059829,0.714285714285714,1,0.230769230769231,0.461538461538462,0,0,20,0,0,0,0,0,65.2686202686203,88.5836385836386,81.1721611721612,37.7411477411477,0,12:49:55 a.m.,1727729345.91646,392,20.8148,30.59978,45.6605,1,43,442
66fb223f7835ef5c35eba450,66fb15827835ef5c35eb2ad9,30/09/2024 16:12:15,2024,9,30,16,12,15,1,0.795172930283224,0.642857142857143,0.979473039215687,0,0.833333333333333,0,0,18,0,0,0,0,0,63.103602552132,85.6428474167445,76.9960901027077,34.1750311235605,0,12:50:00 a.m.,1727729350.91948,402,20.83351,30.60818,45.62674,1,40,436
66fb22447835ef5c35eba483,66fb15827835ef5c35eb2ad9,30/09/2024 16:12:20,2024,9,30,16,12,20,1,0.803002450980392,0.642857142857143,0.989814814814815,0,0.666666666666667,0,0,18,0,0,0,0,0,60.7853155150949,85.9937120681606,77.4658613445378,34.3567440865235,0,12:50:05 a.m.,1727729355.92451,395,20.77281,30.58472,45.49837,1,33,421
66fb22497835ef5c35eba4b6,66fb15827835ef5c35eb2ad9,30/09/2024 16:12:25,2024,9,30,16,12,26,0.959266756635178,0.734705353126406,0.714285714285714,0.986425339366516,0,0,0,0,20,0,0,0,0,0,50.6823563433471,84.595493258032,75.1035601825076,33.9468316341381,0,12:50:10 a.m.,1727729360.92757,395,20.80107,30.60627,45.51249,1,23,400
66fb224e7835ef5c35eba4e9,66fb15827835ef5c35eb2ad9,30/09/2024 16:12:30,2024,9,30,16,12,31,0.978508771929824,0.776542254328632,0.714285714285714,1,0.108455882352941,0.474877450980392,0,0,20,0,0,0,0,0,61.4558710911265,86.5185062329025,77.8061944075876,35.7779262289711,0,12:50:15 a.m.,1727729365.93149,398,20.84008,30.62286,45.55845,1,30,415
66fb22547835ef5c35eba51c,66fb15827835ef5c35eb2ad9,30/09/2024 16:12:36,2024,9,30,16,12,36,1,0.787878787878788,0.642857142857143,1,0.060583778966132,0.939416221033868,0,0,18,0,0,0,0,0,66.341768525592,85.7683982683983,76.5584415584416,34.9131970970206,0,12:50:20 a.m.,1727729370.93474,402,20.84644,30.62286,45.53738,1,36,427
66fb22597835ef5c35eba54f,66fb15827835ef5c35eb2ad9,30/09/2024 16:12:41,2024,9,30,16,12,41,1,0.764752791068581,0.678571428571429,0.988636363636364,0.06095513963161,0.933697266785502,0.005347593582888,0,19,0,0,0,0,0,66.6346576110508,85.9126509455457,76.2423103212577,34.9291572290798,0,12:50:25 a.m.,1727729375.94017,395,20.89102,30.64861,45.52879,1,32,418
66fb225f7835ef5c35eba582,66fb15827835ef5c35eb2ad9,30/09/2024 16:12:46,2024,9,30,16,12,47,0.95906432748538,0.841130604288499,0.678571428571429,1,0.005555555555556,0.994444444444444,0,0,19,0,0,0,0,0,66.2195767195767,86.5598022834865,80.4156223893066,34.8432191590086,0,12:50:30 a.m.,1727729380.94563,395,20.93082,30.64861,45.53852,1,40,435
66fb22647835ef5c35eba5b6,66fb15827835ef5c35eb2ad9,30/09/2024 16:12:52,2024,9,30,16,12,52,0.972222222222222,0.810185185185185,0.642857142857143,1,0.027874902874903,0.972125097125097,0,0,18,0,0,0,0,0,65.6821881821882,85.353835978836,77.6190476190476,34.5313945313945,0,12:50:35 a.m.,1727729385.95562,400,20.96584,30.66502,45.54243,1,37,430
66fb22697835ef5c35eba5e9,66fb15827835ef5c35eb2ad9,30/09/2024 16:12:57,2024,9,30,16,12,58,1,0.787878787878788,0.642857142857143,1,0.07110162564708,0.92889837435292,0,0,18,0,0,0,0,0,64.6671510307874,82.1969696969697,76.4502164502165,35.0183755638301,0,12:50:40 a.m.,1727729390.9661,398,20.96147,30.64651,45.47377,1,24,402
66fb226e7835ef5c35eba629,66fb15827835ef5c35eb2ad9,30/09/2024 16:13:02,2024,9,30,16,13,3,1,0.777511961722488,0.714285714285714,1,0.241593633639088,0.758406366360912,0,0,20,0,0,0,0,0,70.5596631239574,84.4377990430622,80.6322624743678,37.3339130964729,0,12:50:45 a.m.,1727729395.98385,395,20.96863,30.69267,45.48874,1,32,419
66fb22747835ef5c35eba65e,66fb15827835ef5c35eb2ad9,30/09/2024 16:13:08,2024,9,30,16,13,8,1,0.808612440191387,0.714285714285714,0.995454545454545,0.236888601594484,0.763111398405516,0,0,20,0,0,0,0,0,70.8403626816939,85.1016746411483,80.9432672590567,37.5524130152613,0,12:50:50 a.m.,1727729400.98743,395,20.96266,30.72186,45.48788,1,39,435
66fb22797835ef5c35eba691,66fb15827835ef5c35eb2ad9,30/09/2024 16:13:13,2024,9,30,16,13,13,1,0.752811515969411,0.678571428571429,1,1,0,0,0,19,0,0,0,0,0,88.2564584538269,82.5702878992353,78.2424008739798,44.3138294454084,0,12:50:55 a.m.,1727729405.99243,397,20.97659,30.67398,45.41302,1,43,442
66fb227e7835ef5c35eba6c4,66fb15827835ef5c35eb2ad9,30/09/2024 16:13:18,2024,9,30,16,13,18,1,0.766531713900135,0.714285714285714,0.963243894048848,0.153846153846154,0.307692307692308,0,0,20,0,0,0,0,0,67.6499308225314,83.2443901987246,80.5224599961442,35.9790747608085,0,12:51:00 a.m.,1727729410.99972,393,20.9352,30.65758,45.37363,1,34,423
66fb22837835ef5c35eba6f7,66fb15827835ef5c35eb2ad9,30/09/2024 16:13:23,2024,9,30,16,13,24,1,0.770944741532977,0.714285714285714,0.926497169840823,0,1,0,0,20,0,0,0,0.036363636363636,0,63.3187715277499,82.436047784345,80.5665902724726,34.1172762565951,0,12:51:05 a.m.,1727729416.00453,392,20.93281,30.67913,45.38622,1,29,411
66fb22897835ef5c35eba72a,66fb15827835ef5c35eb2ad9,30/09/2024 16:13:29,2024,9,30,16,13,29,1,0.851851851851852,0.678571428571429,0.995614035087719,0,0.916666666666667,0,0,19,0,0,0,0.004385964912281,0,64.6762740183793,84.9366471734893,79.2328042328042,35.26037315511,0,12:51:10 a.m.,1727729421.0111,385,20.94555,30.69878,45.39061,1,41,439
66fb228e7835ef5c35eba75d,66fb15827835ef5c35eb2ad9,30/09/2024 16:13:34,2024,9,30,16,13,34,1,0.833333333333333,0.642857142857143,0.98525641025641,0,0.384615384615385,0,0,18,0,0,0,0.012820512820513,0,63.3502747252747,82.9647435897436,76.9047619047619,34.6144688644689,0,12:51:15 a.m.,1727729426.02011,395,20.92724,30.71079,45.35322,1,40,436
66fb22937835ef5c35eba790,66fb15827835ef5c35eb2ad9,30/09/2024 16:13:39,2024,9,30,16,13,40,1,0.800925925925926,0.642857142857143,1,0,1,0,0,18,0,0,0,0,0,63.0853174603175,82.5231481481482,76.5806878306878,34.4378306878307,0,12:51:20 a.m.,1727729431.02596,396,20.91888,30.70507,45.32366,1,42,441
66fb22997835ef5c35eba7c3,66fb15827835ef5c35eb2ad9,30/09/2024 16:13:45,2024,9,30,16,13,45,1,0.785288384359592,0.678571428571429,1,0,0.583333333333333,0,0,19,0,0,0,0,0,63.7436114796796,83.3822096089898,78.5671695578816,34.6385981293102,0,12:51:25 a.m.,1727729436.03816,395,20.9157,30.68771,45.2837,1,36,427
66fb229e7835ef5c35eba7f6,66fb15827835ef5c35eb2ad9,30/09/2024 16:13:50,2024,9,30,16,13,51,1,0.763157894736842,0.678571428571429,1,0,0.5,0,0,19,0,0,0,0,0,63.4116541353384,82.8289473684211,78.3458646616541,34.4172932330827,0,12:51:30 a.m.,1727729441.04376,390,20.95291,30.70145,45.31279,1,27,407
66fb22a37835ef5c35eba829,66fb15827835ef5c35eb2ad9,30/09/2024 16:13:55,2024,9,30,16,13,56,1,0.781376518218624,0.678571428571429,1,0,0.307692307692308,0,0,19,0,0,0,0,0,63.6849334875651,83.2844129554656,78.5280508964719,34.5994794679005,0,12:51:35 a.m.,1727729446.0505,395,20.92027,30.7209,45.33195,1,34,423
66fb22a97835ef5c35eba85c,66fb15827835ef5c35eb2ad9,30/09/2024 16:14:01,2024,9,30,16,14,1,1,0.808612440191387,0.714285714285714,1,0,1,0,0,20,0,0,0,0,0,64.9863294600137,85.2153110047847,80.9432672590567,35.228981544771,0,12:51:40 a.m.,1727729451.05579,396,20.89997,30.72567,45.33253,1,42,441
66fb22ae7835ef5c35eba88f,66fb15827835ef5c35eb2ad9,30/09/2024 16:14:06,2024,9,30,16,14,6,1,0.746411483253589,0.678571428571429,1,0,1,0,0,19,0,0,0,0,0,63.1604579630895,82.4102870813397,78.1784005468216,34.2498291182502,0,12:51:45 a.m.,1727729456.05943,393,20.88923,30.73387,45.29247,1,38,432
66fb22b37835ef5c35eba8c2,66fb15827835ef5c35eb2ad9,30/09/2024 16:14:11,2024,9,30,16,14,12,1,0.710526315789474,0.714285714285714,1,0,1,0,0,20,0,0,0,0,0,63.515037593985,82.7631578947369,79.9624060150376,34.2481203007519,0,12:51:50 a.m.,1727729460.06841,394,20.90555,30.71709,45.22657,1,43,443
66fb22b97835ef5c35eba8f5,66fb15827835ef5c35eb2ad9,30/09/2024 16:14:17,2024,9,30,16,14,17,1,0.74561403508772,0.75,0.955137844611529,0,1,0,0,21,0,0,0.01984126984127,0,0,64.2612781954887,83.7687969924812,82.4561403508772,34.5075187969925,0,12:51:55 a.m.,1727729465.07763,402,20.896,30.75485,45.1829,1,33,421
66fb22be7835ef5c35eba929,66fb15827835ef5c35eb2ad9,30/09/2024 16:14:22,2024,9,30,16,14,23,1,0.767676767676768,0.714285714285714,0.95496137849079,0,1,0,0,20,0,0,0.027272727272727,0,0,63.6967150496562,83.065953654189,80.5339105339105,34.3692386045327,0,12:52:00 a.m.,1727729470.08653,402,20.8745,30.75562,45.1479,1,37,430
66fb22c47835ef5c35eba96b,66fb15827835ef5c35eb2ad9,30/09/2024 16:14:27,2024,9,30,16,14,28,1,0.784688995215311,0.714285714285714,0.933465459549051,0,1,0,0,20,0,0,0.05,0,0,63.6294596786083,82.953861369109,80.704032809296,34.3244016905008,0,12:52:05 a.m.,1727729475.0901,398,20.88923,30.7354,45.13941,1,36,426
66fb22c97835ef5c35eba99e,66fb15827835ef5c35eb2ad9,30/09/2024 16:14:33,2024,9,30,16,14,33,1,0.766267942583732,0.821428571428571,0.915338719156681,0.010010822510823,0.989989177489177,0,0,23,0,0,0.043478260869565,0,0,66.010084774591,85.7901665435103,86.9483937115516,35.1304605567981,0,12:52:10 a.m.,1727729480.09676,393,20.90973,30.73387,45.11518,1,26,406
66fb22ce7835ef5c35eba9d1,66fb15827835ef5c35eb2ad9,30/09/2024 16:14:38,2024,9,30,16,14,39,1,0.764331282752335,0.785714285714286,0.935462278285245,0,1,0,0,22,0,0,0.037190082644628,0,0,65.1397605584208,84.9948390259395,84.7861699703805,34.8550784675187,0,12:52:15 a.m.,1727729485.10187,401,20.91609,30.75905,45.12367,1,34,423
66fb22d47835ef5c35ebaa04,66fb15827835ef5c35eb2ad9,30/09/2024 16:14:44,2024,9,30,16,14,44,1,0.770353915090757,0.785714285714286,0.911603388636882,0,1,0,0,22,0,0,0.041322314049587,0,0,64.8722166987717,84.548932593191,84.8463962937647,34.6767158944192,0,12:52:20 a.m.,1727729490.10628,392,20.88923,30.74856,45.08944,1,34,422
66fb22d97835ef5c35ebaa37,66fb15827835ef5c35eb2ad9,30/09/2024 16:14:49,2024,9,30,16,14,49,1,0.760526315789474,0.714285714285714,0.975221252775432,0,1,0,0,20,0,0,0,0,0,63.8933563856164,83.3936892141227,80.4624060150376,34.5003328285062,0,12:52:25 a.m.,1727729495.11732,395,20.96903,30.73692,45.04747,1,36,427
66fb22de7835ef5c35ebaa6a,66fb15827835ef5c35eb2ad9,30/09/2024 16:14:54,2024,9,30,16,14,55,1,0.773684210526316,0.714285714285714,1,0,1,0,0,20,0,0,0,0,0,64.4624060150376,84.3421052631579,80.593984962406,34.8796992481203,0,12:52:30 a.m.,1727729500.12182,380,21.00843,30.77354,45.02106,1,35,425
66fb22e47835ef5c35ebaa9d,66fb15827835ef5c35eb2ad9,30/09/2024 16:15:00,2024,9,30,16,15,0,1,0.855263157894737,0.678571428571429,1,0,1,0,0,19,0,0,0,0,0,64.7932330827068,85.1315789473684,79.2669172932331,35.3383458646617,0,12:52:35 a.m.,1727729505.13341,373,21.0339,30.78117,45.0182,1,29,412
66fb22e97835ef5c35ebaad0,66fb15827835ef5c35eb2ad9,30/09/2024 16:15:05,2024,9,30,16,15,6,1,0.808612440191387,0.678571428571429,1,0,1,0,0,19,0,0,0,0,0,64.0934723171565,83.9653110047847,78.8004101161996,34.8718386876282,0,12:52:40 a.m.,1727729510.14032,377,21.02156,30.75237,44.96784,1,30,415
66fb22ef7835ef5c35ebab03,66fb15827835ef5c35eb2ad9,30/09/2024 16:15:10,2024,9,30,16,15,11,1,0.755980861244019,0.678571428571429,1,0,1,0,0,19,0,0,0,0,0,63.303998632946,82.6495215311005,78.2740943267259,34.3455228981545,0,12:52:45 a.m.,1727729515.14765,401,20.99649,30.77183,44.94648,1,28,410
66fb22f47835ef5c35ebab36,66fb15827835ef5c35eb2ad9,30/09/2024 16:15:16,2024,9,30,16,15,16,1,0.741626794258373,0.678571428571429,1,0,1,0,0,19,0,0,0,0,0,63.0886876281613,82.2906698564593,78.1305536568695,34.201982228298,0,12:52:50 a.m.,1727729520.15598,398,21.01798,30.7642,44.89002,1,26,406
66fb22f97835ef5c35ebab69,66fb15827835ef5c35eb2ad9,30/09/2024 16:15:21,2024,9,30,16,15,21,1,0.717703349282297,0.678571428571429,1,0,1,0,0,19,0,0,0,0,0,62.7298359535202,81.6925837320574,77.8913192071087,33.9627477785373,0,12:52:55 a.m.,1727729525.16788,389,21.00365,30.7497,44.91768,1,23,400
66fb22fe7835ef5c35ebab9c,66fb15827835ef5c35eb2ad9,30/09/2024 16:15:26,2024,9,30,16,15,27,1,0.712918660287081,0.678571428571429,1,0,1,0,0,19,0,0,0,0,0,62.6580656185919,81.572966507177,77.8434723171565,33.9149008885851,0,12:53:00 a.m.,1727729530.17567,389,20.97241,30.79929,44.91282,1,18,400
66fb23047835ef5c35ebabcf,66fb15827835ef5c35eb2ad9,30/09/2024 16:15:32,2024,9,30,16,15,32,1,0.754385964912281,0.678571428571429,1,0,1,0,0,19,0,0,0,0,0,63.2800751879699,82.609649122807,78.2581453634085,34.3295739348371,0,12:53:05 a.m.,1727729535.17786,392,20.95331,30.78232,44.91739,1,35,425
66fb23097835ef5c35ebac03,66fb15827835ef5c35eb2ad9,30/09/2024 16:15:37,2024,9,30,16,15,38,1,0.75219298245614,0.714285714285714,1,0,1,0,0,20,0,0,0,0,0,64.140037593985,83.8048245614035,80.3790726817043,34.6647869674185,0,12:53:10 a.m.,1727729540.1892,391,20.95769,30.77831,44.93942,1,29,411
66fb230e7835ef5c35ebac44,66fb15827835ef5c35eb2ad9,30/09/2024 16:15:42,2024,9,30,16,15,43,1,0.796411483253589,0.714285714285714,1,0,1,0,0,20,0,0,0,0,0,64.8033151059467,84.9102870813397,80.8212576896787,35.106971975393,0,12:53:15 a.m.,1727729545.19627,392,20.90137,30.78251,44.91959,1,36,428
66fb23147835ef5c35ebac78,66fb15827835ef5c35eb2ad9,30/09/2024 16:15:48,2024,9,30,16,15,48,0.986363636363637,0.802153110047847,0.714285714285714,1,0,1,0,0,20,0,0,0,0,0,64.6167122351333,84.8492822966507,80.4695830485304,35.028024606972,0,12:53:20 a.m.,1727729550.2007,399,20.84764,30.79185,44.92168,1,37,430
66fb23197835ef5c35ebacab,66fb15827835ef5c35eb2ad9,30/09/2024 16:15:53,2024,9,30,16,15,54,1,0.812599681020734,0.678571428571429,1,0,1,0,0,19,0,0,0,0,0,64.1532809295967,84.0649920255183,78.8402825244931,34.9117110959216,0,12:53:25 a.m.,1727729555.21151,398,20.87371,30.78785,44.90404,1,31,417
66fb231e7835ef5c35ebacde,66fb15827835ef5c35eb2ad9,30/09/2024 16:15:58,2024,9,30,16,15,59,0.985645933014354,0.769537480063796,0.678571428571429,1,0,1,0,0,19,0,0,0,0,0,63.2202665755297,82.7731259968102,77.9790385053543,34.3375484164958,0,12:53:30 a.m.,1727729560.217,386,20.87052,30.79987,44.93752,1,37,429
66fb23247835ef5c35ebad11,66fb15827835ef5c35eb2ad9,30/09/2024 16:16:04,2024,9,30,16,16,4,0.947102604997342,0.773258904837852,0.678571428571429,1,0,1,0,0,19,0,0,0,0,0,62.5052213868003,82.2880116959064,76.8599529125845,33.9893293840662,0,12:53:35 a.m.,1727729565.23557,385,20.87012,30.77183,44.89775,1,28,411
66fb23297835ef5c35ebad44,66fb15827835ef5c35eb2ad9,30/09/2024 16:16:09,2024,9,30,16,16,9,0.946012759170654,0.788569909622541,0.714285714285714,1,0,1,0,0,20,0,0,0,0,0,63.6059466848941,83.9044391281233,79.1232247284879,34.4886838307891,0,12:53:40 a.m.,1727729570.25131,387,20.88286,30.80959,44.89994,1,25,404
66fb232e7835ef5c35ebad77,66fb15827835ef5c35eb2ad9,30/09/2024 16:16:14,2024,9,30,16,16,15,0.960893767395315,0.771570191074835,0.714285714285714,1,0,1,0,0,20,0,0,0,0,0,63.6485710711717,83.7026612878006,79.3996577897507,34.4674967275587,0,12:53:45 a.m.,1727729575.25878,391,20.92007,30.80864,44.90662,1,25,402
66fb23337835ef5c35ebadaa,66fb15827835ef5c35eb2ad9,30/09/2024 16:16:19,2024,9,30,16,16,20,1,0.868640350877193,0.714285714285714,1,0,0.75,0,0,20,0,0,0,0,0,65.8867481203008,86.7160087719298,81.5435463659148,35.8292606516291,0,12:53:50 a.m.,1727729580.2675,398,20.93599,30.83496,44.82918,1,29,413
66fb23397835ef5c35ebaddd,66fb15827835ef5c35eb2ad9,30/09/2024 16:16:25,2024,9,30,16,16,25,1,0.841307814992025,0.678571428571429,1,0,0.989304812834225,0.010695187165775,0,19,0,0,0,0,0,64.5839029391661,84.7826953748006,79.127363864206,35.1987924356345,0,12:53:55 a.m.,1727729585.27256,396,20.95271,30.81474,44.87906,1,31,417
66fb233e7835ef5c35ebae10,66fb15827835ef5c35eb2ad9,30/09/2024 16:16:30,2024,9,30,16,16,30,1,0.813689526847421,0.714285714285714,1,0,1,0,0,20,0,0,0,0,0,65.0624857598542,85.3422381711856,80.9940381256171,35.2797524113314,0,12:54:00 a.m.,1727729590.29162,398,20.95828,30.84469,44.87896,1,32,419
66fb23437835ef5c35ebae43,66fb15827835ef5c35eb2ad9,30/09/2024 16:16:35,2024,9,30,16,16,36,1,0.801699919733975,0.678571428571429,1,0,0.75,0,0,19,0,0,0,0,0,63.9897845102953,83.7924979933494,78.7312849116255,34.802713483054,0,12:54:05 a.m.,1727729595.30166,392,20.99589,30.83,44.87276,1,33,421
66fb23497835ef5c35ebae76,66fb15827835ef5c35eb2ad9,30/09/2024 16:16:41,2024,9,30,16,16,41,1,0.796439628482972,0.678571428571429,0.995098039215687,0,0.75,0,0,19,0,0,0,0.004385964912281,0,63.8373507297656,83.5384416924665,78.6786819991154,34.7010909627009,0,12:54:10 a.m.,1727729600.30877,392,21.0337,30.82676,44.85149,1,38,432
66fb234e7835ef5c35ebaea9,66fb15827835ef5c35eb2ad9,30/09/2024 16:16:46,2024,9,30,16,16,46,1,0.850312724770929,0.714285714285714,1,0,1,0,0,20,0,0,0,0,0,65.6118337287068,86.2578181192732,81.3602701048521,35.6459843905664,0,12:54:15 a.m.,1727729605.31637,392,21.00962,30.85804,44.83728,1,38,432
66fb23537835ef5c35ebaedc,66fb15827835ef5c35eb2ad9,30/09/2024 16:16:51,2024,9,30,16,16,52,1,0.836622807017544,0.714285714285714,1,0,1,0,0,20,0,0,0,0,0,65.406484962406,85.9155701754386,81.2233709273183,35.5090852130326,0,12:54:20 a.m.,1727729610.32355,395,21.05102,30.86414,44.75155,1,30,414
66fb23597835ef5c35ebaf0f,66fb15827835ef5c35eb2ad9,30/09/2024 16:16:57,2024,9,30,16,16,57,1,0.85453216374269,0.678571428571429,1,0,1,0,0,19,0,0,0,0,0,64.7822681704261,85.1133040935673,79.2596073517126,35.3310359231412,0,12:54:25 a.m.,1727729615.32628,383,21.09241,30.87521,44.71359,1,33,420
66fb235e7835ef5c35ebaf43,66fb15827835ef5c35eb2ad9,30/09/2024 16:17:02,2024,9,30,16,17,3,1,0.854873294346978,0.714285714285714,1,0,0.833333333333333,0,0,20,0,0,0,0,0,65.6802422723475,86.3718323586745,81.4058758006126,35.6915900863269,0,12:54:30 a.m.,1727729620.33231,392,21.10514,30.8918,44.72046,1,37,430
66fb23647835ef5c35ebaf85,66fb15827835ef5c35eb2ad9,30/09/2024 16:17:08,2024,9,30,16,17,8,1,0.813247863247863,0.714285714285714,1,0,0.615384615384615,0,0,20,0,0,0,0,0,65.0558608058608,85.3311965811966,80.9896214896215,35.2753357753358,0,12:54:35 a.m.,1727729625.33573,389,21.08903,30.87559,44.67907,1,37,429
66fb23697835ef5c35ebafb8,66fb15827835ef5c35eb2ad9,30/09/2024 16:17:13,2024,9,30,16,17,14,0.986363636363637,0.811961722488038,0.714285714285714,1,0,1,0,0,20,0,0,0,0,0,64.7638414217362,85.0944976076555,80.5676691729323,35.1261107313739,0,12:54:40 a.m.,1727729630.34046,392,21.04604,30.87406,44.68069,1,37,429
66fb236e7835ef5c35ebafeb,66fb15827835ef5c35eb2ad9,30/09/2024 16:17:18,2024,9,30,16,17,19,1,0.822966507177033,0.678571428571429,1,0,1,0,0,19,0,0,0,0,0,64.3087833219412,84.3241626794258,78.9439507860561,35.0153793574846,0,12:54:45 a.m.,1727729635.34478,398,21.04206,30.86662,44.6888,1,43,442
66fb23747835ef5c35ebb01e,66fb15827835ef5c35eb2ad9,30/09/2024 16:17:24,2024,9,30,16,17,24,1,0.800925925925926,0.678571428571429,1,0,1,0,0,19,0,0,0,0,0,63.9781746031746,83.7731481481482,78.723544973545,34.7949735449736,0,12:54:50 a.m.,1727729640.35038,387,21.02853,30.86052,44.72103,1,53,463
66fb23797835ef5c35ebb051,66fb15827835ef5c35eb2ad9,30/09/2024 16:17:29,2024,9,30,16,17,30,1,0.822966507177033,0.678571428571429,1,0,1,0,0,19,0,0,0,0,0,64.3087833219412,84.3241626794258,78.9439507860561,35.0153793574846,0,12:54:55 a.m.,1727729645.35943,388,20.98654,30.89943,44.70892,1,46,450
66fb237f7835ef5c35ebb084,66fb15827835ef5c35eb2ad9,30/09/2024 16:17:35,2024,9,30,16,17,35,1,0.795272904483431,0.714285714285714,1,0,1,0,0,20,0,0,0,0,0,64.7862364243943,84.8818226120858,80.8098719019772,35.0955861876915,0,12:55:00 a.m.,1727729650.36608,395,20.96385,30.89008,44.75536,1,45,446
66fb23847835ef5c35ebb0b7,66fb15827835ef5c35eb2ad9,30/09/2024 16:17:40,2024,9,30,16,17,41,1,0.83187134502924,0.678571428571429,1,0,1,0,0,19,0,0,0,0,0,64.4423558897243,84.546783625731,79.0329991645781,35.1044277360067,0,12:55:05 a.m.,1727729655.37025,388,20.93321,30.8979,44.78779,1,40,435
66fb238a7835ef5c35ebb0ea,66fb15827835ef5c35eb2ad9,30/09/2024 16:17:46,2024,9,30,16,17,46,1,0.796881091617934,0.714285714285714,0.985294117647059,0,0.916666666666667,0,0,20,0,0.0125,0,0,0,64.5897709961178,84.5543802316248,80.8259537733222,34.9646092355071,0,12:55:10 a.m.,1727729660.37892,395,20.90774,30.89809,44.76604,1,45,446
66fb238f7835ef5c35ebb11d,66fb15827835ef5c35eb2ad9,30/09/2024 16:17:51,2024,9,30,16,17,51,1,0.743822122150296,0.714285714285714,1,0,1,0,0,20,0,0,0,0,0,64.0144746893973,83.5955530537574,80.2953640786458,34.5810783643601,0,12:55:15 a.m.,1727729665.38442,394,20.9141,30.89008,44.74173,1,39,435
66fb23997835ef5c35ebb160,66fb15827835ef5c35eb2ad9,30/09/2024 16:18:01,2024,9,30,16,18,2,1,0.719298245614035,0.678571428571429,0.993827160493827,0.006535947712418,0.875458662997363,0.118005389290219,0,19,0,0,0.005847953216374,0,0,62.8245654987141,81.5781351526966,77.9072681704261,33.9823278239171,0,12:55:20 a.m.,1727729670.39022,382,20.91092,30.88951,44.72723,1,46,449
66fb239f7835ef5c35ebb193,66fb15827835ef5c35eb2ad9,30/09/2024 16:18:07,2024,9,30,16,18,7,1,0.754540763673891,0.678571428571429,1,0,0.809028944911298,0.190971055088702,0,19,0,0,0,0,0,63.2823971693941,82.6135190918473,78.2596933510246,34.3311219224532,0,12:55:25 a.m.,1727729675.39718,386,20.85998,30.88455,44.70892,1,39,435
66fb23a47835ef5c35ebb1c7,66fb15827835ef5c35eb2ad9,30/09/2024 16:18:12,2024,9,30,16,18,13,1,0.741176470588235,0.607142857142857,1,0,0.945130718954249,0.054869281045752,0,17,0,0,0,0,0,61.296218487395,79.7794117647059,73.8403361344538,33.4831932773109,0,12:55:30 a.m.,1727729680.40621,400,20.86197,30.86224,44.697,1,41,439
66fb23aa7835ef5c35ebb209,66fb15827835ef5c35eb2ad9,30/09/2024 16:18:18,2024,9,30,16,18,18,1,0.669934640522876,0.642857142857143,0.965079365079365,0,0.577380952380953,0.422619047619048,0,18,0,0,0.027777777777778,0,0,60.5966386554622,78.375350140056,75.2707749766573,32.7787114845938,0,12:55:35 a.m.,1727729685.41484,387,20.84286,30.89657,44.72914,1,38,432
66fb23af7835ef5c35ebb23c,66fb15827835ef5c35eb2ad9,30/09/2024 16:18:23,2024,9,30,16,18,24,1,0.717171717171717,0.642857142857143,0.928871128871129,0,1,0,0,18,0,0,0.055555555555556,0,0,60.7620712620713,78.6510711510712,75.7431457431458,32.8889998889999,0,12:55:40 a.m.,1727729690.42024,386,20.85958,30.896,44.68355,1,34,423
66fb23b57835ef5c35ebb26f,66fb15827835ef5c35eb2ad9,30/09/2024 16:18:29,2024,9,30,16,18,29,1,0.712121212121212,0.642857142857143,0.925574425574426,0,1,0,0,18,0,0,0.055555555555556,0,0,60.6368631368631,78.442390942391,75.6926406926407,32.8055278055278,0,12:55:45 a.m.,1727729695.43558,397,20.84406,30.91087,44.69976,1,29,413
66fb23ba7835ef5c35ebb2a2,66fb15827835ef5c35eb2ad9,30/09/2024 16:18:34,2024,9,30,16,18,35,1,0.699096225412015,0.678571428571429,0.925191475191475,0,1,0,0,19,0,0,0.052631578947368,0,0,61.3286012233381,79.3571925150873,77.7052479684059,33.0285912917492,0,12:55:50 a.m.,1727729700.44108,392,20.85401,30.91278,44.70825,1,35,425
66fb23c07835ef5c35ebb2d5,66fb15827835ef5c35eb2ad9,30/09/2024 16:18:40,2024,9,30,16,18,41,1,0.841269841269841,0.642857142857143,0.925850340136055,0,1,0,0,18,0,0,0.055555555555556,0,0,62.578231292517,81.6780045351474,76.984126984127,34.0997732426304,0,12:55:55 a.m.,1727729705.46567,386,20.85082,30.92461,44.62624,1,31,417
66fb23c67835ef5c35ebb308,66fb15827835ef5c35eb2ad9,30/09/2024 16:18:46,2024,9,30,16,18,46,1,0.790878339639949,0.678571428571429,0.959760378510378,0.005555555555556,0.994444444444444,0,0,19,0,0,0.026315789473684,0.004385964912281,0,63.3627553754295,82.5159679537582,78.6230691106852,34.3476570227731,0,12:56:00 a.m.,1727729710.47436,395,20.83729,30.92861,44.6579,1,33,421
66fb23cb7835ef5c35ebb33b,66fb15827835ef5c35eb2ad9,30/09/2024 16:18:51,2024,9,30,16,18,52,1,0.760765550239234,0.678571428571429,1,0,1,0,0,19,0,0,0,0,0,63.3757689678742,82.7691387559809,78.3219412166781,34.3933697881066,0,12:56:05 a.m.,1727729715.48808,389,20.8158,30.93376,44.63692,1,34,422
66fb23d17835ef5c35ebb36e,66fb15827835ef5c35eb2ad9,30/09/2024 16:18:56,2024,9,30,16,18,57,1,0.751218323586745,0.678571428571429,1,0,1,0,0,19,0,0,0,0,0,63.2325605680869,82.5304580896686,78.2264689501532,34.2978975215817,0,12:56:10 a.m.,1727729720.49653,385,20.81839,30.93014,44.60478,1,28,410
66fb23d67835ef5c35ebb3a1,66fb15827835ef5c35eb2ad9,30/09/2024 16:19:02,2024,9,30,16,19,2,1,0.708261667239995,0.678571428571429,1,0,1,0,0,19,0,0,0,0,0,62.5882107228856,81.4565416809999,77.7969023866857,33.8683309581142,0,12:56:15 a.m.,1727729725.5025,391,20.84704,30.94635,44.59095,1,34,424
66fb23db7835ef5c35ebb3d5,66fb15827835ef5c35eb2ad9,30/09/2024 16:19:07,2024,9,30,16,19,8,1,0.68468352253182,0.678571428571429,1,0.036084401709402,0.963915598290599,0,0,19,0,0,0,0,0,63.136648594998,80.8670880632955,77.5611209396039,33.9933935281265,0,12:56:20 a.m.,1727729730.50849,393,20.8944,30.99213,44.58857,1,32,420
66fb23e17835ef5c35ebb417,66fb15827835ef5c35eb2ad9,30/09/2024 16:19:13,2024,9,30,16,19,14,1,0.738304093567251,0.678571428571429,1,0.040874125874126,0.952459207459208,0,0.006666666666667,19,0,0,0,0,0,64.0607002646476,82.2076023391813,78.0973266499582,34.5774964801281,0,12:56:25 a.m.,1727729735.51624,386,20.90157,30.98335,44.53268,1,34,423
66fb23e67835ef5c35ebb44a,66fb15827835ef5c35eb2ad9,30/09/2024 16:19:18,2024,9,30,16,19,19,1,0.650717703349282,0.678571428571429,1,0,0.947352647352647,0,0.052647352647353,19,0,0,0,0,0,61.7250512645249,80.0179425837321,77.2214627477785,33.2928913192071,0,12:56:30 a.m.,1727729740.52204,389,20.88485,30.9742,44.51675,1,36,426
66fb23ec7835ef5c35ebb47d,66fb15827835ef5c35eb2ad9,30/09/2024 16:19:24,2024,9,30,16,19,24,1,0.682894736842105,0.714285714285714,0.96741452991453,0,1,0,0,20,0,0,0,0,0,62.6117818584924,81.2577316689159,79.6860902255639,33.6459498104235,0,12:56:35 a.m.,1727729745.53147,392,20.92704,30.97038,44.46611,1,42,441
66fb23f17835ef5c35ebb4b0,66fb15827835ef5c35eb2ad9,30/09/2024 16:19:29,2024,9,30,16,19,30,1,0.674109516214779,0.678571428571429,0.986013986013986,0.009090909090909,0.975324675324675,0,0.015584415584416,19,0,0,0,0,0,62.0934109749899,80.2530875557191,77.4553808764335,33.477858398911,0,12:56:40 a.m.,1727729750.53502,392,20.91749,30.97782,44.49148,1,35,425
66fb23f67835ef5c35ebb4e3,66fb15827835ef5c35eb2ad9,30/09/2024 16:19:34,2024,9,30,16,19,35,1,0.717171717171717,0.642857142857143,0.973262032085562,0.108289551865403,0.783420896269194,0,0.108289551865403,18,0,0,0.025252525252525,0,0,64.1351736069228,79.760843731432,75.7431457431458,34.4158044397982,0,12:56:45 a.m.,1727729755.53869,385,20.94972,30.97095,44.48032,1,44,444
66fb23fc7835ef5c35ebb516,66fb15827835ef5c35eb2ad9,30/09/2024 16:19:39,2024,9,30,16,19,40,1,0.722222222222222,0.642857142857143,1,0.101370091896408,0.797259816207185,0,0.101370091896408,18,0,0,0,0,0,64.4390142021721,80.5555555555556,75.7936507936508,34.6644945697577,0,12:56:50 a.m.,1727729760.54335,380,20.98913,30.98545,44.48137,1,40,437
66fb24017835ef5c35ebb549,66fb15827835ef5c35eb2ad9,30/09/2024 16:19:45,2024,9,30,16,19,45,1,0.727272727272727,0.642857142857143,0.981385281385281,0.097244488632049,0.814385481610362,0.013924963924964,0.074445065832626,18,0,0,0.015151515151515,0,0,64.1324109170999,80.2164502164502,75.8441558441559,34.487596401472,0,12:56:55 a.m.,1727729765.55191,391,20.99151,31.01521,44.48538,1,38,431
66fb24077835ef5c35ebb57c,66fb15827835ef5c35eb2ad9,30/09/2024 16:19:50,2024,9,30,16,19,51,1,0.733187134502924,0.678571428571429,0.933333333333333,0.0562489250086,0.9437510749914,0,0,19,0,0,0.052631578947368,0,0,63.3683158570446,80.4130116959064,78.046157059315,34.0134082141629,0,12:57:00 a.m.,1727729770.57813,380,20.94754,30.99117,44.45982,1,37,429
66fb240c7835ef5c35ebb5af,66fb15827835ef5c35eb2ad9,30/09/2024 16:19:56,2024,9,30,16,19,56,1,0.749069643806486,0.678571428571429,0.931601731601731,0.060234699940582,0.939765300059418,0,0,19,0,0,0.052631578947368,0,0,63.6802238439235,80.7667843852054,78.2049821523506,34.1947750392023,0,12:57:05 a.m.,1727729775.58421,389,20.95311,31.00662,44.42453,1,35,426
66fb24117835ef5c35ebb5e2,66fb15827835ef5c35eb2ad9,30/09/2024 16:20:01,2024,9,30,16,20,2,1,0.696172248803828,0.714285714285714,0.934469696969697,0.058706257622666,0.941293742377334,0,0,20,0,0,0.05,0,0,63.7844284843124,80.7660486443381,79.8188653451811,34.0363391768191,0,12:57:10 a.m.,1727729780.60155,386,20.95629,31.02398,44.43274,1,36,427
66fb24177835ef5c35ebb615,66fb15827835ef5c35eb2ad9,30/09/2024 16:20:07,2024,9,30,16,20,7,0.9875,0.631895711500975,0.714285714285714,0.940257352941177,0.078072478991597,0.921927521008403,0,0,20,0,0,0.05,0,0,63.141250798565,79.1163266110538,78.8010999721526,33.5201125771946,0,12:57:15 a.m.,1727729785.61564,382,20.96067,31.01234,44.41509,1,42,440
66fb241f7835ef5c35ebb658,66fb15827835ef5c35eb2ad9,30/09/2024 16:20:15,2024,9,30,16,20,15,0.953463203463203,0.652597402597403,0.785714285714286,0.915032679738562,0.090277777777778,0.909722222222222,0,0,22,0,0,0.045454545454546,0,0,64.4835168916051,80.9927001103472,82.2727272727273,33.9708534929123,0,12:57:20 a.m.,1727729790.62459,383,20.97042,31.02455,44.43569,1,37,430
66fb24247835ef5c35ebb68b,66fb15827835ef5c35eb2ad9,30/09/2024 16:20:20,2024,9,30,16,20,20,1,0.838649654439128,0.678571428571429,1,0,1,0,0,19,0,0,0,0,0,64.5440305308726,84.7162413609782,79.100782258677,35.1722108301056,0,12:57:25 a.m.,1727729795.6315,392,20.96286,31.01196,44.41996,1,38,432
66fb242a7835ef5c35ebb6be,66fb15827835ef5c35eb2ad9,30/09/2024 16:20:25,2024,9,30,16,20,26,1,0.792641325536062,0.714285714285714,1,0,1,0,0,20,0,0,0,0,0,64.7467627401838,84.8160331384016,80.7835561125035,35.0692703982178,0,12:57:30 a.m.,1727729800.63717,385,20.95569,30.99194,44.35806,1,29,411
66fb242f7835ef5c35ebb6f1,66fb15827835ef5c35eb2ad9,30/09/2024 16:20:31,2024,9,30,16,20,31,1,0.828947368421053,0.714285714285714,1,0,1,0,0,20,0,0,0,0,0,65.2913533834587,85.7236842105263,81.1466165413534,35.4323308270677,0,12:57:35 a.m.,1727729805.64659,380,20.93898,31.01044,44.37046,1,41,438
66fb24347835ef5c35ebb724,66fb15827835ef5c35eb2ad9,30/09/2024 16:20:36,2024,9,30,16,20,37,1,0.777489177489177,0.75,1,0,1,0,0,21,0,0,0,0,0,65.4123376623377,85.6872294372294,82.7748917748918,35.2748917748918,0,12:57:40 a.m.,1727729810.65289,386,20.93142,31.0133,44.34328,1,32,419
66fb243a7835ef5c35ebb757,66fb15827835ef5c35eb2ad9,30/09/2024 16:20:42,2024,9,30,16,20,42,1,0.768181818181818,0.714285714285714,1,0,1,0,0,20,0,0,0,0,0,64.3798701298701,84.2045454545455,80.538961038961,34.8246753246753,0,12:57:45 a.m.,1727729815.6598,391,20.9537,30.99346,44.31295,1,28,409
66fb243f7835ef5c35ebb78a,66fb15827835ef5c35eb2ad9,30/09/2024 16:20:47,2024,9,30,16,20,47,1,0.759090909090909,0.714285714285714,1,0,1,0,0,20,0,0,0,0,0,64.2435064935065,83.9772727272727,80.4480519480519,34.7337662337662,0,12:57:50 a.m.,1727729820.66793,392,20.98515,31.00376,44.31276,1,33,421
66fb24447835ef5c35ebb7be,66fb15827835ef5c35eb2ad9,30/09/2024 16:20:52,2024,9,30,16,20,53,1,0.749282296650718,0.714285714285714,1,0,1,0,0,20,0,0,0,0,0,64.0963773069036,83.7320574162679,80.34996582365,34.6356801093643,0,12:57:55 a.m.,1727729825.67298,389,20.94813,31.01101,44.25077,1,33,420
66fb244a7835ef5c35ebb7f1,66fb15827835ef5c35eb2ad9,30/09/2024 16:20:57,2024,9,30,16,20,58,1,0.763636363636364,0.714285714285714,1,0,1,0,0,20,0,0,0,0,0,64.3116883116883,84.0909090909091,80.4935064935065,34.7792207792208,0,12:58:00 a.m.,1727729830.68453,383,20.9545,31.02493,44.32364,1,40,436
66fb244f7835ef5c35ebb824,66fb15827835ef5c35eb2ad9,30/09/2024 16:21:03,2024,9,30,16,21,3,1,0.731818181818182,0.714285714285714,1,0,1,0,0,20,0,0,0,0,0,63.8344155844156,83.2954545454546,80.1753246753247,34.461038961039,0,12:58:05 a.m.,1727729835.68919,380,20.92346,31.01273,44.22932,1,37,430
66fb24547835ef5c35ebb866,66fb15827835ef5c35eb2ad9,30/09/2024 16:21:08,2024,9,30,16,21,9,1,0.740570175438597,0.714285714285714,1,0,1,0,0,20,0,0,0,0,0,63.9656954887218,83.5142543859649,80.2628446115288,34.5485588972431,0,12:58:10 a.m.,1727729840.69196,380,20.92664,31.01826,44.22083,1,37,429
66fb245a7835ef5c35ebb899,66fb15827835ef5c35eb2ad9,30/09/2024 16:21:14,2024,9,30,16,21,14,1,0.772727272727273,0.714285714285714,1,0,1,0,0,20,0,0,0,0,0,64.448051948052,84.3181818181818,80.5844155844156,34.8701298701299,0,12:58:15 a.m.,1727729845.69734,385,20.91709,30.99804,44.23075,1,34,422
66fb245f7835ef5c35ebb8cc,66fb15827835ef5c35eb2ad9,30/09/2024 16:21:19,2024,9,30,16,21,20,1,0.722727272727273,0.714285714285714,1,0,1,0,0,20,0,0,0,0,0,63.6980519480519,83.0681818181818,80.0844155844156,34.3701298701299,0,12:58:20 a.m.,1727729850.70194,389,20.95052,31.00319,44.23437,1,36,428
66fb24647835ef5c35ebb8ff,66fb15827835ef5c35eb2ad9,30/09/2024 16:21:24,2024,9,30,16,21,25,1,0.741387559808612,0.714285714285714,1,0,1,0,0,20,0,0,0,0,0,63.9779562542721,83.5346889952153,80.271018455229,34.5567327409433,0,12:58:25 a.m.,1727729855.70669,391,20.97002,31.01368,44.30408,1,44,444
66fb246a7835ef5c35ebb932,66fb15827835ef5c35eb2ad9,30/09/2024 16:21:30,2024,9,30,16,21,30,1,0.717324561403509,0.714285714285714,1,0,1,0,0,20,0,0,0,0,0,63.6170112781955,82.9331140350877,80.030388471178,34.3161027568922,0,12:58:30 a.m.,1727729860.71117,380,20.97957,30.99289,44.26489,1,30,415
66fb246f7835ef5c35ebb965,66fb15827835ef5c35eb2ad9,30/09/2024 16:21:35,2024,9,30,16,21,36,1,0.760765550239234,0.678571428571429,1,0,1,0,0,19,0,0,0,0,0,63.3757689678742,82.7691387559809,78.3219412166781,34.3933697881066,0,12:58:35 a.m.,1727729865.71565,382,20.92863,30.96027,44.28425,1,29,413
66fb24747835ef5c35ebb998,66fb15827835ef5c35eb2ad9,30/09/2024 16:21:40,2024,9,30,16,21,41,1,0.715071770334928,0.714285714285714,1,0,1,0,0,20,0,0,0,0,0,63.5832194121668,82.8767942583732,80.0078605604921,34.2935748462064,0,12:58:40 a.m.,1727729870.71997,391,20.89361,30.99155,44.31782,1,37,429
66fb24797835ef5c35ebb9cb,66fb15827835ef5c35eb2ad9,30/09/2024 16:21:45,2024,9,30,16,21,46,1,0.740909090909091,0.714285714285714,1,0,1,0,0,20,0,0,0,0,0,63.9707792207792,83.5227272727273,80.2662337662338,34.5519480519481,0,12:58:45 a.m.,1727729875.72255,386,20.95769,30.9515,44.2894,1,31,416
66fb247f7835ef5c35ebb9fe,66fb15827835ef5c35eb2ad9,30/09/2024 16:21:51,2024,9,30,16,21,51,1,0.758718766613503,0.714285714285714,1,0.006993006993007,0.993006993006993,0,0,20,0,0,0,0,0,64.4127495311706,83.9679691653376,80.4443305232779,34.7999748789222,0,12:58:50 a.m.,1727729880.73284,380,20.94813,30.99442,44.34605,1,31,416
66fb24847835ef5c35ebba31,66fb15827835ef5c35eb2ad9,30/09/2024 16:21:56,2024,9,30,16,21,56,1,0.747474747474748,0.678571428571429,1,0,1,0,0,19,0,0,0,0,0,63.1764069264069,82.4368686868687,78.1890331890332,34.2604617604618,0,12:58:55 a.m.,1727729885.7399,374,20.9549,30.9845,44.38591,1,37,430
66fb24897835ef5c35ebba64,66fb15827835ef5c35eb2ad9,30/09/2024 16:22:01,2024,9,30,16,22,2,1,0.722089314194577,0.714285714285714,1,0.006060606060606,0.993939393939394,0,0,20,0,0,0,0,0,63.8399977215767,83.0522328548644,80.0780359990886,34.424356345409,0,12:59:00 a.m.,1727729890.74753,386,20.94157,31.00128,44.35835,1,49,454
66fb248e7835ef5c35ebba97,66fb15827835ef5c35eb2ad9,30/09/2024 16:22:06,2024,9,30,16,22,7,1,0.695800106326422,0.714285714285714,1,0,1,0,0,20,0,0,0,0,0,63.2941444520392,82.3950026581606,79.8151439204071,34.1008582061214,0,12:59:05 a.m.,1727729895.75479,389,20.92246,30.97038,44.35682,1,43,441
66fb24947835ef5c35ebbaca,66fb15827835ef5c35eb2ad9,30/09/2024 16:22:12,2024,9,30,16,22,12,1,0.709090909090909,0.714285714285714,1,0,1,0,0,20,0,0,0,0,0,63.4935064935065,82.7272727272727,79.9480519480519,34.2337662337662,0,12:59:10 a.m.,1727729900.76107,380,20.90256,30.9906,44.40289,1,43,443
66fb24997835ef5c35ebbafd,66fb15827835ef5c35eb2ad9,30/09/2024 16:22:17,2024,9,30,16,22,17,1,0.722727272727273,0.714285714285714,1,0,1,0,0,20,0,0,0,0,0,63.6980519480519,83.0681818181818,80.0844155844156,34.3701298701299,0,12:59:15 a.m.,1727729905.76718,373,20.91729,30.96027,44.36693,1,38,432
66fb249f7835ef5c35ebbb31,66fb15827835ef5c35eb2ad9,30/09/2024 16:22:22,2024,9,30,16,22,23,0.987061403508772,0.733479532163743,0.714285714285714,1,0,1,0,0,20,0,0,0,0,0,63.6005639097744,83.1429093567251,79.8037802840434,34.3482664995823,0,12:59:20 a.m.,1727729910.77005,370,20.88545,30.97744,44.36159,1,40,435
66fb24a47835ef5c35ebbb73,66fb15827835ef5c35eb2ad9,30/09/2024 16:22:28,2024,9,30,16,22,29,1,0.778418472652219,0.714285714285714,0.991228070175439,0,0.916666666666667,0,0,20,0,0,0.008333333333333,0,0,64.4018409995577,84.2411635706914,80.641327583665,34.8393225711337,0,12:59:25 a.m.,1727729915.77361,389,20.89818,30.94311,44.36035,1,34,423
66fb24a97835ef5c35ebbba6,66fb15827835ef5c35eb2ad9,30/09/2024 16:22:33,2024,9,30,16,22,34,1,0.662882205513784,0.75,1,0,1,0,0,21,0,0,0,0,0,63.6932330827068,82.8220551378446,81.6288220551379,34.1288220551378,0,12:59:30 a.m.,1727729920.77937,380,20.89221,30.97095,44.40403,1,24,401
66fb24af7835ef5c35ebbbd9,66fb15827835ef5c35eb2ad9,30/09/2024 16:22:39,2024,9,30,16,22,39,1,0.752631578947368,0.714285714285714,1,0,1,0,0,20,0,0,0,0,0,64.1466165413534,83.8157894736842,80.3834586466165,34.6691729323308,0,12:59:35 a.m.,1727729925.78252,388,20.86276,31.01597,44.38639,1,27,407
66fb24b47835ef5c35ebbc0c,66fb15827835ef5c35eb2ad9,30/09/2024 16:22:44,2024,9,30,16,22,45,1,0.735778841041999,0.678571428571429,1,0,1,0,0,19,0,0,0,0,0,63.0009683299157,82.14447102605,78.0720741247057,34.1435026961343,0,12:59:40 a.m.,1727729930.78807,386,20.86077,31.01749,44.43092,1,27,408
66fb24ba7835ef5c35ebbc3f,66fb15827835ef5c35eb2ad9,30/09/2024 16:22:50,2024,9,30,16,22,50,1,0.730116959064328,0.714285714285714,1,0,1,0,0,20,0,0,0,0,0,63.8088972431078,83.2529239766082,80.1583124477861,34.4440267335004,0,12:59:45 a.m.,1727729935.79335,373,20.86396,31.02684,44.45124,1,36,428
66fb24bf7835ef5c35ebbc72,66fb15827835ef5c35eb2ad9,30/09/2024 16:22:55,2024,9,30,16,22,56,1,0.745188729399256,0.714285714285714,1,0,1,0,0,20,0,0,0,0,0,64.0349737981317,83.6297182349814,80.3090301511354,34.5947444368497,0,12:59:50 a.m.,1727729940.80201,385,20.86197,31.01978,44.42234,1,31,417
66fb24c47835ef5c35ebbca5,66fb15827835ef5c35eb2ad9,30/09/2024 16:23:00,2024,9,30,16,23,1,1,0.697607655502393,0.714285714285714,1,0,1,0,0,20,0,0,0,0,0,63.3212576896788,82.4401913875598,79.8332194121668,34.1189336978811,0,12:59:55 a.m.,1727729945.80758,391,20.86515,31.01406,44.41719,1,38,431
66fb24ca7835ef5c35ebbcd8,66fb15827835ef5c35eb2ad9,30/09/2024 16:23:06,2024,9,30,16,23,6,1,0.732334307992203,0.714285714285714,1,0,1,0,0,20,0,0,0,0,0,63.8421574770259,83.3083576998051,80.1804859370649,34.4662002227792,0,01:00:00 a.m.,1727729950.82162,383,20.92107,31.01273,44.37647,1,31,417
66fb24cf7835ef5c35ebbd0b,66fb15827835ef5c35eb2ad9,30/09/2024 16:23:11,2024,9,30,16,23,12,1,0.761165577342048,0.678571428571429,1,0,1,0,0,19,0,0,0,0,0,63.3817693744164,82.7791394335512,78.3259414877062,34.3973700591348,0,01:00:05 a.m.,1727729955.82819,382,20.87769,31.00128,44.38124,1,34,424
66fb24d47835ef5c35ebbd3e,66fb15827835ef5c35eb2ad9,30/09/2024 16:23:16,2024,9,30,16,23,17,1,0.813131313131313,0.642857142857143,1,0,1,0,0,18,0,0,0,0,0,63.2683982683983,82.8282828282828,76.7027417027417,34.5598845598846,0,01:00:10 a.m.,1727729960.83251,382,20.86137,31.01921,44.37742,1,29,413
66fb24da7835ef5c35ebbd71,66fb15827835ef5c35eb2ad9,30/09/2024 16:23:21,2024,9,30,16,23,22,1,0.833333333333333,0.678571428571429,1,0,1,0,0,19,0,0,0,0,0,64.4642857142857,84.5833333333333,79.0476190476191,35.1190476190476,0,01:00:15 a.m.,1727729965.83874,386,20.84903,31.02074,44.36636,1,38,431
66fb24df7835ef5c35ebbda4,66fb15827835ef5c35eb2ad9,30/09/2024 16:23:27,2024,9,30,16,23,28,1,0.779497764017888,0.678571428571429,1,0,1,0,0,19,0,0,0,0,0,63.656752174554,83.2374441004472,78.5092633544646,34.5806919258932,0,01:00:20 a.m.,1727729970.8426,382,20.88963,31.03237,44.42816,1,32,419
66fb24e57835ef5c35ebbdd8,66fb15827835ef5c35eb2ad9,30/09/2024 16:23:33,2024,9,30,16,23,33,1,0.789961013645224,0.714285714285714,1,0,1,0,0,20,0,0,0,0,0,64.7065580618212,84.7490253411306,80.7567529935951,35.0424672793094,0,01:00:25 a.m.,1727729975.85648,377,20.89918,31.03333,44.40212,1,31,417
66fb24ea7835ef5c35ebbe19,66fb15827835ef5c35eb2ad9,30/09/2024 16:23:38,2024,9,30,16,23,38,1,0.776980329611909,0.75,0.983549783549784,0,1,0,0,21,0,0,0.008658008658009,0,0,65.1579516974254,85.2632528290423,82.7698032961191,35.1053011316169,0,01:00:30 a.m.,1727729980.86078,389,20.89082,31.02646,44.3821,1,36,428
66fb24ef7835ef5c35ebbe4d,66fb15827835ef5c35eb2ad9,30/09/2024 16:23:43,2024,9,30,16,23,44,1,0.740740740740741,0.642857142857143,0.93926334422658,0,1,0,0,18,0,0,0.055555555555556,0,0,61.2714898459384,79.500102124183,75.978835978836,33.2286122782446,0,01:00:35 a.m.,1727729985.86523,380,20.89639,31.04877,44.4416,1,30,415
66fb24f57835ef5c35ebbe80,66fb15827835ef5c35eb2ad9,30/09/2024 16:23:49,2024,9,30,16,23,49,1,0.740740740740741,0.642857142857143,0.934027777777778,0,1,0,0,18,0,0,0.055555555555556,0,0,61.1929563492063,79.369212962963,75.978835978836,33.1762566137566,0,01:00:40 a.m.,1727729990.87455,380,20.88724,31.03714,44.41662,1,40,437
66fb24fa7835ef5c35ebbeb3,66fb15827835ef5c35eb2ad9,30/09/2024 16:23:54,2024,9,30,16,23,55,1,0.736111111111111,0.642857142857143,0.933680555555556,0,1,0,0,18,0,0,0.055555555555556,0,0,61.1183035714286,79.2447916666667,75.9325396825397,33.1264880952381,0,01:00:45 a.m.,1727729995.87931,387,20.90037,31.03561,44.38906,1,32,418
66fb25007835ef5c35ebbee6,66fb15827835ef5c35eb2ad9,30/09/2024 16:24:00,2024,9,30,16,24,0,1,0.722222222222222,0.642857142857143,0.938602941176471,0,1,0,0,18,0,0,0.055555555555556,0,0,60.983806022409,79.0206290849673,75.7936507936508,33.0368230625584,0,01:00:50 a.m.,1727730000.89493,376,20.85122,31.05392,44.41919,1,27,408
66fb25057835ef5c35ebbf19,66fb15827835ef5c35eb2ad9,30/09/2024 16:24:05,2024,9,30,16,24,6,1,0.771538918597742,0.642857142857143,0.929717341482047,0,1,0,0,18,0,0,0.055555555555556,0,0,61.5902724726254,80.0314065019947,76.286817757406,33.4411340293693,0,01:00:55 a.m.,1727730005.90116,377,20.87351,31.00586,44.38944,1,30,415
66fb250b7835ef5c35ebbf4c,66fb15827835ef5c35eb2ad9,30/09/2024 16:24:10,2024,9,30,16,24,11,1,0.723707664884136,0.642857142857143,0.910822510822511,0,1,0,0,18,0,0,0.055555555555556,0,0,60.5893812070283,78.3632543926662,75.8085052202699,32.7738731856379,0,01:01:00 a.m.,1727730010.90732,389,20.90256,31.04515,44.39268,1,32,418
66fb25107835ef5c35ebbf7f,66fb15827835ef5c35eb2ad9,30/09/2024 16:24:16,2024,9,30,16,24,16,1,0.671717171717172,0.642857142857143,0.864069264069264,0,1,0,0,18,0,0,0.055555555555556,0,0,59.1082251082251,75.8946608946609,75.2886002886003,31.7864357864358,0,01:01:05 a.m.,1727730015.92175,382,20.97599,31.00624,44.37838,1,32,419
66fb25167835ef5c35ebbfb2,66fb15827835ef5c35eb2ad9,30/09/2024 16:24:22,2024,9,30,16,24,23,1,0.738888888888889,0.642857142857143,0.866666666666667,0,1,0,0,18,0,0,0.055555555555556,0,0,60.1547619047619,77.6388888888889,75.9603174603175,32.484126984127,0,01:01:10 a.m.,1727730020.92641,377,20.94415,31.02646,44.36932,1,36,428
66fb251b7835ef5c35ebbfe5,66fb15827835ef5c35eb2ad9,30/09/2024 16:24:27,2024,9,30,16,24,28,1,0.766191325014854,0.642857142857143,0.911421911421912,0.010695187165775,0.957219251336898,0.021390374331551,0.010695187165775,18,0,0,0.045454545454546,0,0,61.5030067971245,79.4403309109191,76.2333418215771,33.3116556645968,0,01:01:15 a.m.,1727730025.94868,383,20.93858,31.00681,44.32211,1,28,409
66fb25247835ef5c35ebc028,66fb15827835ef5c35eb2ad9,30/09/2024 16:24:36,2024,9,30,16,24,36,1,0.833333333333333,0.642857142857143,1,0.065598662710698,0.768855349157207,0.107759825421397,0.057786162710698,18,0,0,0,0,0,65.211395139196,83.3333333333333,76.9047619047619,35.4178913890117,0,01:01:20 a.m.,1727730030.95946,386,20.96186,31.02875,44.35282,1,40,436
66fb25297835ef5c35ebc05b,66fb15827835ef5c35eb2ad9,30/09/2024 16:24:41,2024,9,30,16,24,42,1,0.831154684095861,0.642857142857143,0.978649237472767,0.099006571439492,0.708166863236523,0.111164212273603,0.081662353050382,18,0,0,0,0,0,78.9106699209898,80.4315660474716,82.3373793962029,35.5166763586526,0,01:01:25 a.m.,1727730035.96984,380,20.95948,31.03199,44.39383,1,44,445
66fb252f7835ef5c35ebc08e,66fb15827835ef5c35eb2ad9,30/09/2024 16:24:47,2024,9,30,16,24,47,1,0.838235294117647,0.642857142857143,0.957619047619048,0.069411764705882,0.52078431372549,0.253725490196078,0.156078431372549,18,0,0,0,0,0,76.4619047619047,79.6035014005602,82.4789915966386,35.0812324929972,0,01:01:30 a.m.,1727730040.97571,377,20.97181,31.03867,44.33002,1,42,440
66fb25347835ef5c35ebc0c1,66fb15827835ef5c35eb2ad9,30/09/2024 16:24:52,2024,9,30,16,24,53,1,0.728867623604465,0.678571428571429,1,0.013986013986014,0.824719220173766,0.041958041958042,0.119336723882178,19,0,0,0,0,0,78.1429762422585,78.3585712533081,81.7202096149465,34.2142506616191,0,01:01:35 a.m.,1727730045.98477,376,21.00346,31.01006,44.40041,1,30,414
66fb25397835ef5c35ebc0f5,66fb15827835ef5c35eb2ad9,30/09/2024 16:24:57,2024,9,30,16,24,58,1,0.711111111111111,0.678571428571429,1,0,0.85680944055944,0.081066433566434,0.062124125874126,19,0,0,0,0,0,77.9688880563881,77.7936507936508,81.3650793650794,33.8968253968254,0,01:01:40 a.m.,1727730050.98759,382,20.98395,30.95608,44.45095,1,39,433
66fb253f7835ef5c35ebc128,66fb15827835ef5c35eb2ad9,30/09/2024 16:25:03,2024,9,30,16,25,3,1,0.760233918128655,0.678571428571429,1,0.063444888444888,0.920393495393495,0,0.016161616161616,19,0,0,0,0,0,80.2216336295284,79.727780260675,82.3475355054302,35.0225023514497,0,01:01:45 a.m.,1727730056.00402,380,20.98833,30.9515,44.50865,1,43,443
66fb25447835ef5c35ebc16a,66fb15827835ef5c35eb2ad9,30/09/2024 16:25:08,2024,9,30,16,25,9,1,0.785087719298246,0.678571428571429,1,0.064130844645551,0.93586915535445,0,0,19,0,0,0,0,0,80.8803258145363,80.2351456270768,82.8446115288221,35.2778999251522,0,01:01:50 a.m.,1727730061.01458,383,21.01719,30.96848,44.5838,1,33,422
66fb25497835ef5c35ebc19d,66fb15827835ef5c35eb2ad9,30/09/2024 16:25:13,2024,9,30,16,25,14,1,0.755980861244019,0.678571428571429,1,0.071062271062271,0.928937728937729,0,0,19,0,0,0,0,0,80.2981886534518,79.756979862243,82.2624743677375,35.0561456087772,0,01:01:55 a.m.,1727730066.01767,383,21.01639,30.97496,44.51065,1,35,425
66fb254f7835ef5c35ebc1d0,66fb15827835ef5c35eb2ad9,30/09/2024 16:25:19,2024,9,30,16,25,19,1,0.716228070175439,0.714285714285714,1,0.07506105006105,0.92493894993895,0,0,20,0,0,0,0,0,80.0388471177945,79.7361914401388,82.8959899749374,35.055748345222,0,01:02:00 a.m.,1727730071.0206,382,21.07151,30.9864,44.48328,1,36,428
66fb25547835ef5c35ebc203,66fb15827835ef5c35eb2ad9,30/09/2024 16:25:24,2024,9,30,16,25,25,1,0.717703349282297,0.678571428571429,1,0.086846486846487,0.913153513153513,0,0,19,0,0,0,0,0,79.5326384142174,79.2281928597718,81.4969241285031,34.8312126470021,0,01:02:05 a.m.,1727730076.02639,380,21.04962,30.9967,44.56396,1,39,434
66fb255a7835ef5c35ebc236,66fb15827835ef5c35eb2ad9,30/09/2024 16:25:30,2024,9,30,16,25,30,1,0.708133971291866,0.678571428571429,1,0.073992673992674,0.926007326007326,0,0,19,0,0,0,0,0,79.3412508544088,78.843998107156,81.3055365686945,34.6069807385597,0,01:02:10 a.m.,1727730081.03017,373,21.06116,31.01196,44.4931,1,32,420
66fb255f7835ef5c35ebc269,66fb15827835ef5c35eb2ad9,30/09/2024 16:25:35,2024,9,30,16,25,35,1,0.674641148325359,0.678571428571429,1,0.029599567099567,0.920820845820846,0,0.049579587079587,19,0,0,0,0,0,78.1755985242828,77.5082450444293,80.6356801093643,33.8281214399635,0,01:02:15 a.m.,1727730086.03509,380,21.08345,31.03466,44.53192,1,31,416
66fb25647835ef5c35ebc29c,66fb15827835ef5c35eb2ad9,30/09/2024 16:25:40,2024,9,30,16,25,41,1,0.688995215311005,0.678571428571429,1,0.044343156843157,0.912312687312687,0,0.043344155844156,19,0,0,0,0,0,78.52503417635,78.016480230296,80.9227614490773,34.1190980072559,0,01:02:20 a.m.,1727730091.05353,385,21.10176,31.0297,44.51723,1,33,420
66fb256a7835ef5c35ebc2cf,66fb15827835ef5c35eb2ad9,30/09/2024 16:25:46,2024,9,30,16,25,46,1,0.678362573099415,0.678571428571429,1,0,0.930275742775743,0,0.069724257224257,19,0,0,0,0,0,78.0485803183172,77.1386800334169,80.7101086048455,33.5693400167084,0,01:02:25 a.m.,1727730096.05875,380,21.03151,31.01845,44.56196,1,30,414
66fb25727835ef5c35ebc312,66fb15827835ef5c35eb2ad9,30/09/2024 16:25:54,2024,9,30,16,25,55,1,0.713157894736842,0.714285714285714,1,0,0.930952380952381,0,0.069047619047619,20,0,0,0,0,0,79.2869674185464,78.5488721804511,82.8345864661654,34.2744360902256,0,01:02:30 a.m.,1727730101.06446,374,21.08385,31.02551,44.53869,1,32,419
66fb25777835ef5c35ebc345,66fb15827835ef5c35eb2ad9,30/09/2024 16:25:59,2024,9,30,16,25,0,1,0.772338772338773,0.428571428571429,0.906604506604507,0.29446835216066,0.564506006813699,0.141025641025641,0,12,0,0,0.083333333333333,0,0,73.5971805971806,76.1003419657266,72.5896325896326,34.0198305967537,0,01:02:35 a.m.,1727730106.07083,361,21.09579,31.03294,44.55471,1,31,416
66fb257d7835ef5c35ebc378,66fb15827835ef5c35eb2ad9,30/09/2024 16:26:04,2024,9,30,16,26,5,0.901709401709402,0.736752136752137,0.428571428571429,0.845931845931846,0.051282051282051,0.692307692307692,0.102564102564103,0,12,0,0,0.083333333333333,0,0,68.0608835608836,67.7667332667333,67.946275946276,29.6424686424686,0,01:02:40 a.m.,1727730110.07262,364,21.06932,31.03924,44.55137,1,32,419
66fb25827835ef5c35ebc3ab,66fb15827835ef5c35eb2ad9,30/09/2024 16:26:10,2024,9,30,16,26,10,0.88968253968254,0.700793650793651,0.428571428571429,0.862770562770563,0.085714285714286,0,0.7,0,12,0,0,0.083333333333333,0,0,60.7990620490621,67.6843434343435,66.7460317460318,29.6753246753247,0,01:02:45 a.m.,1727730115.07536,383,21.01022,31.06613,44.53678,1,32,419
66fb25877835ef5c35ebc3de,66fb15827835ef5c35eb2ad9,30/09/2024 16:26:15,2024,9,30,16,26,16,0.866089466089466,0.717099567099567,0.428571428571429,0.894016697588126,0.285714285714286,0,0.642857142857143,0,12,0,0,0.083333333333333,0,0,63.1602762317048,71.201788291074,66.1284271284272,31.9149144506287,0,01:02:50 a.m.,1727730120.07961,382,21.02296,31.06709,44.58456,1,21,400
,,,2024,9,30,16,26,21,,,,,,,,,,,,,,,,,,,,01:02:55 a.m.,1727730125.11147,373,21.07609,31.05736,44.63406,1,23,400
,,,2024,9,30,16,26,26,,,,,,,,,,,,,,,,,,,,01:03:00 a.m.,1727730130.11492,374,21.04445,31.08368,44.58656,1,26,404
,,,2024,9,30,16,26,31,,,,,,,,,,,,,,,,,,,,01:03:05 a.m.,1727730135.12382,374,21.05639,31.0606,44.59515,1,32,418
,,,2024,9,30,16,26,36,,,,,,,,,,,,,,,,,,,,01:03:10 a.m.,1727730140.12779,377,21.02137,31.05602,44.65523,1,32,418
,,,2024,9,30,16,26,41,,,,,,,,,,,,,,,,,,,,01:03:15 a.m.,1727730145.13873,382,21.05002,31.05087,44.63072,1,25,402
,,,2024,9,30,16,26,46,,,,,,,,,,,,,,,,,,,,01:03:20 a.m.,1727730150.14198,376,21.03549,31.0812,44.57178,1,30,414
,,,2024,9,30,16,26,51,,,,,,,,,,,,,,,,,,,,01:03:25 a.m.,1727730155.14604,377,21.00405,31.10027,44.51914,1,34,422
,,,2024,9,30,16,26,56,,,,,,,,,,,,,,,,,,,,01:03:30 a.m.,1727730160.15281,380,21.00883,31.0873,44.5118,1,37,430
,,,2024,9,30,16,27,1,,,,,,,,,,,,,,,,,,,,01:03:35 a.m.,1727730165.1569,359,21.05878,31.0791,44.47241,1,28,410
,,,2024,9,30,16,27,6,,,,,,,,,,,,,,,,,,,,01:03:40 a.m.,1727730170.15989,364,21.03589,31.07796,44.5178,1,31,417
,,,2024,9,30,16,27,11,,,,,,,,,,,,,,,,,,,,01:03:45 a.m.,1727730175.16512,380,20.98157,31.08044,44.48843,1,25,403
,,,2024,9,30,16,27,16,,,,,,,,,,,,,,,,,,,,01:03:50 a.m.,1727730180.17395,371,20.97918,31.08215,44.44027,1,24,401
,,,2024,9,30,16,27,21,,,,,,,,,,,,,,,,,,,,01:03:55 a.m.,1727730185.17924,382,20.96366,31.10161,44.44542,1,30,413
,,,2024,9,30,16,27,26,,,,,,,,,,,,,,,,,,,,01:04:00 a.m.,1727730190.18475,379,20.97321,31.11744,44.46287,1,33,420
,,,2024,9,30,16,27,31,,,,,,,,,,,,,,,,,,,,01:04:05 a.m.,1727730195.18947,373,21.02156,31.09818,44.38906,1,24,401
,,,2024,9,30,16,27,36,,,,,,,,,,,,,,,,,,,,01:04:10 a.m.,1727730200.20409,380,21.02077,31.12793,44.4088,1,20,400
,,,2024,9,30,16,27,41,,,,,,,,,,,,,,,,,,,,01:04:15 a.m.,1727730205.21558,373,21.06614,31.08311,44.38305,1,23,400
,,,2024,9,30,16,27,46,,,,,,,,,,,,,,,,,,,,01:04:20 a.m.,1727730210.22064,379,21.06017,31.08635,44.36388,1,25,403
,,,2024,9,30,16,27,51,,,,,,,,,,,,,,,,,,,,01:04:25 a.m.,1727730215.22776,379,21.03689,31.11324,44.36226,1,35,425
,,,2024,9,30,16,27,56,,,,,,,,,,,,,,,,,,,,01:04:30 a.m.,1727730220.23415,373,21.00823,31.12202,44.38372,1,43,443
,,,2024,9,30,16,28,1,,,,,,,,,,,,,,,,,,,,01:04:35 a.m.,1727730225.24261,376,21.02733,31.11553,44.38801,1,39,434
,,,2024,9,30,16,28,6,,,,,,,,,,,,,,,,,,,,01:04:40 a.m.,1727730230.24901,380,21.01022,31.11706,44.37857,1,30,415
,,,2024,9,30,16,28,11,,,,,,,,,,,,,,,,,,,,01:04:45 a.m.,1727730235.25381,377,21.02336,31.1306,44.37914,1,37,431
,,,2024,9,30,16,28,16,,,,,,,,,,,,,,,,,,,,01:04:50 a.m.,1727730240.2591,377,21.03052,31.1306,44.32087,1,29,412
,,,2024,9,30,16,28,21,,,,,,,,,,,,,,,,,,,,01:04:55 a.m.,1727730245.26279,376,20.98574,31.12965,44.33813,1,33,421
,,,2024,9,30,16,28,26,,,,,,,,,,,,,,,,,,,,01:05:00 a.m.,1727730250.26968,370,21.00007,31.14319,44.37428,1,38,431
,,,2024,9,30,16,28,31,,,,,,,,,,,,,,,,,,,,01:05:05 a.m.,1727730255.27715,373,20.96346,31.1203,44.33813,1,39,435
,,,2024,9,30,16,28,36,,,,,,,,,,,,,,,,,,,,01:05:10 a.m.,1727730260.28124,379,20.97181,31.15273,44.38715,1,42,441
,,,2024,9,30,16,28,41,,,,,,,,,,,,,,,,,,,,01:05:15 a.m.,1727730265.28627,370,20.96186,31.16074,44.33174,1,40,437
,,,2024,9,30,16,28,46,,,,,,,,,,,,,,,,,,,,01:05:20 a.m.,1727730270.29,368,20.97818,31.147,44.35406,1,34,423
,,,2024,9,30,16,28,51,,,,,,,,,,,,,,,,,,,,01:05:25 a.m.,1727730275.2952,368,20.96545,31.12602,44.28978,1,46,449
,,,2024,9,30,16,29,56,,,,,,,,,,,,,,,,,,,,01:05:30 a.m.,1727730280.30389,371,21.00823,31.1142,44.31381,1,48,452
,,,2024,9,30,16,29,1,,,,,,,,,,,,,,,,,,,,01:05:35 a.m.,1727730285.31014,363,21.00545,31.13022,44.30838,1,50,457
,,,2024,9,30,16,29,6,,,,,,,,,,,,,,,,,,,,01:05:40 a.m.,1727730290.3206,367,21.02853,31.13384,44.34185,1,50,456
,,,2024,9,30,16,29,11,,,,,,,,,,,,,,,,,,,,01:05:45 a.m.,1727730295.33123,376,21.02853,31.10752,44.29836,1,50,456
,,,2024,9,30,16,29,16,,,,,,,,,,,,,,,,,,,,01:05:50 a.m.,1727730300.33866,370,20.98992,31.10428,44.34052,1,47,450
,,,2024,9,30,16,29,21,,,,,,,,,,,,,,,,,,,,01:05:55 a.m.,1727730305.34339,370,20.99032,31.05698,44.44971,1,38,432
,,,2024,9,30,16,29,26,,,,,,,,,,,,,,,,,,,,01:06:00 a.m.,1727730310.35013,370,20.9744,31.09264,44.48767,1,40,436
,,,2024,9,30,16,29,31,,,,,,,,,,,,,,,,,,,,01:06:05 a.m.,1727730315.36497,373,20.97997,31.07662,44.41776,1,44,444
,,,2024,9,30,16,29,36,,,,,,,,,,,,,,,,,,,,01:06:10 a.m.,1727730320.37276,370,21.01201,31.08177,44.43579,1,33,422
,,,2024,9,30,16,29,41,,,,,,,,,,,,,,,,,,,,01:06:15 a.m.,1727730325.37952,364,21.06634,31.08082,44.3717,1,31,416
,,,2024,9,30,16,29,46,,,,,,,,,,,,,,,,,,,,01:06:20 a.m.,1727730330.38489,373,21.05579,31.09837,44.48853,1,26,406
,,,2024,9,30,16,29,51,,,,,,,,,,,,,,,,,,,,01:06:25 a.m.,1727730335.3946,374,21.04942,31.10065,44.46154,1,28,409
,,,2024,9,30,16,30,56,,,,,,,,,,,,,,,,,,,,01:06:30 a.m.,1727730340.40501,374,21.07112,31.12411,44.49186,1,19,400
,,,2024,9,30,16,30,1,,,,,,,,,,,,,,,,,,,,01:06:35 a.m.,1727730345.412,365,21.07072,31.11038,44.46554,1,26,405
,,,2024,9,30,16,30,6,,,,,,,,,,,,,,,,,,,,01:06:40 a.m.,1727730350.41752,364,21.08306,31.1245,44.44981,1,28,411
,,,2024,9,30,16,30,11,,,,,,,,,,,,,,,,,,,,01:06:45 a.m.,1727730355.42329,364,21.09858,31.07948,44.41051,1,36,427
,,,2024,9,30,16,30,16,,,,,,,,,,,,,,,,,,,,01:06:50 a.m.,1727730360.42889,367,21.05997,31.11496,44.44227,1,34,422
,,,2024,9,30,16,30,21,,,,,,,,,,,,,,,,,,,,01:06:55 a.m.,1727730365.43558,367,21.04843,31.10027,44.43779,1,33,421
,,,2024,9,30,16,30,26,,,,,,,,,,,,,,,,,,,,01:07:00 a.m.,1727730370.43838,364,21.01559,31.09684,44.43378,1,34,423
,,,2024,9,30,16,30,31,,,,,,,,,,,,,,,,,,,,01:07:05 a.m.,1727730375.44358,367,20.98355,31.12602,44.35425,1,29,413
,,,2024,9,30,16,30,36,,,,,,,,,,,,,,,,,,,,01:07:10 a.m.,1727730380.4527,351,21.00047,31.13289,44.3615,1,28,409
,,,2024,9,30,16,30,41,,,,,,,,,,,,,,,,,,,,01:07:15 a.m.,1727730385.45819,358,20.98415,31.12411,44.37323,1,23,400
,,,2024,9,30,16,30,46,,,,,,,,,,,,,,,,,,,,01:07:20 a.m.,1727730390.46626,358,20.89958,31.12316,44.38601,1,28,410
,,,2024,9,30,16,30,51,,,,,,,,,,,,,,,,,,,,01:07:25 a.m.,1727730395.47239,365,20.88684,31.1306,44.40413,1,30,414
,,,2024,9,30,16,31,56,,,,,,,,,,,,,,,,,,,,01:07:30 a.m.,1727730400.48235,367,20.89878,31.15444,44.37876,1,29,412
,,,2024,9,30,16,31,1,,,,,,,,,,,,,,,,,,,,01:07:35 a.m.,1727730405.49129,367,20.86336,31.15025,44.33489,1,34,424
,,,2024,9,30,16,31,6,,,,,,,,,,,,,,,,,,,,01:07:40 a.m.,1727730410.49929,371,20.87968,31.15158,44.36998,1,37,430
,,,2024,9,30,16,31,11,,,,,,,,,,,,,,,,,,,,01:07:45 a.m.,1727730415.50367,376,20.89639,31.14243,44.27252,1,38,431
,,,2024,9,30,16,31,16,,,,,,,,,,,,,,,,,,,,01:07:50 a.m.,1727730420.50907,371,20.92624,31.12545,44.27481,1,32,420
,,,2024,9,30,16,31,21,,,,,,,,,,,,,,,,,,,,01:07:55 a.m.,1727730425.51248,367,20.92943,31.14834,44.28301,1,38,432
,,,2024,9,30,16,31,26,,,,,,,,,,,,,,,,,,,,01:08:00 a.m.,1727730430.51803,373,20.8755,31.12926,44.29045,1,31,417
,,,2024,9,30,16,31,31,,,,,,,,,,,,,,,,,,,,01:08:05 a.m.,1727730435.52441,374,20.85639,31.13956,44.27347,1,41,438
,,,2024,9,30,16,31,36,,,,,,,,,,,,,,,,,,,,01:08:10 a.m.,1727730440.52862,376,20.88027,31.1306,44.26012,1,37,430
,,,2024,9,30,16,31,41,,,,,,,,,,,,,,,,,,,,01:08:15 a.m.,1727730445.53344,373,20.92167,31.11839,44.27176,1,38,431
,,,2024,9,30,16,31,46,,,,,,,,,,,,,,,,,,,,01:08:20 a.m.,1727730450.53595,364,20.89619,31.11362,44.19451,1,31,416
,,,2024,9,30,16,31,51,,,,,,,,,,,,,,,,,,,,01:08:25 a.m.,1727730455.54089,368,20.92764,31.10752,44.27824,1,39,434
,,,2024,9,30,16,32,56,,,,,,,,,,,,,,,,,,,,01:08:30 a.m.,1727730460.54723,370,20.97221,31.12259,44.31219,1,46,449
,,,2024,9,30,16,32,1,,,,,,,,,,,,,,,,,,,,01:08:35 a.m.,1727730465.55137,373,20.98495,31.13899,44.35081,1,49,454
,,,2024,9,30,16,32,6,,,,,,,,,,,,,,,,,,,,01:08:40 a.m.,1727730470.55552,368,20.97898,31.14147,44.35577,1,42,441
,,,2024,9,30,16,32,11,,,,,,,,,,,,,,,,,,,,01:08:45 a.m.,1727730475.56004,370,20.96306,31.1697,44.38782,1,50,457
,,,2024,9,30,16,32,16,,,,,,,,,,,,,,,,,,,,01:08:50 a.m.,1727730480.56477,373,20.98176,31.17638,44.312,1,54,464
,,,2024,9,30,16,32,21,,,,,,,,,,,,,,,,,,,,01:08:55 a.m.,1727730485.57776,370,21.02316,31.17142,44.24753,1,47,451
66fb26fb7835ef5c35ebc435,66fb26d67835ef5c35ebc3ed,30/09/2024 16:32:27,2024,9,30,16,32,27,1,0.777777777777778,0.392857142857143,0.909090909090909,0.090909090909091,0.909090909090909,0,0,11,0,0,0.090909090909091,0,0,74.6302308802309,72.5036075036075,71.2698412698413,31.7063492063492,0,01:09:00 a.m.,1727730490.58221,368,21.02316,31.17619,44.27624,1,49,456
66fb27007835ef5c35ebc468,66fb26d67835ef5c35ebc3ed,30/09/2024 16:32:32,2024,9,30,16,32,33,0.938461538461539,0.68034188034188,0.357142857142857,0.890598290598291,0.092540792540793,0.907459207459208,0,0,10,0,0,0.1,0,0,70.2374847374847,67.8643023643024,65.4310134310134,29.5908535908536,0,01:09:05 a.m.,1727730495.59223,373,20.98813,31.1861,44.28072,1,52,462
66fb27057835ef5c35ebc49b,66fb26d67835ef5c35ebc3ed,30/09/2024 16:32:37,2024,9,30,16,32,38,0.961538461538462,0.814529914529915,0.392857142857143,0.890870240870241,0.091608391608392,0.908391608391608,0,0,11,0,0,0.090909090909091,0,0,74.0393217893218,71.8320845820846,70.4664224664225,31.5140415140415,0,01:09:10 a.m.,1727730500.59561,376,20.97977,31.17142,44.25831,1,52,461
66fb270b7835ef5c35ebc4ce,66fb26d67835ef5c35ebc3ed,30/09/2024 16:32:43,2024,9,30,16,32,43,1,0.805555555555555,0.392857142857143,0.888089225589225,0,0.960606060606061,0,0.039393939393939,11,0,0,0.090909090909091,0,0,74.3718133718134,71.1704846079846,71.8253968253968,30.8650192400192,0,01:09:15 a.m.,1727730505.59872,368,21.00624,31.16035,44.24057,1,42,441
66fb27107835ef5c35ebc501,66fb26d67835ef5c35ebc3ed,30/09/2024 16:32:48,2024,9,30,16,32,48,1,0.829059829059829,0.357142857142857,0.882264957264957,0,1,0,0,10,0,0,0.1,0,0,74.5836385836386,70.7806776556777,70.8669108669109,30.6846764346764,0,01:09:20 a.m.,1727730510.6049,368,20.99669,31.15978,44.21072,1,42,439
66fb27157835ef5c35ebc534,66fb26d67835ef5c35ebc3ed,30/09/2024 16:32:53,2024,9,30,16,32,54,0.984615384615385,0.875213675213675,0.357142857142857,0.890598290598291,0.027972027972028,0.972027972027972,0,0,10,0,0,0.1,0,0,75.2887667887668,71.947052947053,71.1746031746032,31.3554223554224,0,01:09:25 a.m.,1727730515.60931,364,20.98395,31.14414,44.25135,1,46,449
66fb271b7835ef5c35ebc567,66fb26d67835ef5c35ebc3ed,30/09/2024 16:32:58,2024,9,30,16,32,59,0.923076923076923,0.835897435897436,0.357142857142857,0.88974358974359,0.027972027972028,0.972027972027972,0,0,10,0,0,0.1,0,0,72.9468864468865,69.6008991008991,67.9267399267399,30.3383283383283,0,01:09:30 a.m.,1727730520.61884,365,20.9744,31.17199,44.22083,1,38,432
66fb27207835ef5c35ebc59a,66fb26d67835ef5c35ebc3ed,30/09/2024 16:33:04,2024,9,30,16,33,4,0.900699300699301,0.733566433566434,0.392857142857143,0.88003663003663,0.041375291375291,0.958624708624708,0,0,11,0,0,0.090909090909091,0,0,70.682400932401,67.6674991674992,66.4135864135864,29.485347985348,0,01:09:35 a.m.,1727730525.62742,367,20.9752,31.17409,44.24572,1,48,453
66fb27257835ef5c35ebc5cd,66fb26d67835ef5c35ebc3ed,30/09/2024 16:33:09,2024,9,30,16,33,10,0.977622377622378,0.853535353535354,0.392857142857143,0.888888888888889,0.078321678321678,0.921678321678322,0,0,11,0,0,0.090909090909091,0,0,75.1819014319014,72.7654567654568,71.8898878898879,31.9122544122544,0,01:09:40 a.m.,1727730530.63677,370,20.97719,31.18343,44.23819,1,46,449
66fb272b7835ef5c35ebc600,66fb26d67835ef5c35ebc3ed,30/09/2024 16:33:15,2024,9,30,16,33,15,0.945238095238095,0.883333333333333,0.357142857142857,0.871428571428572,0.038961038961039,0.954545454545455,0,0.006493506493506,10,0,0,0.1,0,0,74.0183982683983,70.8106060606061,69.7619047619048,30.961038961039,0,01:09:45 a.m.,1727730535.6455,371,20.97201,31.16589,44.17524,1,54,465
66fb27307835ef5c35ebc633,66fb26d67835ef5c35ebc3ed,30/09/2024 16:33:20,2024,9,30,16,33,20,0.896031746031746,0.793650793650794,0.392857142857143,0.786724386724387,0,0.912229437229437,0,0.087770562770563,11,0,0,0.090909090909091,0,0,69.0234487734488,65.7990620490621,67.4285714285714,28.6926406926407,0,01:09:50 a.m.,1727730540.65343,363,20.94972,31.1636,44.15579,1,46,449
66fb27357835ef5c35ebc666,66fb26d67835ef5c35ebc3ed,30/09/2024 16:33:25,2024,9,30,16,33,26,0.888888888888889,0.817460317460318,0.392857142857143,0.814285714285714,0,0.911147186147186,0,0.088852813852814,11,0,0,0.090909090909091,0,0,69.8614718614719,66.7857142857143,67.6190476190476,29.1349206349206,0,01:09:55 a.m.,1727730545.66209,373,20.97201,31.18038,44.1721,1,42,441
66fb273b7835ef5c35ebc6a9,66fb26d67835ef5c35ebc3ed,30/09/2024 16:33:31,2024,9,30,16,33,31,0.855555555555556,0.726495726495727,0.392857142857143,0.853690753690754,0,0.910839160839161,0,0.089160839160839,11,0,0,0.090909090909091,0,0,67.9938672438673,65.1182151182151,64.4664224664225,28.2859917859918,0,01:10:00 a.m.,1727730550.66849,379,21.01102,31.17504,44.19556,1,44,444
66fb27407835ef5c35ebc6dc,66fb26d67835ef5c35ebc3ed,30/09/2024 16:33:36,2024,9,30,16,33,36,0.888888888888889,0.880341880341881,0.428571428571429,0.904079254079254,0,0.909673659673659,0,0.09032634032634,12,0,0,0.083333333333333,0,0,73.435952935953,71.0024697524698,70.3052503052503,31.0188145188145,0,01:10:05 a.m.,1727730555.67604,370,21.01739,31.17409,44.1473,1,43,443
66fb27457835ef5c35ebc70f,66fb26d67835ef5c35ebc3ed,30/09/2024 16:33:41,2024,9,30,16,33,42,0.92936507936508,0.811111111111111,0.392857142857143,0.901298701298701,0.042207792207792,0.875974025974026,0,0.081818181818182,11,0,0,0.090909090909091,0,0,72.5569985569986,70.4790764790765,69.1111111111111,30.7683982683983,0,01:10:10 a.m.,1727730560.68123,374,21.02136,31.17046,44.15846,1,34,422
66fb274b7835ef5c35ebc742,66fb26d67835ef5c35ebc3ed,30/09/2024 16:33:47,2024,9,30,16,33,47,0.900699300699301,0.702797202797203,0.392857142857143,0.904895104895105,0.040792540792541,0.959207459207459,0,0,11,0,0,0.090909090909091,0,0,70.5641858141858,67.6648351648352,65.7982017982018,29.4204129204129,0,01:10:15 a.m.,1727730565.68889,364,21.03728,31.1594,44.15016,1,29,411
66fb27507835ef5c35ebc775,66fb26d67835ef5c35ebc3ed,30/09/2024 16:33:52,2024,9,30,16,33,52,0.884615384615385,0.853846153846154,0.428571428571429,0.907575757575757,0.037795537795538,0.962204462204462,0,0,12,0,0,0.083333333333333,0,0,73.7723942723943,71.0200632700633,69.6043956043956,31.1240426240426,0,01:10:20 a.m.,1727730570.70329,376,20.98554,31.15978,44.19384,1,40,436
66fb27557835ef5c35ebc7a8,66fb26d67835ef5c35ebc3ed,30/09/2024 16:33:57,2024,9,30,16,33,57,0.890972222222223,0.817361111111111,0.428571428571429,0.899021464646465,0,0.114983974358974,0,0.885016025641026,12,0,0,0.083333333333333,0,0,64.1803682428683,69.668492965368,69.1289682539683,30.3592622655123,0,01:10:25 a.m.,1727730575.71396,364,20.94654,31.14738,44.17152,1,36,426
66fb275a7835ef5c35ebc7db,66fb26d67835ef5c35ebc3ed,30/09/2024 16:34:02,2024,9,30,16,34,3,0.893464052287582,0.798039215686275,0.428571428571429,0.906862745098039,0,0,0,1,12,0,0,0.083333333333333,0,0,62.8632119514473,69.5403828197946,68.8422035480859,30.2693744164332,0,01:10:30 a.m.,1727730580.72398,364,20.97619,31.16646,44.19718,1,38,431
66fb27607835ef5c35ebc80e,66fb26d67835ef5c35ebc3ed,30/09/2024 16:34:08,2024,9,30,16,34,8,0.913333333333334,0.811851851851852,0.392857142857143,0.892373737373738,0,0.5498445998446,0,0.4501554001554,11,0,0,0.090909090909091,0,0,68.3091482591483,69.2368566618567,68.4846560846561,30.1041606541607,0,01:10:35 a.m.,1727730585.729,368,20.98216,31.1636,44.18535,1,30,414
66fb27657835ef5c35ebc841,66fb26d67835ef5c35ebc3ed,30/09/2024 16:34:13,2024,9,30,16,34,13,0.875213675213676,0.792307692307692,0.357142857142857,0.878205128205128,0,0.915994262148108,0,0.084005737851892,10,0,0,0.1,0,0,69.8076837692222,66.8244810744811,65.1404151404152,29.0286935286935,0,01:10:40 a.m.,1727730590.73592,370,21.01281,31.15921,44.19861,1,31,417
66fb276a7835ef5c35ebc874,66fb26d67835ef5c35ebc3ed,30/09/2024 16:34:18,2024,9,30,16,34,19,0.854700854700855,0.77008547008547,0.357142857142857,0.88974358974359,0,0.918639053254438,0,0.081360946745562,10,0,0,0.1,0,0,69.1076359537898,66.1556776556777,63.8754578754579,28.7167277167277,0,01:10:45 a.m.,1727730595.74128,370,20.99768,31.13956,44.13557,1,32,419
66fb276f7835ef5c35ebc8a7,66fb26d67835ef5c35ebc3ed,30/09/2024 16:34:23,2024,9,30,16,34,24,0.813286713286714,0.76013986013986,0.392857142857143,0.892094017094017,0,0.91671149363457,0,0.08328850636543,11,0,0,0.090909090909091,0,0,68.4368174560482,65.6944583194583,63.4485514485515,28.5837773337773,0,01:10:50 a.m.,1727730600.74527,370,20.97818,31.13956,44.15083,1,39,434
66fb27757835ef5c35ebc8da,66fb26d67835ef5c35ebc3ed,30/09/2024 16:34:29,2024,9,30,16,34,29,0.904761904761905,0.855555555555556,0.392857142857143,0.899062049062049,0,0.913494838494838,0,0.086505161505162,11,0,0,0.090909090909091,0,0,72.7392052392052,70.0638528138528,69.015873015873,30.5223665223665,0,01:10:55 a.m.,1727730605.74989,373,20.92385,31.15273,44.15617,1,37,429
66fb277a7835ef5c35ebc90d,66fb26d67835ef5c35ebc3ed,30/09/2024 16:34:34,2024,9,30,16,34,35,0.902579365079365,0.918452380952381,0.392857142857143,0.906493506493506,0,0.91514319014319,0,0.08485680985681,11,0,0,0.090909090909091,0,0,74.1076909201909,71.4530122655123,70.186507936508,31.203823953824,0,01:11:00 a.m.,1727730610.75888,373,20.91032,31.17294,44.1185,1,35,425
66fb27807835ef5c35ebc940,66fb26d67835ef5c35ebc3ed,30/09/2024 16:34:40,2024,9,30,16,34,40,0.864574314574315,0.863924963924964,0.464285714285714,0.906110556110556,0.011446886446886,0.69822915180058,0.035714285714286,0.254609676038248,13,0,0,0.076923076923077,0,0,71.0761143618286,71.0030386280386,70.4329004329005,31.1034243534244,0,01:11:05 a.m.,1727730615.76598,362,20.85898,31.14338,44.10248,1,37,429
66fb27857835ef5c35ebc973,66fb26d67835ef5c35ebc3ed,30/09/2024 16:34:45,2024,9,30,16,34,46,0.907342657342657,0.906759906759907,0.5,0.881938574246267,0,0.924274443505213,0,0.075725556494787,14,0,0,0.054945054945055,0,0,75.200280488742,72.8672289249212,74.4289044289044,31.9604113834883,0,01:11:10 a.m.,1727730620.77363,371,20.91191,31.15826,44.08474,1,39,434
66fb278b7835ef5c35ebc9aa,66fb26d67835ef5c35ebc3ed,30/09/2024 16:34:50,2024,9,30,16,34,51,0.926573426573426,0.792540792540793,0.5,0.868112656574195,0,0.92603550295858,0,0.07396449704142,14,0,0,0.04945054945055,0,0,73.1377596762212,70.7179679295064,72.9137529137529,30.8722687568841,0,01:11:15 a.m.,1727730625.78272,356,20.94734,31.18382,44.07997,1,35,425
66fb27907835ef5c35ebc9e9,66fb26d67835ef5c35ebc3ed,30/09/2024 16:34:56,2024,9,30,16,34,56,0.86470473970474,0.742035742035742,0.535714285714286,0.888400488400488,0.013888888888889,0.889513264513265,0.014520202020202,0.082077644577645,15,0,0,0.066666666666667,0,0,71.2960789210789,69.5909645909646,70.8574758574759,30.4474414474414,0,01:11:20 a.m.,1727730630.78948,349,20.94734,31.2067,44.07883,1,33,421
66fb27957835ef5c35ebca1c,66fb26d67835ef5c35ebc3ed,30/09/2024 16:35:01,2024,9,30,16,35,2,0.819347319347319,0.660839160839161,0.571428571428571,0.882782281820743,0.04498450267681,0.874743205512437,0,0.080272291810753,16,0,0,0.057692307692308,0,0,69.1248174902021,67.8733622147084,68.8478188478189,29.7938183611261,0,01:11:25 a.m.,1727730635.79254,358,20.90196,31.17714,44.028,1,40,436
66fb279a7835ef5c35ebca4f,66fb26d67835ef5c35ebc3ed,30/09/2024 16:35:06,2024,9,30,16,35,7,0.93813878429263,0.780150618612157,0.464285714285714,0.969921104536489,0.108340377571147,0.879825302902226,0,0.011834319526627,13,0,0,0.011834319526627,0,0,75.3008465893081,74.2153295422526,71.6999923153769,32.6083659929814,0,01:11:30 a.m.,1727730640.79982,366,20.90356,31.17809,44.04335,1,42,439
66fb27a07835ef5c35ebca82,66fb26d67835ef5c35ebc3ed,30/09/2024 16:35:12,2024,9,30,16,35,12,1,0.746022727272727,0.392857142857143,0.994318181818182,0.447516025641026,0.114983974358974,0,0,11,0,0,0,0,0,71.3246753246753,79.3482923326673,70.6347402597403,35.8071407758908,0,01:11:35 a.m.,1727730645.80849,368,20.92823,31.20251,44.00339,1,32,418
66fb27a57835ef5c35ebcab5,66fb26d67835ef5c35ebc3ed,30/09/2024 16:35:17,2024,9,30,16,35,18,1,0.743905723905724,0.392857142857143,1,0.448484848484848,0.551515151515151,0,0,11,0,0,0,0,0,75.7709716209716,79.4625300625301,70.5924001924002,35.8524771524772,0,01:11:40 a.m.,1727730650.81574,373,20.94694,31.16817,43.99347,1,29,411
66fb27ab7835ef5c35ebcae8,66fb26d67835ef5c35ebc3ed,30/09/2024 16:35:23,2024,9,30,16,35,23,0.891761363636364,0.760037878787879,0.428571428571429,0.986111111111111,0.255208333333333,0.182291666666667,0,0.5625,12,0,0,0,0,0,68.0205853174603,74.547123015873,68.0140692640693,33.2169011544012,0,01:11:45 a.m.,1727730655.82228,373,20.94694,31.19316,44.01255,1,27,407
66fb27b07835ef5c35ebcb1b,66fb26d67835ef5c35ebc3ed,30/09/2024 16:35:28,2024,9,30,16,35,28,0.796078431372549,0.822222222222222,0.392857142857143,1,0.42156862745098,0,0,0.57843137254902,11,0,0,0,0,0,66.4549486461251,75.5270774976657,64.0018674136321,34.3272642390289,0,01:11:50 a.m.,1727730660.8328,365,20.95689,31.14185,43.96296,1,37,429
66fb27b57835ef5c35ebcb4e,66fb26d67835ef5c35ebc3ed,30/09/2024 16:35:33,2024,9,30,16,35,34,0.777777777777778,0.902777777777778,0.392857142857143,1,0.125,0.172275641025641,0,0.702724358974359,11,0,0,0,0,0,66.3656135531136,72.2321428571429,64.8809523809524,31.984126984127,0,01:11:55 a.m.,1727730665.84011,364,20.94933,31.16856,43.92176,1,32,419
66fb27bb7835ef5c35ebcb81,66fb26d67835ef5c35ebc3ed,30/09/2024 16:35:39,2024,9,30,16,35,39,0.794638694638695,0.932167832167832,0.428571428571429,1,0,0.778509951586875,0,0.221490048413125,12,0,0,0,0,0,72.7229949537642,72.0807525807526,67.5717615717616,31.5537795537796,0,01:12:00 a.m.,1727730670.84427,372,20.92147,31.18153,43.96524,1,21,400
66fb27c07835ef5c35ebcbb4,66fb26d67835ef5c35ebc3ed,30/09/2024 16:35:44,2024,9,30,16,35,45,0.766433566433567,0.886013986013986,0.428571428571429,0.957808857808858,0.175683291067907,0.648633417864187,0,0.175683291067907,12,0,0,0.038461538461539,0,0,70.7090345551884,72.0330182637875,65.5204795204795,32.1451112989575,0,01:12:05 a.m.,1727730675.84766,352,20.94734,31.15921,43.97297,1,33,420
66fb27c57835ef5c35ebcbe7,66fb26d67835ef5c35ebc3ed,30/09/2024 16:35:49,2024,9,30,16,35,50,0.806759906759907,0.884498834498834,0.428571428571429,0.875990675990676,0,0.873767258382643,0,0.126232741617357,12,0,0,0.108974358974359,0,0,70.5450318911857,68.3301698301698,67.1032301032301,29.9582084582085,0,01:12:10 a.m.,1727730680.85595,356,20.91251,31.17771,43.96563,1,34,424
66fb27ca7835ef5c35ebcc1a,66fb26d67835ef5c35ebc3ed,30/09/2024 16:35:54,2024,9,30,16,35,55,0.765840220385675,0.849173553719008,0.428571428571429,0.900275482093664,0,0.643090243090243,0.167965367965368,0.188944388944389,12,0,0,0.083333333333333,0,0,66.9944600853692,67.2077922077922,64.7599370326643,29.4386068476978,0,01:12:15 a.m.,1727730685.86155,367,20.96624,31.17008,43.94064,1,40,436
66fb27d07835ef5c35ebcc4d,66fb26d67835ef5c35ebc3ed,30/09/2024 16:36:00,2024,9,30,16,36,0,0.90530303030303,0.899242424242424,0.428571428571429,0.861868686868687,0.101301129426129,0.529429945054945,0.142967796092796,0.22630112942613,12,0,0,0.083333333333333,0,0,70.5906801531802,72.2550869269619,71.3398268398268,31.962866994117,0,01:12:20 a.m.,1727730690.86603,367,20.94754,31.15978,43.94341,1,43,443
66fb27d57835ef5c35ebcc80,66fb26d67835ef5c35ebc3ed,30/09/2024 16:36:05,2024,9,30,16,36,6,0.845454545454545,0.859848484848485,0.428571428571429,0.862626262626263,0.390625,0.203125,0.189236111111111,0.217013888888889,12,0,0,0.069444444444444,0,0,67.95193001443,74.3297934704185,68.1580086580087,33.8712572150072,0,01:12:25 a.m.,1727730695.87145,357,20.94435,31.16226,44.00587,1,33,422
66fb27da7835ef5c35ebccb3,66fb26d67835ef5c35ebc3ed,30/09/2024 16:36:10,2024,9,30,16,36,11,0.80957375957376,0.785198135198135,0.464285714285714,0.964790764790765,0.142857142857143,0,0.232142857142857,0.625,13,0,0,0,0,0,63.6319791319791,71.4916472416472,66.6583416583417,31.6670551670552,0,01:12:30 a.m.,1727730700.87763,364,20.9547,31.19354,43.9537,1,41,439
66fb27e07835ef5c35ebcce6,66fb26d67835ef5c35ebc3ed,30/09/2024 16:36:15,2024,9,30,16,36,16,0.819347319347319,0.777972027972028,0.428571428571429,0.982905982905983,0,0,0.346153846153846,0.653846153846154,12,0,0,0,0,0,62.1298146298146,69.1872016872017,65.4761904761905,30.0879675879676,0,01:12:35 a.m.,1727730705.88125,367,20.96385,31.1451,43.94283,1,38,431
66fb27e57835ef5c35ebcd29,66fb26d67835ef5c35ebc3ed,30/09/2024 16:36:21,2024,9,30,16,36,21,0.848295454545455,0.890909090909091,0.392857142857143,0.9875,0,0,0,1,11,0,0,0,0,0,64.6684253246753,71.570211038961,67.4642857142857,31.1956168831169,0,01:12:40 a.m.,1727730710.8954,371,20.94435,31.15635,43.94732,1,46,450
66fb27ea7835ef5c35ebcd5c,66fb26d67835ef5c35ebc3ed,30/09/2024 16:36:26,2024,9,30,16,36,27,0.87979797979798,0.809911616161616,0.428571428571429,1,0,0,0.125,0.875,12,0,0,0,0,0,64.6217532467533,71.7646103896104,68.5330086580087,31.1828102453103,0,01:12:45 a.m.,1727730715.90167,370,20.98415,31.15978,43.96067,1,40,436
66fb27f07835ef5c35ebcd8f,66fb26d67835ef5c35ebc3ed,30/09/2024 16:36:32,2024,9,30,16,36,32,0.931168831168831,0.85974025974026,0.428571428571429,1,0,0.524267399267399,0,0.475732600732601,12,0,0,0,0,0,72.1452713952714,74.0454545454545,71.5844155844156,32.1948051948052,0,01:12:50 a.m.,1727730720.90902,364,20.96903,31.11458,43.89639,1,40,436
66fb27f57835ef5c35ebcdc2,66fb26d67835ef5c35ebc3ed,30/09/2024 16:36:37,2024,9,30,16,36,37,1,0.815384615384616,0.428571428571429,1,0,0.918952842029765,0,0.081047157970235,12,0,0,0,0,0,76.9257921565614,74.8791208791209,73.4505494505495,32.4395604395604,0,01:12:55 a.m.,1727730725.91394,361,20.9748,31.12354,43.92729,1,42,440
66fb27fa7835ef5c35ebcdf5,66fb26d67835ef5c35ebc3ed,30/09/2024 16:36:42,2024,9,30,16,36,43,0.960164835164835,0.769505494505495,0.464285714285714,0.991071428571429,0.007142857142857,0.460282574568289,0,0.032574568288854,13,0,0,0,0,0,70.8541993720565,73.5638736263736,72.3681318681319,31.9217032967033,0,01:13:00 a.m.,1727730730.91964,361,20.96166,31.13766,43.90869,1,43,443
66fb27ff7835ef5c35ebce28,66fb26d67835ef5c35ebc3ed,30/09/2024 16:36:47,2024,9,30,16,36,48,0.940935987089834,0.757127487896719,0.464285714285714,0.915928515928516,0,0.917582417582418,0,0.005494505494505,13,0,0,0.06508875739645,0,0,73.1246296438604,70.8498766191074,71.3514178129563,30.7827770520078,0,01:13:05 a.m.,1727730735.92383,359,20.95928,31.12659,43.93158,1,44,445
66fb28057835ef5c35ebce5b,66fb26d67835ef5c35ebc3ed,30/09/2024 16:36:53,2024,9,30,16,36,53,0.988165680473373,0.826967903890981,0.464285714285714,0.81382463690156,0,1,0,0,13,0,0,0.165680473372781,0,0,74.4842785419709,70.8748302979072,74.6374138681831,30.9324393555163,0,01:13:10 a.m.,1727730740.93061,362,20.98395,31.12125,43.92147,1,48,452
66fb280a7835ef5c35ebce8e,66fb26d67835ef5c35ebc3ed,30/09/2024 16:36:58,2024,9,30,16,36,59,0.963440405748098,0.833234714003945,0.535714285714286,0.825485625485626,0.094871794871795,0.597435897435898,0,0.153846153846154,15,0,0,0.128205128205128,0,0,72.2192081422851,73.5252076982846,76.6308819385742,32.5274682582375,0,01:13:15 a.m.,1727730745.93555,361,20.98714,31.12926,43.925,1,43,441
66fb280f7835ef5c35ebcec1,66fb26d67835ef5c35ebc3ed,30/09/2024 16:37:03,2024,9,30,16,37,4,0.969921104536489,0.871597633136095,0.571428571428571,0.868843336151028,0.131779331779332,0.175602175602176,0.077233877233877,0.615384615384615,16,0,0,0.100961538461538,0,0,70.7020906443983,76.8063250851712,79.0859397013243,34.1356997703152,0,01:13:20 a.m.,1727730750.94454,359,20.98853,31.14376,43.92252,1,44,445
66fb28157835ef5c35ebcef4,66fb26d67835ef5c35ebc3ed,30/09/2024 16:37:09,2024,9,30,16,37,9,0.969230769230769,0.876923076923077,0.642857142857143,0.841506997276228,0,0.645009157509158,0,0.354990842490842,18,0,0,0.123931623931624,0,0,74.6923194327041,75.6640485582793,82.0219780219781,33.3051798628722,0,01:13:25 a.m.,1727730755.95238,359,21.00485,31.07319,43.90821,1,42,440
66fb281a7835ef5c35ebcf27,66fb26d67835ef5c35ebc3ed,30/09/2024 16:37:14,2024,9,30,16,37,15,0.982936507936508,0.854761904761905,0.571428571428571,0.897649572649573,0.005208333333333,0.994791666666667,0,0,16,0,0,0.09375,0,0,78.1930708180708,75.6165865384615,79.2698412698413,33.1198489010989,0,01:13:30 a.m.,1727730760.95861,349,21.0339,31.09455,43.94274,1,37,429
66fb28207835ef5c35ebcf5a,66fb26d67835ef5c35ebc3ed,30/09/2024 16:37:20,2024,9,30,16,37,20,1,0.905536770921387,0.642857142857143,0.87083602671838,0.076923076923077,0.608974358974359,0.307692307692308,0.006410256410256,18,0,0,0.111111111111111,0,0,77.0292874546268,78.8926250973762,83.8250211327135,34.9615301741999,0,01:13:35 a.m.,1727730765.96365,358,21.05898,31.11324,44.02618,1,46,449
66fb28257835ef5c35ebcf8d,66fb26d67835ef5c35ebc3ed,30/09/2024 16:37:25,2024,9,30,16,37,25,0.994505494505495,0.787912087912088,0.535714285714286,0.827130805702234,0.435119047619048,0.279166666666667,0,0,15,0,0,0.133333333333333,0,0,72.3420666634952,78.5402206920064,76.967032967033,35.8038172145315,0,01:13:40 a.m.,1727730770.96622,358,21.04903,31.10657,44.00988,1,48,452
66fb282a7835ef5c35ebcfc0,66fb26d67835ef5c35ebc3ed,30/09/2024 16:37:30,2024,9,30,16,37,31,1,0.777162581008735,0.535714285714286,0.855616605616605,0.284564900911055,0.715435099088945,0,0,15,0,0,0.076923076923077,0,0,75.6912980182211,76.9164259885414,76.9718230487461,34.5305837325068,0,01:13:45 a.m.,1727730775.97187,358,21.05699,31.13537,44.0177,1,37,429
66fb28307835ef5c35ebcff4,66fb26d67835ef5c35ebc3ed,30/09/2024 16:37:36,2024,9,30,16,37,36,0.987878787878788,0.828397093102976,0.607142857142857,0.909387329841875,0.085227272727273,0.900203962703963,0,0.014568764568765,17,0,0,0.058823529411765,0,0,78.4141133673219,77.4208610388423,80.3688076629253,34.1803334069377,0,01:13:50 a.m.,1727730780.9784,358,21.0546,31.14319,44.0567,1,52,461
66fb28357835ef5c35ebd035,66fb26d67835ef5c35ebc3ed,30/09/2024 16:37:41,2024,9,30,16,37,41,1,0.839572192513369,0.607142857142857,0.951445613210319,0,0.955656843156843,0.012121212121212,0.032221944721945,17,0,0,0.032085561497326,0,0,79.484067403185,77.7204413233825,81.0771581359817,33.9816066286655,0,01:13:55 a.m.,1727730785.98321,358,21.04107,31.12202,44.01274,1,43,442
66fb283a7835ef5c35ebd069,66fb26d67835ef5c35ebc3ed,30/09/2024 16:37:46,2024,9,30,16,37,47,0.92312091503268,0.780065359477124,0.642857142857143,0.886568627450981,0.012549019607843,0.86953431372549,0.067638888888889,0.050277777777778,18,0,0,0.05,0,0,74.8743930905696,73.8889239028945,78.2404295051354,32.4516106442577,0,01:14:00 a.m.,1727730790.98805,358,21.04107,31.13022,44.02475,1,46,448
66fb28407835ef5c35ebd09c,66fb26d67835ef5c35ebc3ed,30/09/2024 16:37:52,2024,9,30,16,37,52,0.925133689839572,0.807486631016043,0.607142857142857,0.872714540361599,0,1,0,0,17,0,0,0.058823529411765,0,0,75.839508530685,73.2387955182073,77.440794499618,32.1247771836007,0,01:14:05 a.m.,1727730795.99459,361,21.04365,31.12316,43.95542,1,43,442
66fb28457835ef5c35ebd0cf,66fb26d67835ef5c35ebc3ed,30/09/2024 16:37:57,2024,9,30,16,37,57,0.77807486631016,0.683006535947712,0.642857142857143,0.923418248418249,0.047355912061794,0.912241108564638,0,0.040402979373568,18,0,0,0.055555555555556,0,0,70.8191946941947,69.7649401252343,70.4974110856464,30.7471270559506,0,01:14:10 a.m.,1727730801.00303,364,21.00127,31.1306,43.94531,1,39,434
66fb284a7835ef5c35ebd102,66fb26d67835ef5c35ebc3ed,30/09/2024 16:38:02,2024,9,30,16,38,3,0.780295212183757,0.758310660787441,0.678571428571429,0.93234681984682,0.028967375501364,0.919906597911743,0,0.051126026586893,19,0,0,0.052631578947368,0,0,72.9878410799816,71.9882032204623,73.5208788459562,31.7849149689081,0,01:14:15 a.m.,1727730806.01253,367,21.01082,31.12659,43.95065,1,34,423
66fb284f7835ef5c35ebd135,66fb26d67835ef5c35ebc3ed,30/09/2024 16:38:07,2024,9,30,16,38,8,0.862990196078431,0.756495098039216,0.642857142857143,0.93735294117647,0.023290598290598,0.911372532501823,0,0.065336869207579,18,0,0,0.055555555555556,0,0,74.4412041370559,73.3449822236587,75.3637955182073,32.2298597644186,0,01:14:20 a.m.,1727730811.01537,367,21.03291,31.14319,43.8509,1,35,426
66fb28557835ef5c35ebd168,66fb26d67835ef5c35ebc3ed,30/09/2024 16:38:13,2024,9,30,16,38,13,0.91266339869281,0.825612745098039,0.642857142857143,0.940297619047619,0.012545454545455,0.886364324886064,0.01952861952862,0.081561601039862,18,0,0,0.05,0,0,76.7667471874058,75.8816050207962,78.7330765639589,33.3397636024107,0,01:14:25 a.m.,1727730816.02253,361,21.02952,31.12888,43.8508,1,38,432
66fb285a7835ef5c35ebd19b,66fb26d67835ef5c35ebc3ed,30/09/2024 16:38:18,2024,9,30,16,38,18,0.908814451706609,0.882216775599129,0.642857142857143,0.949919896733622,0.041822320422772,0.826094903117884,0.05897832006703,0.073104456392315,18,0,0,0.04320987654321,0,0,77.6851241175839,77.5971718864728,79.7111992945326,34.2563058731927,0,01:14:30 a.m.,1727730821.04369,359,21.06415,31.12831,43.87169,1,34,424
66fb285f7835ef5c35ebd1ce,66fb26d67835ef5c35ebc3ed,30/09/2024 16:38:23,2024,9,30,16,38,24,0.938755199049317,0.856001188354129,0.642857142857143,0.937646422205246,0.125883838383838,0.499621212121212,0.145454545454546,0.229040404040404,18,0,0,0.055555555555556,0,0,75.2397398353281,78.7754647313471,80.384517443341,35.0114379084967,0,01:14:35 a.m.,1727730826.04771,359,21.04266,31.13213,43.86492,1,39,435
66fb28657835ef5c35ebd201,66fb26d67835ef5c35ebc3ed,30/09/2024 16:38:29,2024,9,30,16,38,29,0.94083605664488,0.818423202614379,0.642857142857143,0.938303376906318,0.017113095238095,0.900752801120448,0,0.082134103641457,18,0,0,0.055555555555556,0,0,77.4769491129785,76.4607891767818,79.7161920323685,33.5753287426082,0,01:14:40 a.m.,1727730831.05257,356,21.05858,31.13289,43.87884,1,39,434
66fb286a7835ef5c35ebd234,66fb26d67835ef5c35ebc3ed,30/09/2024 16:38:34,2024,9,30,16,38,34,0.94110219845514,0.791221033868093,0.642857142857143,0.923567608861726,0.072901728474484,0.819741197914573,0,0.107357073610944,18,0,0,0.055555555555556,0,0,76.3926142227226,76.3918346445436,79.1827943298532,33.7164971251659,0,01:14:45 a.m.,1727730836.05928,359,21.06216,31.14853,43.85719,1,39,434
66fb28747835ef5c35ebd277,66fb26d67835ef5c35ebc3ed,30/09/2024 16:38:44,2024,9,30,16,38,45,0.938935113519091,0.86203560371517,0.678571428571429,0.95515873015873,0.018518518518519,0.866851565187479,0,0.114629916294003,19,0,0,0.021929824561404,0,0,78.8495367810867,78.4422645154553,81.9409737579242,34.5321939448294,0,01:14:50 a.m.,1727730841.06724,363,21.0749,31.18057,43.84699,1,42,440
66fb287d7835ef5c35ebd2ba,66fb26d67835ef5c35ebc3ed,30/09/2024 16:38:53,2024,9,30,16,38,54,0.9375,0.875,0.571428571428571,1,0,0.887143102855177,0,0.112856897144823,16,0,0,0,0,0,78.3803595999803,77.3660714285714,77.8571428571429,33.8392857142857,0,01:14:55 a.m.,1727730846.07532,364,21.01937,31.14967,43.83526,1,47,450
66fb28827835ef5c35ebd2ed,66fb26d67835ef5c35ebc3ed,30/09/2024 16:38:58,2024,9,30,16,38,59,0.943203463203463,0.677878787878788,0.785714285714286,1,0,1,0,0,22,0,0,0,0,0,78.9233766233766,77.8519480519481,82.7142857142857,34.0679653679654,0,01:15:00 a.m.,1727730850.07757,361,21.04405,31.15692,43.80655,1,44,445
66fb28887835ef5c35ebd320,66fb26d67835ef5c35ebc3ed,30/09/2024 16:39:04,2024,9,30,16,39,4,1,0.655,0.714285714285714,0.995,0,1,0,0,20,0,0,0.005,0,0,78.7142857142857,77.2607142857143,81.6714285714286,33.6428571428571,0,01:15:05 a.m.,1727730855.08122,359,21.03768,31.14548,43.81924,1,49,455
66fb288d7835ef5c35ebd353,66fb26d67835ef5c35ebc3ed,30/09/2024 16:39:09,2024,9,30,16,39,9,0.982683982683983,0.728138528138528,0.821428571428571,0.963169241825368,0,1,0,0,23,0,0,0.015810276679842,0,0,80.7146835378061,79.6376726040758,86.7272727272728,34.9542032407645,0,01:15:10 a.m.,1727730860.08438,362,21.02634,31.15921,43.82257,1,39,434
66fb28927835ef5c35ebd386,66fb26d67835ef5c35ebc3ed,30/09/2024 16:39:14,2024,9,30,16,39,15,1,0.690909090909091,0.714285714285714,0.986363636363637,0,1,0,0,20,0,0,0.004545454545455,0,0,79.2597402597403,77.762987012987,82.3896103896104,33.9155844155844,0,01:15:15 a.m.,1727730865.09568,366,21.03032,31.14319,43.84041,1,43,442
66fb28987835ef5c35ebd3b9,66fb26d67835ef5c35ebc3ed,30/09/2024 16:39:19,2024,9,30,16,39,20,1,0.695454545454545,0.714285714285714,0.963397129186603,0,1,0,0,20,0,0,0.004545454545455,0,0,78.8913192071087,77.2797334244703,82.4805194805195,33.7313738892686,0,01:15:20 a.m.,1727730870.10082,370,21.0339,31.10676,43.7644,1,23,400
66fb289d7835ef5c35ebd3ec,66fb26d67835ef5c35ebc3ed,30/09/2024 16:39:25,2024,9,30,16,39,25,1,0.775108225108225,0.785714285714286,0.924023212300724,0,1,0,0,22,0,0,0.045454545454546,0,0,80.7683430338933,79.3170305239683,86.9307359307359,34.8484572312323,0,01:15:25 a.m.,1727730875.11745,370,21.01818,31.10847,43.67733,1,21,400
66fb28a27835ef5c35ebd41f,66fb26d67835ef5c35ebc3ed,30/09/2024 16:39:30,2024,9,30,16,39,30,1,0.702380952380952,0.75,0.954283435862383,0,1,0,0,21,0,0,0.043290043290043,0,0,79.3832877648667,77.9047049441786,84.0476190476191,34.0666438824334,0,01:15:30 a.m.,1727730880.12053,372,20.99868,31.11172,43.70594,1,18,400
66fb28a77835ef5c35ebd452,66fb26d67835ef5c35ebc3ed,30/09/2024 16:39:35,2024,9,30,16,39,36,0.960389610389611,0.672510822510823,0.75,0.931685273790537,0,1,0,0,21,0,0,0.047619047619048,0,0,77.3436621857674,75.7520885547201,81.8658008658009,33.1458570669097,0,01:15:35 a.m.,1727730885.1252,370,21.01221,31.13308,43.66665,1,17,400
66fb28ad7835ef5c35ebd494,66fb26d67835ef5c35ebc3ed,30/09/2024 16:39:41,2024,9,30,16,39,41,0.978354978354978,0.692424242424243,0.75,0.947797524113314,0.00933014354067,0.99066985645933,0,0,21,0,0,0.047619047619048,0,0,78.5133097896256,77.1422495633022,82.982683982684,33.779068884332,0,01:15:40 a.m.,1727730890.1328,370,20.974,31.14929,43.71777,1,26,404
66fb28b27835ef5c35ebd4c8,66fb26d67835ef5c35ebc3ed,30/09/2024 16:39:46,2024,9,30,16,39,47,0.953782182729551,0.724086731981469,0.75,0.943193545360728,0.01780303030303,0.98219696969697,0,0,21,0,0,0.047619047619048,0,0,78.4401601150827,77.1731732964318,82.6330219488114,33.8886549037478,0,01:15:45 a.m.,1727730895.15269,361,21.00823,31.15597,43.70766,1,23,400
66fb28b87835ef5c35ebd4fb,66fb26d67835ef5c35ebc3ed,30/09/2024 16:39:52,2024,9,30,16,39,52,0.990430622009569,0.712387028176502,0.75,0.948084337403223,0.027072192513369,0.95120320855615,0,0.021724598930481,21,0,0,0.047619047619048,0,0,79.0029468725289,78.1166974365504,83.8649654439128,34.2797418010266,0,01:15:50 a.m.,1727730900.15945,361,21.00146,31.14758,43.6903,1,29,411
66fb28bd7835ef5c35ebd52e,66fb26d67835ef5c35ebc3ed,30/09/2024 16:39:57,2024,9,30,16,39,58,1,0.73921568627451,0.678571428571429,0.94499484004128,0.046245421245421,0.917652445593622,0.036102133160957,0,19,0,0,0.052631578947368,0,0,78.5017606232776,77.6742946166321,81.9271708683474,34.0902737613264,0,01:15:55 a.m.,1727730905.17744,365,20.96644,31.1409,43.70623,1,42,439
66fb28c27835ef5c35ebd561,66fb26d67835ef5c35ebc3ed,30/09/2024 16:40:02,2024,9,30,16,40,3,1,0.771310629514964,0.678571428571429,0.943313553491572,0.006666666666667,0.987450980392157,0.005882352941176,0,19,0,0,0.052631578947368,0,0,79.4122315592904,77.6804799990172,82.5690697331564,33.9986227824463,0,01:16:00 a.m.,1727730910.19551,370,20.9139,31.14243,43.74905,1,32,418
66fb28c77835ef5c35ebd594,66fb26d67835ef5c35ebc3ed,30/09/2024 16:40:07,2024,9,30,16,40,8,1,0.720680489101542,0.785714285714286,0.949433501108142,0.006993006993007,0.993006993006993,0,0,22,0,0,0.045454545454546,0,0,80.187994089908,78.9686281289152,85.8421812106023,34.6282128291698,0,01:16:05 a.m.,1727730915.20152,364,20.91788,31.18134,43.78014,1,45,446
66fb28cd7835ef5c35ebd5c7,66fb26d67835ef5c35ebc3ed,30/09/2024 16:40:12,2024,9,30,16,40,13,1,0.739978734715577,0.857142857142857,0.953979946272436,0,1,0,0,24,0,0,0.041666666666667,0,0,81.7363164769031,80.7919304939796,89.0852889800258,35.5110153813087,0,01:16:10 a.m.,1727730920.20652,358,20.87928,31.17104,43.7727,1,35,426
66fb28d27835ef5c35ebd5fa,66fb26d67835ef5c35ebc3ed,30/09/2024 16:40:18,2024,9,30,16,40,18,0.973684210526316,0.703801169590643,0.857142857142857,0.9566534914361,0.014285714285714,0.930819597069597,0.054894688644689,0,24,0,0,0.041666666666667,0,0,79.8593944543888,79.6916087980161,87.3091060985798,35.0556744298163,0,01:16:15 a.m.,1727730925.21221,362,20.86575,31.16779,43.76678,1,33,420
66fb28d77835ef5c35ebd62d,66fb26d67835ef5c35ebc3ed,30/09/2024 16:40:23,2024,9,30,16,40,24,1,0.736192332683561,0.821428571428571,0.945761967501098,0.013117283950617,0.863719305385972,0.123163410663411,0,23,0,0,0.043478260869565,0,0,79.7288804684876,79.9932265290293,87.5809895108141,35.1650015556385,0,01:16:20 a.m.,1727730930.22181,361,20.89082,31.19488,43.77165,1,39,434
66fb28dd7835ef5c35ebd660,66fb26d67835ef5c35ebc3ed,30/09/2024 16:40:29,2024,9,30,16,40,29,1,0.737134502923977,0.75,0.950451127819549,0.041531832031058,0.804706005209101,0.153762162759841,0,21,0,0,0.047619047619048,0,0,78.4640909872721,79.1269457344341,84.7426900584795,34.7911746277458,0,01:16:25 a.m.,1727730935.2312,364,20.86933,31.20003,43.77651,1,44,444
66fb28e27835ef5c35ebd693,66fb26d67835ef5c35ebc3ed,30/09/2024 16:40:34,2024,9,30,16,40,35,1,0.717942583732057,0.714285714285714,0.945075757575758,0.0353705118411,0.932543926661574,0.032085561497326,0,20,0,0,0.05,0,0,78.6537969254688,77.8020175773659,82.9302802460697,34.1267456743463,0,01:16:30 a.m.,1727730940.23731,367,20.90435,31.16531,43.78557,1,44,445
66fb28e77835ef5c35ebd6c6,66fb26d67835ef5c35ebc3ed,30/09/2024 16:40:39,2024,9,30,16,40,40,1,0.698564593301435,0.714285714285714,0.948059542796385,0,1,0,0,20,0,0,0.05,0,0,78.6467684362421,76.9584947216526,82.5427204374573,33.6090985038353,0,01:16:35 a.m.,1727730945.24215,358,20.88087,31.16913,43.74809,1,39,433
66fb28ed7835ef5c35ebd6f9,66fb26d67835ef5c35ebc3ed,30/09/2024 16:40:45,2024,9,30,16,40,45,1,0.75,0.75,0.949908863066758,0.014568764568765,0.985431235431236,0,0,21,0,0,0.047619047619048,0,0,80.2481772613352,78.9662530452004,85,34.6447762763552,0,01:16:40 a.m.,1727730950.24926,358,20.90933,31.1842,43.7108,1,43,442
66fb28f27835ef5c35ebd72c,66fb26d67835ef5c35ebc3ed,30/09/2024 16:40:50,2024,9,30,16,40,50,0.968253968253968,0.683862433862434,0.75,0.925935208391349,0.053707294883766,0.864698699992817,0.081594005123417,0,21,0,0,0.047619047619048,0,0,76.8363620001907,76.8375875166381,82.4074074074074,33.8175890539152,0,01:16:45 a.m.,1727730955.25512,371,20.94117,31.18134,43.70384,1,48,453
66fb28f77835ef5c35ebd75f,66fb26d67835ef5c35ebc3ed,30/09/2024 16:40:55,2024,9,30,16,40,56,0.990476190476191,0.688020050125313,0.75,0.892084623323014,0.068528873087697,0.83111802413273,0.100353102779573,0,21,0,0,0.047619047619048,0,0,76.6104672030756,76.8523544438018,83.3794486215539,33.8910973701221,0,01:16:50 a.m.,1727730960.26044,361,20.94714,31.11172,43.68763,1,44,445
66fb28fd7835ef5c35ebd7a1,66fb26d67835ef5c35ebc3ed,30/09/2024 16:41:01,2024,9,30,16,41,2,1,0.688684210526316,0.714285714285714,0.922679738562092,0.072571913380737,0.90815287653523,0.019275210084034,0,20,0,0,0.05,0,0,77.7488125952135,77.214970661004,82.3451127819549,33.9822157675486,0,01:16:55 a.m.,1727730965.26384,354,20.94196,31.12774,43.67609,1,37,430
66fb29027835ef5c35ebd7d5,66fb26d67835ef5c35ebc3ed,30/09/2024 16:41:06,2024,9,30,16,41,7,1,0.666081871345029,0.714285714285714,0.943934181859878,0.066264753764754,0.816237003737004,0.117498242498243,0,20,0,0,0.05,0,0,76.7396243534015,77.1996775655831,81.8930659983292,33.9056652125538,0,01:17:00 a.m.,1727730970.26762,356,20.96385,31.16817,43.68467,1,43,442
66fb29087835ef5c35ebd808,66fb26d67835ef5c35ebc3ed,30/09/2024 16:41:12,2024,9,30,16,41,12,0.971345029239766,0.67719298245614,0.75,0.949651907546645,0.077690827690828,0.906436156436156,0.015873015873016,0,21,0,0,0.047619047619048,0,0,77.9117933723197,77.7341454841455,82.3976608187135,34.2588074693338,0,01:17:05 a.m.,1727730975.2873,359,20.96147,31.15501,43.67189,1,41,437
66fb290d7835ef5c35ebd83b,66fb26d67835ef5c35ebc3ed,30/09/2024 16:41:17,2024,9,30,16,41,18,0.947017543859649,0.692631578947368,0.821428571428571,0.917730095990966,0.081943056943057,0.918056943056943,0,0,23,0,0,0.043478260869565,0,0,78.2041006666865,78.12903985793,84.5904761904762,34.6075084716961,0,01:17:10 a.m.,1727730980.29546,367,20.96545,31.1594,43.65568,1,39,434
66fb29137835ef5c35ebd86e,66fb26d67835ef5c35ebc3ed,30/09/2024 16:41:23,2024,9,30,16,41,23,0.938888888888889,0.639583333333333,0.75,0.947312152931348,0.066025641025641,0.933974358974359,0,0,21,0,0,0.047619047619048,0,0,76.4601319475158,75.9370773275572,80.3472222222223,33.4181001617921,0,01:17:15 a.m.,1727730985.30376,367,20.96943,31.1573,43.70966,1,40,436
66fb29187835ef5c35ebd8a1,66fb26d67835ef5c35ebc3ed,30/09/2024 16:41:28,2024,9,30,16,41,28,0.92483660130719,0.62843137254902,0.642857142857143,0.881960784313726,0.014285714285714,0.985714285714286,0,0,18,0,0,0.055555555555556,0,0,72.9716153127918,70.8099906629318,75.2763772175537,30.9237161531279,0,01:17:20 a.m.,1727730990.31457,361,20.97341,31.1409,43.68505,1,42,441
66fb291d7835ef5c35ebd8d4,66fb26d67835ef5c35ebc3ed,30/09/2024 16:41:33,2024,9,30,16,41,34,0.880252837977296,0.579549363605091,0.714285714285714,0.878197945845005,0,0.934468864468864,0.065531135531136,0,20,0,0,0.045,0,0,71.2202414974087,69.8379711533736,75.3725293626223,30.5228586171311,0,01:17:25 a.m.,1727730995.32574,355,21.0152,31.11916,43.73026,1,54,465
66fb29237835ef5c35ebd907,66fb26d67835ef5c35ebc3ed,30/09/2024 16:41:39,2024,9,30,16,41,39,0.912222065859837,0.634807830628264,0.678571428571429,0.900816993464053,0.020979020979021,0.937062937062937,0.041958041958042,0,19,0,0,0.033492822966507,0,0,73.2770391373333,71.9082469817764,76.3278963898159,31.473973395026,0,01:17:30 a.m.,1727731000.33279,355,20.98952,31.15311,43.75982,1,45,447
66fb29287835ef5c35ebd93a,66fb26d67835ef5c35ebc3ed,30/09/2024 16:41:44,2024,9,30,16,41,44,0.928878568971448,0.610023219814242,0.678571428571429,0.869883286647993,0.013574660633484,0.96289592760181,0.023529411764706,0,19,0,0,0.052631578947368,0,0,72.7633716644553,70.9445592677017,76.4984642979999,31.0093116463859,0,01:17:35 a.m.,1727731005.33773,359,20.9541,31.14223,43.78958,1,48,454
66fb292d7835ef5c35ebd96d,66fb26d67835ef5c35ebc3ed,30/09/2024 16:41:49,2024,9,30,16,41,50,0.921258806552924,0.628328173374613,0.75,0.883425642984466,0,1,0,0,21,0,0,0.047619047619048,0,0,74.5165464910047,72.683674705927,79.4169157296092,31.83012622912,0,01:17:40 a.m.,1727731010.35234,359,20.98355,31.14319,43.78853,1,57,472
66fb29337835ef5c35ebd9a0,66fb26d67835ef5c35ebc3ed,30/09/2024 16:41:55,2024,9,30,16,41,55,0.904181130187323,0.694858804765926,0.678571428571429,0.920215390669936,0,0.967532467532468,0.032467532467533,0,19,0,0,0.052631578947368,0,0,74.7599082672964,73.0785176881786,77.2072784456686,31.9782675419461,0,01:17:45 a.m.,1727731015.3583,350,20.96863,31.10867,43.74809,1,59,474
66fb29387835ef5c35ebd9d3,66fb26d67835ef5c35ebc3ed,30/09/2024 16:42:00,2024,9,30,16,42,1,0.892156862745098,0.716013071895425,0.642857142857143,0.927857142857143,0,0.925854341736695,0.074145658263305,0,18,0,0,0.011111111111111,0,0,74.0827264239029,72.6777544351074,75.7208216619982,31.7888422035481,0,01:17:50 a.m.,1727731020.36625,349,20.95032,31.11191,43.80054,1,44,444
66fb293d7835ef5c35ebda06,66fb26d67835ef5c35ebc3ed,30/09/2024 16:42:05,2024,9,30,16,42,6,0.891489508083935,0.671331269349845,0.714285714285714,0.942844573726927,0,0.950686274509804,0.049313725490196,0,20,0,0,0,0,0,74.7919030230176,73.5706917179828,77.6576342817829,32.1995106544642,0,01:17:55 a.m.,1727731025.37499,353,20.98296,31.10809,43.78386,1,46,449
66fb29437835ef5c35ebda3a,66fb26d67835ef5c35ebc3ed,30/09/2024 16:42:11,2024,9,30,16,42,11,0.911587144739319,0.639831545266328,0.821428571428571,0.884933995528036,0.017948717948718,0.951720399698341,0.030330882352941,0,23,0,0,0.043478260869565,0,0,75.3031091822694,74.4074616098126,82.1172595520422,32.7572997491097,0,01:18:00 a.m.,1727731030.38217,359,20.96266,31.11649,43.84327,1,44,445
66fb29487835ef5c35ebda7c,66fb26d67835ef5c35ebc3ed,30/09/2024 16:42:16,2024,9,30,16,42,17,0.958065015479876,0.694590643274854,0.714285714285714,0.889893162393163,0,0.872634192003387,0.127365807996613,0,20,0,0,0.05,0,0,75.0819291346768,74.3764815980373,80.7858420561207,32.5683453543361,0,01:18:05 a.m.,1727731035.38968,361,20.97938,31.10771,43.74619,1,36,428
66fb294e7835ef5c35ebdaaf,66fb26d67835ef5c35ebc3ed,30/09/2024 16:42:22,2024,9,30,16,42,22,0.95874183006536,0.681454248366013,0.678571428571429,0.881303749570003,0.060654761904762,0.80375,0.135595238095238,0,19,0,0,0.052631578947368,0,0,74.0463247579734,74.1114744582043,79.1216153127918,32.6072601847757,0,01:18:10 a.m.,1727731040.39994,357,20.98137,31.13289,43.77594,1,35,425
66fb29537835ef5c35ebdae2,66fb26d67835ef5c35ebc3ed,30/09/2024 16:42:27,2024,9,30,16,42,27,1,0.617052881758764,0.642857142857143,1,0,1,0,0,18,0,0,0,0,0,76.9839147780324,75.1982004923182,78.055343349461,32.5991002461591,0,01:18:15 a.m.,1727731045.40636,349,20.98455,31.15768,43.76955,1,35,425
66fb29587835ef5c35ebdb15,66fb26d67835ef5c35ebc3ed,30/09/2024 16:42:32,2024,9,30,16,42,32,1,0.649732620320856,0.642857142857143,1,0,1,0,0,18,0,0,0,0,0,77.6375095492743,75.85179526356,78.7089381207028,32.92589763178,0,01:18:20 a.m.,1727731050.41583,349,20.99569,31.09303,43.78185,1,44,444
66fb295e7835ef5c35ebdb48,66fb26d67835ef5c35ebc3ed,30/09/2024 16:42:37,2024,9,30,16,42,38,1,0.677387914230019,0.714285714285714,0.986817738791423,0,1,0,0,20,0,0,0,0,0,78.9983987747146,77.5039160401003,82.119186856029,33.7849136730716,0,01:18:25 a.m.,1727731055.42127,349,21.04067,31.10485,43.8118,1,55,466
66fb29637835ef5c35ebdb7b,66fb26d67835ef5c35ebc3ed,30/09/2024 16:42:43,2024,9,30,16,42,43,1,0.666666666666667,0.642857142857143,1,0,1,0,0,18,0,0,0,0,0,77.9761904761905,76.1904761904762,79.0476190476191,33.0952380952381,0,01:18:30 a.m.,1727731060.42938,357,21.04942,31.10352,43.79845,1,53,462
66fb29687835ef5c35ebdbae,66fb26d67835ef5c35ebc3ed,30/09/2024 16:42:48,2024,9,30,16,42,48,1,0.710526315789474,0.678571428571429,1,0,0.961985294117647,0.038014705882353,0,19,0,0,0,0,0,62.6221804511278,81.5131578947368,77.8195488721805,33.890977443609,0,01:18:35 a.m.,1727731065.43313,349,21.02395,31.10161,43.79139,1,44,444
66fb296e7835ef5c35ebdbe1,66fb26d67835ef5c35ebc3ed,30/09/2024 16:42:54,2024,9,30,16,42,54,1,0.6328065875473,0.678571428571429,1,0.057751831501832,0.900115815556992,0.042132352941177,0,19,0,0,0,0,0,62.900180315041,79.5701646886825,77.0423515897587,33.6912984762056,0,01:18:40 a.m.,1727731070.44786,354,21.05261,31.12507,43.80426,1,38,431
66fb29737835ef5c35ebdc14,66fb26d67835ef5c35ebc3ed,30/09/2024 16:42:59,2024,9,30,16,42,59,1,0.616124480095068,0.642857142857143,0.975484074748781,0.034615384615385,0.950815850815851,0.014568764568765,0,18,0,0,0.02020202020202,0,0,60.8109415094709,77.2902138710962,74.7326733723793,32.6908108231638,0,01:18:45 a.m.,1727731075.4557,355,21.04942,31.12736,43.83411,1,42,440
66fb29787835ef5c35ebdc47,66fb26d67835ef5c35ebc3ed,30/09/2024 16:43:04,2024,9,30,16,43,5,0.988562091503268,0.633169934640523,0.642857142857143,0.92112906701142,0.067657342657343,0.915675990675991,0.016666666666667,0,18,0,0,0.055555555555556,0,0,60.8485889927067,76.1859064138476,74.5599906629318,32.533755786697,0,01:18:50 a.m.,1727731080.47573,359,21.08206,31.14185,43.85166,1,44,445
66fb297e7835ef5c35ebdc7a,66fb26d67835ef5c35ebc3ed,30/09/2024 16:43:09,2024,9,30,16,43,10,1,0.588235294117647,0.607142857142857,0.935749299719888,0.116559366559367,0.866244866244866,0.017195767195767,0,17,0,0,0.058823529411765,0,0,60.9523245001186,74.3496148459384,72.3109243697479,32.4768681753976,0,01:18:55 a.m.,1727731085.47955,358,21.03112,31.12545,43.81037,1,44,444
66fb29837835ef5c35ebdcad,66fb26d67835ef5c35ebc3ed,30/09/2024 16:43:15,2024,9,30,16,43,15,0.951298701298702,0.665772720571482,0.75,0.993506493506494,0.008264462809917,0.983471074380165,0.008264462809917,0,21,0,0,0.004329004329004,0,0,62.8717738073916,82.0014608714299,80.1966882446759,33.6884237818659,0,01:19:00 a.m.,1727731090.48559,361,20.9742,31.13022,43.83001,1,43,441
66fb29887835ef5c35ebdce0,66fb26d67835ef5c35ebc3ed,30/09/2024 16:43:20,2024,9,30,16,43,21,0.987012987012987,0.752620186830713,0.75,1,0,1,0,0,21,0,0,0,0,0,64.7795625427204,84.8706994759626,82.1365914786967,34.896331738437,0,01:19:05 a.m.,1727731095.4906,364,20.94077,31.12659,43.92881,1,40,436
66fb298e7835ef5c35ebdd13,66fb26d67835ef5c35ebc3ed,30/09/2024 16:43:26,2024,9,30,16,43,26,0.971694387483861,0.722617148932938,0.75,1,0,1,0,0,21,0,0,0,0,0,64.0231449836713,83.8908445355814,81.3770031138452,34.443115364168,0,01:19:10 a.m.,1727731100.49283,359,20.90376,31.10657,43.92986,1,45,446
66fb29937835ef5c35ebdd47,66fb26d67835ef5c35ebc3ed,30/09/2024 16:43:31,2024,9,30,16,43,31,0.949259512417407,0.672784233310549,0.75,0.942327688651218,0,1,0,0,21,0,0,0,0,0,61.9618690777747,80.8666907353053,80.2056277056277,33.1437143437917,0,01:19:15 a.m.,1727731105.4968,359,20.88187,31.11744,43.92614,1,41,439
66fb29987835ef5c35ebdd82,66fb26d67835ef5c35ebc3ed,30/09/2024 16:43:36,2024,9,30,16,43,36,0.949282296650718,0.664114832535885,0.714285714285714,0.960627951340026,0,1,0,0,20,0,0,0,0,0,61.2139305482959,79.8578040466585,77.9767600820232,32.8831079481234,0,01:19:20 a.m.,1727731110.50082,355,20.85003,31.11591,43.92376,1,40,437
66fb299d7835ef5c35ebddbb,66fb26d67835ef5c35ebc3ed,30/09/2024 16:43:41,2024,9,30,16,43,42,0.986124401913876,0.686538315485684,0.75,1,0.014069264069264,0.979437229437229,0,0.006493506493506,21,0,0,0,0,0,64.1222943722944,83.2053239158502,81.4491152122731,34.3673198146882,0,01:19:25 a.m.,1727731115.50592,357,20.85639,31.11649,43.98708,1,32,419
66fb29a37835ef5c35ebddef,66fb26d67835ef5c35ebc3ed,30/09/2024 16:43:47,2024,9,30,16,43,47,0.995867768595041,0.715765653803931,0.785714285714286,1,0,0.898367467351424,0,0.101632532648575,22,0,0,0,0,0,65.296697321817,85.3321578740239,84.1765467387477,34.9734770811326,0,01:19:30 a.m.,1727731120.51301,349,20.82455,31.11801,44.0444,1,27,407
66fb29a87835ef5c35ebde22,66fb26d67835ef5c35ebc3ed,30/09/2024 16:43:52,2024,9,30,16,43,52,1,0.716666666666667,0.75,1,0,0.955792540792541,0,0.044207459207459,21,0,0,0,0,0,64.5,84.1666666666667,82.1666666666667,34.6666666666667,0,01:19:35 a.m.,1727731125.5246,350,20.80266,31.10771,44.14444,1,29,413
66fb29ad7835ef5c35ebde55,66fb26d67835ef5c35ebc3ed,30/09/2024 16:43:57,2024,9,30,16,43,58,1,0.722727272727273,0.714285714285714,1,0,1,0,0,20,0,0,0,0,0,63.6980519480519,83.0681818181818,80.0844155844156,34.3701298701299,0,01:19:40 a.m.,1727731130.53074,358,20.80625,31.10752,44.15102,1,27,408
66fb29b87835ef5c35ebde98,66fb26d67835ef5c35ebc3ed,30/09/2024 16:44:08,2024,9,30,16,44,9,1,0.725,0.714285714285714,1,0,1,0,0,20,0,0,0,0,0,63.7321428571429,83.125,80.1071428571429,34.3928571428571,0,01:19:45 a.m.,1727731135.53744,357,20.85082,31.11591,44.08455,1,33,420
66fb29be7835ef5c35ebdecb,66fb26d67835ef5c35ebc3ed,30/09/2024 16:44:14,2024,9,30,16,44,14,0.939234449760766,0.686602870813397,0.714285714285714,0.936396936396937,0,1,0,0,20,0,0,0.040909090909091,0,0,60.9868289605132,79.6635119266698,77.9002050580998,32.7651997125681,0,01:19:50 a.m.,1727731140.54163,358,20.89142,31.10256,44.03353,1,29,412
66fb29c37835ef5c35ebdefe,66fb26d67835ef5c35ebc3ed,30/09/2024 16:44:19,2024,9,30,16,44,19,0.949737981316929,0.689120528594213,0.75,0.935864135864136,0,1,0,0,21,0,0,0.043290043290043,0,0,62.1195295932138,81.1206863312126,80.38334472545,33.2472264577528,0,01:19:55 a.m.,1727731145.55943,350,20.94336,31.12164,44.06786,1,29,412
66fb29c87835ef5c35ebdf31,66fb26d67835ef5c35ebc3ed,30/09/2024 16:44:24,2024,9,30,16,44,25,0.944930508088403,0.627044884939622,0.75,0.93241341991342,0.005681818181818,0.994318181818182,0,0,21,0,0,0.047619047619048,0,0,61.1825301891092,79.4104152426521,79.6183640920483,32.6007063112326,0,01:20:00 a.m.,1727731150.56381,351,20.94813,31.13918,43.99033,1,33,420
66fb29ce7835ef5c35ebdf64,66fb26d67835ef5c35ebc3ed,30/09/2024 16:44:30,2024,9,30,16,44,30,0.911483253588517,0.635167464114833,0.714285714285714,0.938151472710296,0.018834107069401,0.981165892930599,0,0,20,0,0,0.05,0,0,60.1574446580252,78.005222224456,76.5533151059467,32.1792201176876,0,01:20:05 a.m.,1727731155.56818,358,20.94395,31.13194,44.02561,1,33,421
66fb29d37835ef5c35ebdf97,66fb26d67835ef5c35ebc3ed,30/09/2024 16:44:35,2024,9,30,16,44,36,0.892822966507177,0.650478468899522,0.714285714285714,0.951566325831032,0.070066876082919,0.929933123917081,0,0,20,0,0,0.036363636363636,0,0,61.4959460103177,78.4434643658715,76.1466165413534,32.7922035160636,0,01:20:10 a.m.,1727731160.57142,349,20.95868,31.09779,44.0383,1,29,411
66fb29d97835ef5c35ebdfcb,66fb26d67835ef5c35ebc3ed,30/09/2024 16:44:41,2024,9,30,16,44,41,0.901960784313726,0.641884531590414,0.642857142857143,0.951923076923077,0.020567810457516,0.979432189542484,0,0,18,0,0,0.037037037037037,0,0,58.5319536468433,75.8746019775432,72.0490974167445,31.5919334614188,0,01:20:15 a.m.,1727731165.57523,353,21.01301,31.12793,44.04097,1,35,425
66fb29de7835ef5c35ebdffe,66fb26d67835ef5c35ebc3ed,30/09/2024 16:44:46,2024,9,30,16,44,46,0.918863558182444,0.691371923570066,0.678571428571429,0.987878787878788,0,1,0,0,19,0,0,0.009569377990431,0,0,60.5303175496674,79.514221158958,75.1939116954597,32.7668569820273,0,01:20:20 a.m.,1727731170.57764,357,21.05042,31.09913,43.99529,1,33,421
66fb29e37835ef5c35ebe03f,66fb26d67835ef5c35ebc3ed,30/09/2024 16:44:51,2024,9,30,16,44,52,0.946996278575226,0.713530037214248,0.714285714285714,0.993939393939394,0,1,0,0,20,0,0,0.004545454545455,0,0,62.409109895952,81.8916799574694,78.4023315865421,33.6875142401458,0,01:20:25 a.m.,1727731175.58228,348,21.07529,31.12373,44.03658,1,52,460
66fb29e97835ef5c35ebe073,66fb26d67835ef5c35ebc3ed,30/09/2024 16:44:57,2024,9,30,16,44,57,0.944931773879142,0.661062378167641,0.678571428571429,1,0,1,0,0,19,0,0,0,0,0,60.7788568643832,79.4505360623782,75.6728627123364,32.8456558061821,0,01:20:30 a.m.,1727731180.58753,358,21.06256,31.11877,44.03238,1,28,411
66fb29ee7835ef5c35ebe0a6,66fb26d67835ef5c35ebc3ed,30/09/2024 16:45:02,2024,9,30,16,45,2,0.944585170591363,0.614113268912031,0.678571428571429,1,0,1,0,0,19,0,0,0,0,0,60.0676881597934,78.2716092816712,75.1929735211469,32.3726986807482,0,01:20:35 a.m.,1727731185.59871,346,21.04345,31.10561,44.13319,1,31,417
66fb29f37835ef5c35ebe0d9,66fb26d67835ef5c35ebc3ed,30/09/2024 16:45:07,2024,9,30,16,45,7,0.947235513024987,0.66270600744285,0.714285714285714,1,0,1,0,0,20,0,0,0,0,0,61.7424432292853,80.776182881446,77.9012683223209,33.2422723475355,0,01:20:40 a.m.,1727731190.6078,352,21.05062,31.12373,44.1658,1,26,404
66fb29f87835ef5c35ebe10c,66fb26d67835ef5c35ebc3ed,30/09/2024 16:45:12,2024,9,30,16,45,13,0.948086124401914,0.613157894736842,0.714285714285714,1,0,1,0,0,20,0,0,0,0,0,61.0162337662338,79.5502392344498,77.4313055365687,32.7552973342447,0,01:20:45 a.m.,1727731195.61335,355,21.02554,31.08025,44.14186,1,17,400
66fb29fe7835ef5c35ebe13f,66fb26d67835ef5c35ebc3ed,30/09/2024 16:45:18,2024,9,30,16,45,18,0.947368421052632,0.688995215311005,0.678571428571429,1,0,1,0,0,19,0,0,0,0,0,61.2465823650034,80.1854066985646,76.0252904989747,33.1493506493506,0,01:20:50 a.m.,1727731200.63157,352,21.05022,31.12221,44.12727,1,13,400
66fb2a037835ef5c35ebe172,66fb26d67835ef5c35ebc3ed,30/09/2024 16:45:23,2024,9,30,16,45,23,0.947368421052632,0.69377990430622,0.678571428571429,1,0,1,0,0,19,0,0,0,0,0,61.3183526999317,80.305023923445,76.0731373889269,33.1971975393028,0,01:20:55 a.m.,1727731205.6349,346,21.07589,31.11172,44.14444,1,24,401
66fb2a087835ef5c35ebe1a5,66fb26d67835ef5c35ebc3ed,30/09/2024 16:45:28,2024,9,30,16,45,29,0.947368421052632,0.708133971291866,0.678571428571429,1,0,1,0,0,19,0,0,0,0,0,61.5336637047163,80.6638755980861,76.2166780587833,33.3407382091593,0,01:21:00 a.m.,1727731210.63979,343,21.09241,31.13251,44.17896,1,23,400
66fb2a0d7835ef5c35ebe1d8,66fb26d67835ef5c35ebc3ed,30/09/2024 16:45:33,2024,9,30,16,45,34,0.942583732057416,0.679425837320574,0.678571428571429,1,0,1,0,0,19,0,0,0,0,0,61.0073479152427,79.8744019138756,75.7860560492139,33.0058099794942,0,01:21:05 a.m.,1727731215.6433,346,21.01858,31.13766,44.23895,1,24,400
66fb2a137835ef5c35ebe20b,66fb26d67835ef5c35ebc3ed,30/09/2024 16:45:38,2024,9,30,16,45,39,0.878468899521531,0.704545454545455,0.714285714285714,0.97514985014985,0.016711229946524,0.983288770053476,0,0,20,0,0,0.013636363636364,0,0,61.0397311666661,80.1694161102056,76.2566643882433,32.8916114844907,0,01:21:10 a.m.,1727731220.65658,346,21.03291,31.11801,44.2564,1,25,402
66fb2a187835ef5c35ebe23e,66fb26d67835ef5c35ebc3ed,30/09/2024 16:45:44,2024,9,30,16,45,45,0.858783321941217,0.67615629984051,0.75,0.922635697635698,0.028154701335816,0.934957624934405,0.036887673729779,0,21,0,0,0.047619047619048,0,0,60.6114139343628,79.1015497660235,77.5250626566416,32.3573002075324,0,01:21:15 a.m.,1727731225.66349,352,21.03569,31.13804,44.23695,1,33,420
66fb2a1e7835ef5c35ebe271,66fb26d67835ef5c35ebc3ed,30/09/2024 16:45:50,2024,9,30,16,45,50,0.858479532163743,0.623258904837852,0.714285714285714,0.862329337329337,0.004545454545455,0.981016042780749,0.014438502673797,0,20,0,0,0.05,0,0,57.4241934965619,75.0168990366359,74.8441178704337,30.628989431621,0,01:21:20 a.m.,1727731230.66777,349,21.02773,31.08978,44.19804,1,39,435
66fb2a237835ef5c35ebe2a4,66fb26d67835ef5c35ebc3ed,30/09/2024 16:45:55,2024,9,30,16,45,56,0.889081527347781,0.700380116959064,0.714285714285714,0.931838235294118,0.03718137254902,0.938504901960784,0.024313725490196,0,20,0,0,0.05,0,0,61.0515830016217,79.1416817165463,76.5333898471669,32.727669664357,0,01:21:25 a.m.,1727731235.67226,343,21.03728,31.05392,44.18297,1,35,424
66fb2a287835ef5c35ebe2d7,66fb26d67835ef5c35ebc3ed,30/09/2024 16:46:00,2024,9,30,16,46,1,0.93937048503612,0.695614035087719,0.678571428571429,0.942156862745098,0.025833333333333,0.932261904761905,0.041904761904762,0,19,0,0,0.052631578947368,0,0,60.9640922158337,78.7848297213622,75.8515406162465,32.815461447737,0,01:21:30 a.m.,1727731240.67908,346,21.04524,31.06098,44.19136,1,16,400
66fb2a2e7835ef5c35ebe30b,66fb26d67835ef5c35ebc3ed,30/09/2024 16:46:06,2024,9,30,16,46,6,0.907370699475963,0.800364547732969,0.75,0.937550426869312,0,0.973091820460242,0.026908179539759,0,21,0,0,0.047619047619048,0,0,62.9661386085535,83.3084348571965,80.2247664616086,33.9528567407824,0,01:21:35 a.m.,1727731245.6875,345,20.98734,31.07357,44.19308,1,21,400
66fb2a337835ef5c35ebe34c,66fb26d67835ef5c35ebc3ed,30/09/2024 16:46:11,2024,9,30,16,46,12,0.912588288904078,0.704727728411939,0.75,0.912481146304676,0,1,0,0,21,0,0,0.047619047619048,0,0,61.2598988988308,80.3690462014765,79.4249259512417,32.7979716362069,0,01:21:40 a.m.,1727731250.69339,340,20.97102,31.09818,44.19422,1,19,400
66fb2a397835ef5c35ebe380,66fb26d67835ef5c35ebc3ed,30/09/2024 16:46:16,2024,9,30,16,46,17,0.852677147413989,0.744076099339257,0.75,0.932194031458737,0,0.989304812834225,0,0.010695187165775,21,0,0,0.047619047619048,0,0,60.9475949102497,80.9469104811597,78.0210754158122,32.7894727821198,0,01:21:45 a.m.,1727731255.69908,349,20.96505,31.09589,44.1988,1,22,400
66fb2a3e7835ef5c35ebe3b3,66fb26d67835ef5c35ebc3ed,30/09/2024 16:46:22,2024,9,30,16,46,22,0.848232150624495,0.742530914062014,0.785714285714286,0.948351648351648,0,0.989304812834225,0,0.010695187165775,22,0,0,0.033057851239669,0,0,61.970738591552,82.495546319709,80.0151308022121,33.2482899875244,0,01:21:50 a.m.,1727731260.70232,346,20.91788,31.09779,44.20452,1,27,409
66fb2a437835ef5c35ebe3e6,66fb26d67835ef5c35ebc3ed,30/09/2024 16:46:27,2024,9,30,16,46,27,0.921408894136167,0.790850059031877,0.785714285714286,0.928184315684316,0,0.993506493506494,0,0.006493506493506,22,0,0,0.045454545454546,0,0,63.8565506463234,84.2969927799473,82.6936245572609,34.2615755456665,0,01:21:55 a.m.,1727731265.70988,347,20.96206,31.14853,44.21997,1,28,409
66fb2a487835ef5c35ebe419,66fb26d67835ef5c35ebc3ed,30/09/2024 16:46:32,2024,9,30,16,46,33,0.950846123573396,0.77693821330185,0.785714285714286,0.978275401069519,0,1,0,0,22,0,0,0.016528925619835,0,0,64.9879838298956,85.6430322128852,83.4376229830775,34.9177402365905,0,01:22:00 a.m.,1727731270.71546,355,20.92027,31.12984,44.21692,1,27,406
66fb2a4e7835ef5c35ebe44c,66fb26d67835ef5c35ebc3ed,30/09/2024 16:46:38,2024,9,30,16,46,38,0.919199134199134,0.733290043290043,0.785714285714286,0.985641025641026,0.005882352941176,0.994117647058824,0,0,22,0,0,0.004545454545455,0,0,63.9578646843353,84.2612637362637,82.0517316017316,34.2972684178567,0,01:22:05 a.m.,1727731275.72288,346,20.86634,31.12774,44.24791,1,22,400
66fb2a537835ef5c35ebe47f,66fb26d67835ef5c35ebc3ed,30/09/2024 16:46:43,2024,9,30,16,46,44,0.915196002943039,0.739406772410725,0.857142857142857,0.951831394439754,0,1,0,0,24,0,0,0.034090909090909,0,0,65.1010639901894,86.0088942154075,86.2785192409698,34.6357702693637,0,01:22:10 a.m.,1727731280.72746,348,20.83888,31.13499,44.20652,1,26,404
66fb2a597835ef5c35ebe4b2,66fb26d67835ef5c35ebc3ed,30/09/2024 16:46:48,2024,9,30,16,46,49,0.949715197083618,0.728366370471634,0.75,0.936121721415839,0,1,0,0,21,0,0,0.047619047619048,0,0,62.7116253199845,82.1079302534411,80.7751196172249,33.6420328897109,0,01:22:15 a.m.,1727731285.74371,339,20.85799,31.13575,44.23618,1,29,413
66fb2a5e7835ef5c35ebe4e5,66fb26d67835ef5c35ebc3ed,30/09/2024 16:46:54,2024,9,30,16,46,54,0.948226627173996,0.708627629680261,0.75,0.940833255152141,0,1,0,0,21,0,0,0.047619047619048,0,0,62.4564458159659,81.70992152842,80.5330751120225,33.476875120064,0,01:22:20 a.m.,1727731290.75116,345,20.86993,31.13594,44.23742,1,27,407
66fb2a637835ef5c35ebe518,66fb26d67835ef5c35ebc3ed,30/09/2024 16:46:59,2024,9,30,16,46,0,0.930480125934671,0.707201889020071,0.785714285714286,0.941317587641117,0,1,0,0,22,0,0,0.045454545454546,0,0,62.9802518114684,82.6701888055498,82.129279811098,33.6471388831015,0,01:22:25 a.m.,1727731295.7559,351,20.93361,31.13728,44.19918,1,31,416
66fb2a687835ef5c35ebe54b,66fb26d67835ef5c35ebc3ed,30/09/2024 16:47:04,2024,9,30,16,47,5,0.931644538343103,0.766280715563012,0.785714285714286,1,0,1,0,0,22,0,0,0,0,0,64.7699586431644,85.6316859642218,82.7550004487804,34.836395396204,0,01:22:30 a.m.,1727731300.7598,346,20.92684,31.14567,44.19956,1,22,400
66fb2a6e7835ef5c35ebe57e,66fb26d67835ef5c35ebc3ed,30/09/2024 16:47:10,2024,9,30,16,47,10,0.921393762183236,0.767422027290449,0.714285714285714,1,0,1,0,0,20,0,0,0,0,0,62.7963485101643,83.0064571150098,78.1731759955444,34.031015037594,0,01:22:35 a.m.,1727731305.77567,355,20.88147,31.14414,44.12451,1,26,406
66fb2a737835ef5c35ebe5b1,66fb26d67835ef5c35ebc3ed,30/09/2024 16:47:15,2024,9,30,16,47,16,0.94197235513025,0.769909622541202,0.714285714285714,1,0,1,0,0,20,0,0,0,0,0,63.2452342978659,83.3773258904838,78.8154097364624,34.2616769195717,0,01:22:40 a.m.,1727731310.77964,350,20.90734,31.11362,44.16656,1,31,417
66fb2a797835ef5c35ebe5e5,66fb26d67835ef5c35ebc3ed,30/09/2024 16:47:21,2024,9,30,16,47,21,0.981100478468899,0.757708665603402,0.714285714285714,1,0,1,0,0,20,0,0,0,0,0,63.8447824105719,83.6592238171185,79.8672438672439,34.5309485835802,0,01:22:45 a.m.,1727731315.78445,349,20.90813,31.15082,44.1021,1,33,422
66fb2a7e7835ef5c35ebe627,66fb26d67835ef5c35ebc3ed,30/09/2024 16:47:26,2024,9,30,16,47,27,0.970614035087719,0.740497076023392,0.714285714285714,1,0,1,0,0,20,0,0,0,0,0,63.3768796992481,83.0716374269006,79.3805346700083,34.2539682539683,0,01:22:50 a.m.,1727731320.79022,343,20.94515,31.1451,44.11182,1,19,400
66fb2a847835ef5c35ebe65a,66fb26d67835ef5c35ebc3ed,30/09/2024 16:47:32,2024,9,30,16,47,32,0.947607655502392,0.70933014354067,0.714285714285714,1,0,1,0,0,20,0,0,0,0,0,62.4492481203008,81.9473684210526,78.3786739576213,33.7122351332878,0,01:22:55 a.m.,1727731325.79409,348,20.97062,31.16035,44.14043,1,26,405
66fb2a897835ef5c35ebe68d,66fb26d67835ef5c35ebc3ed,30/09/2024 16:47:37,2024,9,30,16,47,37,0.947368421052632,0.732057416267943,0.678571428571429,1,0,1,0,0,19,0,0,0,0,0,61.8925153793575,81.261961722488,76.4559125085441,33.57997265892,0,01:23:00 a.m.,1727731330.79833,343,21.01201,31.1348,44.16027,1,30,415
66fb2a8e7835ef5c35ebe6c0,66fb26d67835ef5c35ebc3ed,30/09/2024 16:47:42,2024,9,30,16,47,43,0.948781043517886,0.725438596491228,0.75,1,0,1,0,0,21,0,0,0,0,0,63.6071998177261,83.617680565049,80.7178172704488,34.2421964000911,0,01:23:05 a.m.,1727731335.80204,345,21.02176,31.17676,44.14759,1,35,425
66fb2a937835ef5c35ebe6f3,66fb26d67835ef5c35ebc3ed,30/09/2024 16:47:47,2024,9,30,16,47,48,0.93110871861652,0.709476484960155,0.821428571428571,0.97225935828877,0.006493506493506,0.993506493506494,0,0,23,0,0,0,0,0,64.5462639691162,84.7600268604709,84.3137406938114,34.4076663978752,0,01:23:10 a.m.,1727731340.81267,347,20.9951,31.18324,44.13176,1,33,422
66fb2a997835ef5c35ebe726,66fb26d67835ef5c35ebc3ed,30/09/2024 16:47:53,2024,9,30,16,47,53,0.977922077922078,0.710765550239235,0.75,0.976317799847211,0,1,0,0,21,0,0,0,0,0,63.6146918097383,83.0959149209923,81.4453178400547,34.1500542800852,0,01:23:15 a.m.,1727731345.81793,349,20.99629,31.17905,44.16256,1,39,434
66fb2a9e7835ef5c35ebe759,66fb26d67835ef5c35ebc3ed,30/09/2024 16:47:58,2024,9,30,16,47,59,0.995867768595041,0.719738395575716,0.785714285714286,0.993939393939394,0,1,0,0,22,0,0,0,0,0,65.2653793574846,85.2799612668034,84.2162741564655,34.9525984382444,0,01:23:20 a.m.,1727731350.82186,354,21.03967,31.16646,44.09094,1,36,427
66fb2aa47835ef5c35ebe78c,66fb26d67835ef5c35ebc3ed,30/09/2024 16:48:04,2024,9,30,16,48,4,1,0.696703880914407,0.678571428571429,0.993006993006993,0.016042780748663,0.947593582887701,0,0.036363636363636,19,0,0,0.004784688995215,0,0,62.7110183418233,80.992771848035,77.6813245234298,33.8432508324149,0,01:23:25 a.m.,1727731355.82762,353,21.07072,31.19354,44.02914,1,38,431
66fb2aa97835ef5c35ebe7bf,66fb26d67835ef5c35ebc3ed,30/09/2024 16:48:09,2024,9,30,16,48,9,1,0.712918660287081,0.678571428571429,1,0,1,0,0,19,0,0,0,0,0,62.6580656185919,81.572966507177,77.8434723171565,33.9149008885851,0,01:23:30 a.m.,1727731360.83134,349,21.05798,31.18801,44.06919,1,26,406
66fb2aae7835ef5c35ebe7f2,66fb26d67835ef5c35ebc3ed,30/09/2024 16:48:14,2024,9,30,16,48,15,1,0.75518341307815,0.678571428571429,1,0,1,0,0,19,0,0,0,0,0,63.292036910458,82.6295853269538,78.2661198450672,34.3375484164958,0,01:23:35 a.m.,1727731365.83555,348,21.04524,31.18038,44.02485,1,28,410
66fb2ab37835ef5c35ebe825,66fb26d67835ef5c35ebc3ed,30/09/2024 16:48:19,2024,9,30,16,48,20,1,0.725624667729931,0.714285714285714,1,0,1,0,0,20,0,0,0,0,0,63.7415128730918,83.1406166932483,80.1133895344422,34.3991038201565,0,01:23:40 a.m.,1727731370.84112,351,21.01778,31.17065,44.02351,1,19,400
66fb2ab97835ef5c35ebe858,66fb26d67835ef5c35ebc3ed,30/09/2024 16:48:25,2024,9,30,16,48,25,1,0.707708665603402,0.714285714285714,1,0,1,0,0,20,0,0,0,0,0,63.4727728411939,82.6927166400851,79.9342295131769,34.2199437988912,0,01:23:45 a.m.,1727731375.84629,351,21.01778,31.16169,43.98336,1,25,402
66fb2abe7835ef5c35ebe88b,66fb26d67835ef5c35ebc3ed,30/09/2024 16:48:30,2024,9,30,16,48,30,1,0.749760765550239,0.714285714285714,0.970400432900433,0,1,0,0,20,0,0,0,0,0,63.6595608339029,83.0040299612668,80.3547505126452,34.3444691273639,0,01:23:50 a.m.,1727731380.84982,346,21.00783,31.15692,44.05918,1,32,418
66fb2ac37835ef5c35ebe8be,66fb26d67835ef5c35ebc3ed,30/09/2024 16:48:35,2024,9,30,16,48,35,1,0.754545454545455,0.714285714285714,1,0,1,0,0,20,0,0,0,0,0,64.1753246753247,83.8636363636364,80.4025974025974,34.6883116883117,0,01:23:55 a.m.,1727731385.85307,345,20.99808,31.18553,44.06605,1,27,408
66fb2ac87835ef5c35ebe8f1,66fb26d67835ef5c35ebc3ed,30/09/2024 16:48:40,2024,9,30,16,48,41,1,0.735167464114832,0.714285714285714,1,0,1,0,0,20,0,0,0,0,0,63.8846548188654,83.3791866028708,80.2088174982912,34.4945317840055,0,01:24:00 a.m.,1727731390.8593,345,21.00684,31.19907,44.05336,1,32,420
66fb2ace7835ef5c35ebe924,66fb26d67835ef5c35ebc3ed,30/09/2024 16:48:46,2024,9,30,16,48,46,1,0.650717703349282,0.678571428571429,1,0,1,0,0,19,0,0,0,0,0,61.725051264525,80.0179425837321,77.2214627477785,33.2928913192071,0,01:24:05 a.m.,1727731395.86726,339,21.02037,31.1758,44.0443,1,30,414
66fb2ad37835ef5c35ebe957,66fb26d67835ef5c35ebc3ed,30/09/2024 16:48:51,2024,9,30,16,48,51,1,0.730728335991494,0.678571428571429,1,0,1,0,0,19,0,0,0,0,0,62.9252107541581,82.0182083997874,78.0215690742007,34.0929976456292,0,01:24:10 a.m.,1727731400.87467,282,21.00007,31.18706,44.1083,1,30,415
66fb2ad87835ef5c35ebe98b,66fb26d67835ef5c35ebc3ed,30/09/2024 16:48:56,2024,9,30,16,48,57,1,0.73194349510139,0.75,0.988636363636364,0.012554112554113,0.987445887445887,0,0,21,0,0,0.008658008658009,0,0,64.8725506949191,84.2644964684438,82.3194349510139,34.8313397129187,0,01:24:15 a.m.,1727731405.88441,280,21.03271,31.1861,44.07988,1,26,405
66fb2add7835ef5c35ebe9be,66fb26d67835ef5c35ebc3ed,30/09/2024 16:49:01,2024,9,30,16,49,2,1,0.636511733880155,0.75,0.976082251082251,0.006060606060606,0.993939393939394,0,0,21,0,0,0.012987012987013,0,0,63.0904249259512,81.5648496240602,81.3651173388015,33.6865459102301,0,01:24:20 a.m.,1727731410.88791,279,21.0351,31.20251,44.0218,1,27,408
66fb2ae37835ef5c35ebea00,66fb26d67835ef5c35ebc3ed,30/09/2024 16:49:07,2024,9,30,16,49,7,1,0.668957115009747,0.714285714285714,0.966650183465199,0,1,0,0,20,0,0,0.025,0,0,62.391252334267,80.8901824618736,79.5467140072403,33.4989301276066,0,01:24:25 a.m.,1727731415.8954,280,21.0148,31.18935,44.01665,1,29,412
66fb2ae87835ef5c35ebea33,66fb26d67835ef5c35ebc3ed,30/09/2024 16:49:12,2024,9,30,16,49,12,0.972488038277512,0.717809675704413,0.714285714285714,0.994652406417112,0,1,0,0,20,0,0,0.004545454545455,0,0,62.993834854516,82.3988726272008,79.2098807625123,33.9923583468475,0,01:24:30 a.m.,1727731420.90408,269,21.04186,31.20232,43.97793,1,29,413
66fb2aee7835ef5c35ebea66,66fb26d67835ef5c35ebc3ed,30/09/2024 16:49:17,2024,9,30,16,49,18,0.958828890407838,0.687650945545682,0.75,1,0,1,0,0,21,0,0,0,0,0,63.241341991342,82.8237069947596,80.641376167692,33.9647983595352,0,01:24:35 a.m.,1727731425.91189,276,21.06136,31.20537,43.92796,1,35,425
66fb2af37835ef5c35ebea99,66fb26d67835ef5c35ebc3ed,30/09/2024 16:49:23,2024,9,30,16,49,23,0.981578947368421,0.650717703349282,0.714285714285714,0.994318181818182,0,1,0,0,20,0,0,0,0,0,62.1642600820232,80.8495813397129,78.8116883116883,33.409005468216,0,01:24:40 a.m.,1727731430.91782,279,21.08146,31.2191,43.89982,1,35,426
66fb2af87835ef5c35ebeacc,66fb26d67835ef5c35ebc3ed,30/09/2024 16:49:28,2024,9,30,16,49,29,0.957894736842105,0.584928229665072,0.714285714285714,1,0,1,0,0,20,0,0,0,0,0,60.788961038961,78.9916267942584,77.4432672590567,32.5710868079289,0,01:24:45 a.m.,1727731435.92574,274,21.06554,31.23055,43.88132,1,36,427
66fb2afd7835ef5c35ebeaff,66fb26d67835ef5c35ebc3ed,30/09/2024 16:49:33,2024,9,30,16,49,34,1,0.605502392344498,0.714285714285714,1,0,1,0,0,20,0,0,0,0,0,61.9396787423103,80.1375598086124,78.9121667805878,33.1978810663021,0,01:24:50 a.m.,1727731440.93207,272,21.06674,31.24084,43.83545,1,30,414
66fb2b037835ef5c35ebeb32,66fb26d67835ef5c35ebc3ed,30/09/2024 16:49:39,2024,9,30,16,49,39,1,0.655502392344498,0.678571428571429,1,0,1,0,0,19,0,0,0,0,0,61.7968215994532,80.1375598086124,77.2693096377307,33.3407382091593,0,01:24:55 a.m.,1727731445.93956,273,21.04365,31.21433,43.81247,1,25,403
66fb2b087835ef5c35ebeb65,66fb26d67835ef5c35ebc3ed,30/09/2024 16:49:44,2024,9,30,16,49,44,1,0.718899521531101,0.714285714285714,1,0,1,0,0,20,0,0,0,0,0,63.6406356801094,82.9724880382775,80.0461380724539,34.3318523581681,0,01:25:00 a.m.,1727731450.9439,278,21.01778,31.2067,43.78252,1,30,414
66fb2b0d7835ef5c35ebeb98,66fb26d67835ef5c35ebc3ed,30/09/2024 16:49:49,2024,9,30,16,49,50,1,0.647607655502392,0.714285714285714,0.995215311004785,0.029826907099634,0.970173092900366,0,0,20,0,0,0.004545454545455,0,0,63.2451600322414,81.0705741626794,79.3332194121668,33.8693558789253,0,01:25:05 a.m.,1727731455.94796,278,21.00724,31.21662,43.752,1,34,423
66fb2b127835ef5c35ebebcb,66fb26d67835ef5c35ebc3ed,30/09/2024 16:49:54,2024,9,30,16,49,55,0.990886306675781,0.672134882661198,0.75,0.970197329330456,0,1,0,0,21,0,0,0.025974025974026,0,0,63.2027093133904,82.1715998999281,81.4479380268854,33.8321851866743,0,01:25:10 a.m.,1727731460.95526,278,21.04942,31.22978,43.76965,1,35,425
66fb2b187835ef5c35ebebfe,66fb26d67835ef5c35ebc3ed,30/09/2024 16:50:00,2024,9,30,16,50,0,0.989974937343358,0.730639097744361,0.75,0.978328173374613,0.011692307692308,0.988307692307692,0,0,21,0,0,0.019047619047619,0,0,64.4763155059595,83.8238058381247,82.0056390977444,34.6063451615464,0,01:25:15 a.m.,1727731465.9612,278,21.09619,31.22921,43.79425,1,39,435
66fb2b1d7835ef5c35ebec31,66fb26d67835ef5c35ebc3ed,30/09/2024 16:50:05,2024,9,30,16,50,6,0.947869674185464,0.743609022556391,0.75,0.946432748538012,0.005,0.995,0,0,21,0,0,0.00952380952381,0,0,63.1830200501253,82.719089390142,80.8721804511278,33.9291144527987,0,01:25:20 a.m.,1727731470.96775,265,21.04644,31.19278,43.79482,1,46,448
66fb2b237835ef5c35ebec64,66fb26d67835ef5c35ebc3ed,30/09/2024 16:50:11,2024,9,30,16,50,11,0.946705407309123,0.721795501826461,0.75,1,0,1,0,0,21,0,0,0,0,0,63.5110406735794,83.4954686552984,80.6191172375383,34.1850090913558,0,01:25:25 a.m.,1727731475.97401,275,21.03211,31.16817,43.81971,1,52,462
66fb2b2a7835ef5c35ebeca7,66fb26d67835ef5c35ebc3ed,30/09/2024 16:50:18,2024,9,30,16,50,18,0.956105951152391,0.660973512211903,0.75,0.989473684210527,0,1,0,0,21,0,0,0.00952380952381,0,0,62.6288269693843,81.8527691778466,80.2929136566907,33.5655314757482,0,01:25:30 a.m.,1727731480.97704,269,21.02196,31.21109,43.83726,1,57,470
66fb2b307835ef5c35ebecda,66fb26d67835ef5c35ebc3ed,30/09/2024 16:50:23,2024,9,30,16,50,24,1,0.706427015250545,0.678571428571429,0.942685041852998,0,1,0,0,19,0,0,0.052631578947368,0,0,61.7009665708389,79.9778014275886,77.7785558667912,33.2768348567497,0,01:25:35 a.m.,1727731485.98012,266,21.02833,31.20251,43.8261,1,48,452
66fb2b357835ef5c35ebed0d,66fb26d67835ef5c35ebc3ed,30/09/2024 16:50:29,2024,9,30,16,50,29,1,0.683823529411765,0.714285714285714,0.94177559912854,0,1,0,0,20,0,0,0.05,0,0,62.2411297852474,80.6399782135076,79.6953781512605,33.3988484282602,0,01:25:40 a.m.,1727731490.9849,278,21.05201,31.20613,43.83745,1,43,443
66fb2b3a7835ef5c35ebed40,66fb26d67835ef5c35ebc3ed,30/09/2024 16:50:34,2024,9,30,16,50,35,1,0.686159844054581,0.678571428571429,0.942169045980966,0,0.916666666666667,0,0,19,0,0,0.052631578947368,0,0,61.3892190648189,79.4582222508887,77.5758841548315,33.0690031860698,0,01:25:45 a.m.,1727731495.99695,266,21.02654,31.22692,43.84184,1,45,447
66fb2b407835ef5c35ebed73,66fb26d67835ef5c35ebc3ed,30/09/2024 16:50:40,2024,9,30,16,50,40,0.994318181818182,0.641620148856991,0.678571428571429,0.928643634487288,0,1,0,0,19,0,0,0.052631578947368,0,0,60.4046061008135,77.9213673108797,76.9600326574011,32.4315339373389,0,01:25:50 a.m.,1727731501.00169,272,21.03967,31.22921,43.77041,1,46,448
66fb2b457835ef5c35ebeda6,66fb26d67835ef5c35ebc3ed,30/09/2024 16:50:45,2024,9,30,16,50,46,0.966088516746412,0.701794258373206,0.714285714285714,0.920292207792208,0.016148325358852,0.983851674641148,0,0,20,0,0,0.05,0,0,61.9139183185236,80.0434894053315,78.8577409432673,33.1860902255639,0,01:25:55 a.m.,1727731506.00609,275,21.055,31.2439,43.82467,1,48,452
66fb2b4b7835ef5c35ebedd9,66fb26d67835ef5c35ebc3ed,30/09/2024 16:50:51,2024,9,30,16,50,51,0.943734335839599,0.664695830485304,0.75,0.902889185977421,0.016079916815211,0.983920083184789,0,0,21,0,0,0.047619047619048,0,0,61.5404598841131,79.5956404491621,79.958988380041,32.7739926911754,0,01:26:00 a.m.,1727731511.00959,266,21.00007,31.22635,43.78138,1,49,455
66fb2b557835ef5c35ebee1d,66fb26d67835ef5c35ebc3ed,30/09/2024 16:51:01,2024,9,30,16,51,1,0.928618421052631,0.649013157894737,0.714285714285714,0.940257352941177,0,1,0,0,20,0,0,0.05,0,0,60.2685689407342,78.6610390866873,77.2058270676692,32.3217464617426,0,01:26:05 a.m.,1727731516.01679,275,20.98992,31.23856,43.76659,1,42,440
66fb2b5a7835ef5c35ebee50,66fb26d67835ef5c35ebc3ed,30/09/2024 16:51:06,2024,9,30,16,51,7,0.977489177489178,0.671212121212121,0.75,0.98989898989899,0,1,0,0,21,0,0,0,0,0,63.2164502164502,82.4401154401154,81.0367965367965,33.8860028860029,0,01:26:10 a.m.,1727731521.02973,276,21.04365,31.2645,43.78376,1,35,426
66fb2b607835ef5c35ebee92,66fb26d67835ef5c35ebc3ed,30/09/2024 16:51:12,2024,9,30,16,51,12,0.96969696969697,0.762121212121212,0.75,1,0,1,0,0,21,0,0,0,0,0,64.5757575757576,84.8484848484848,81.7121212121212,34.8181818181818,0,01:26:15 a.m.,1727731526.03965,266,21.04485,31.23398,43.8201,1,46,449
66fb2b657835ef5c35ebeec5,66fb26d67835ef5c35ebc3ed,30/09/2024 16:51:17,2024,9,30,16,51,17,0.951515151515151,0.74025974025974,0.75,1,0,1,0,0,21,0,0,0,0,0,63.8841991341991,84.0292207792208,80.9480519480519,34.4177489177489,0,01:26:20 a.m.,1727731531.04448,269,20.99908,31.26125,43.83698,1,38,433
66fb2b6a7835ef5c35ebeef8,66fb26d67835ef5c35ebc3ed,30/09/2024 16:51:22,2024,9,30,16,51,23,0.948086124401914,0.769377990430622,0.714285714285714,1,0,1,0,0,20,0,0,0,0,0,63.3595352016405,83.4557416267942,78.9935064935065,34.3174982911825,0,01:26:25 a.m.,1727731536.04761,276,21.00863,31.23722,43.87703,1,36,428
66fb2b707835ef5c35ebef2b,66fb26d67835ef5c35ebc3ed,30/09/2024 16:51:28,2024,9,30,16,51,28,0.954499886078834,0.720824789245842,0.75,1,0,1,0,0,21,0,0,0,0,0,63.6523695602643,83.5881180223285,80.8432444748234,34.2532467532468,0,01:26:30 a.m.,1727731541.05234,277,20.95629,31.25381,43.92118,1,38,433
66fb2b757835ef5c35ebef5e,66fb26d67835ef5c35ebc3ed,30/09/2024 16:51:33,2024,9,30,16,51,34,0.951062573789847,0.791263282172373,0.785714285714286,1,0,1,0,0,22,0,0,0,0,0,65.5330578512397,86.547520661157,83.5873671782763,35.280401416765,0,01:26:35 a.m.,1727731546.05586,275,20.95589,31.23665,43.92939,1,44,444
66fb2b7b7835ef5c35ebef91,66fb26d67835ef5c35ebc3ed,30/09/2024 16:51:39,2024,9,30,16,51,39,0.951495474222747,0.740594254230618,0.785714285714286,0.994949494949495,0,1,0,0,22,0,0,0,0,0,64.7059228650138,85.161025842844,83.0936639118457,34.7275350911715,0,01:26:40 a.m.,1727731551.06108,278,20.98853,31.24676,43.90278,1,30,414
66fb2b807835ef5c35ebefc4,66fb26d67835ef5c35ebc3ed,30/09/2024 16:51:44,2024,9,30,16,51,44,0.95,0.704545454545455,0.714285714285714,0.964052287581699,0,1,0,0,20,0,0,0,0,0,61.8861089890502,80.9649435531788,78.4025974025974,33.3288345641287,0,01:26:45 a.m.,1727731556.06434,273,20.98157,31.24771,43.87646,1,37,430
66fb2b857835ef5c35ebeff7,66fb26d67835ef5c35ebc3ed,30/09/2024 16:51:49,2024,9,30,16,51,50,0.955821371610845,0.718990658464343,0.75,1,0,1,0,0,21,0,0,0,0,0,63.651287309182,83.5620870357712,80.8645477329688,34.2481203007519,0,01:26:50 a.m.,1727731561.06979,268,21.02654,31.18763,43.8859,1,37,429
66fb2b8a7835ef5c35ebf02a,66fb26d67835ef5c35ebc3ed,30/09/2024 16:51:54,2024,9,30,16,51,55,0.95,0.745454545454545,0.714285714285714,1,0,1,0,0,20,0,0,0,0,0,63.038961038961,82.8863636363636,78.8116883116883,34.0974025974026,0,01:26:55 a.m.,1727731566.07369,268,20.98475,31.2191,43.94941,1,39,435
66fb2b907835ef5c35ebf05d,66fb26d67835ef5c35ebc3ed,30/09/2024 16:52:00,2024,9,30,16,52,0,0.949521531100478,0.74377990430622,0.714285714285714,1,0,1,0,0,20,0,0,0,0,0,63.0042720437457,82.8373205741627,78.7805878332194,34.0758714969241,0,01:27:00 a.m.,1727731571.0818,269,20.9949,31.22368,43.91041,1,27,407
66fb2b957835ef5c35ebf090,66fb26d67835ef5c35ebc3ed,30/09/2024 16:52:05,2024,9,30,16,52,6,0.95,0.718181818181818,0.714285714285714,1,0,1,0,0,20,0,0,0,0,0,62.6298701298701,82.2045454545455,78.538961038961,33.8246753246753,0,01:27:05 a.m.,1727731576.09068,276,21.01719,31.21281,43.87894,1,35,426
66fb2b9b7835ef5c35ebf0c3,66fb26d67835ef5c35ebc3ed,30/09/2024 16:52:11,2024,9,30,16,52,11,0.95,0.740909090909091,0.714285714285714,1,0,1,0,0,20,0,0,0,0,0,62.9707792207792,82.7727272727273,78.7662337662338,34.0519480519481,0,01:27:10 a.m.,1727731580.09303,271,21.05858,31.20327,43.87426,1,31,415
66fb2ba07835ef5c35ebf0f7,66fb26d67835ef5c35ebc3ed,30/09/2024 16:52:16,2024,9,30,16,52,16,0.937229437229437,0.729220779220779,0.75,1,0,1,0,0,21,0,0,0,0,0,63.4329004329004,83.538961038961,80.4090909090909,34.1645021645022,0,01:27:15 a.m.,1727731585.09952,266,21.05221,31.20823,43.83116,1,38,432
66fb2ba57835ef5c35ebf12a,66fb26d67835ef5c35ebc3ed,30/09/2024 16:52:21,2024,9,30,16,52,22,0.933549783549783,0.672727272727273,0.75,1,0,1,0,0,21,0,0,0,0,0,62.5119047619048,82.0714285714286,79.7337662337662,33.5627705627706,0,01:27:20 a.m.,1727731590.11922,275,21.10654,31.23627,43.79578,1,39,434
66fb2bab7835ef5c35ebf16b,66fb26d67835ef5c35ebc3ed,30/09/2024 16:52:26,2024,9,30,16,52,27,0.968181818181818,0.73133971291866,0.714285714285714,0.972443474997655,0,1,0,0,20,0,0,0,0,0,62.7775270395239,82.1173069706352,79.215994531784,33.8625072038385,0,01:27:25 a.m.,1727731595.12397,276,21.14474,31.23817,43.8138,1,37,430
66fb2bb07835ef5c35ebf19f,66fb26d67835ef5c35ebc3ed,30/09/2024 16:52:32,2024,9,30,16,52,33,0.947813852813853,0.676082251082251,0.785714285714286,0.909078087375301,0,0.94469696969697,0.05530303030303,0,22,0,0,0,0,0,62.3765392759975,81.3462162536466,82.3380952380952,33.1868847698569,0,01:27:30 a.m.,1727731600.13519,269,21.11768,31.24714,43.7664,1,37,429
66fb2bb67835ef5c35ebf1d2,66fb26d67835ef5c35ebc3ed,30/09/2024 16:52:38,2024,9,30,16,52,38,0.951587301587302,0.607407407407407,0.75,0.934656084656085,0,0.945992432060544,0.054007567939457,0,21,0,0,0,0,0,60.9126984126984,79.0753968253968,79.6216931216931,32.4365079365079,0,01:27:35 a.m.,1727731605.1392,269,21.06972,31.25362,43.79053,1,33,421
66fb2bbc7835ef5c35ebf205,66fb26d67835ef5c35ebc3ed,30/09/2024 16:52:43,2024,9,30,16,52,44,0.95064935064935,0.622294372294372,0.75,0.961458626512806,0,0.989867717421897,0.010132282578103,0,21,0,0,0,0,0,61.5192819950947,80.1035652299197,79.7424242424242,32.8440234945653,0,01:27:40 a.m.,1727731610.15585,268,21.07669,31.27213,43.82515,1,39,435
66fb2bc17835ef5c35ebf238,66fb26d67835ef5c35ebc3ed,30/09/2024 16:52:49,2024,9,30,16,52,49,0.986580086580086,0.706368193210298,0.785714285714286,0.926288862652499,0,1,0,0,22,0,0,0,0,0,63.8643147124008,83.1151276952712,83.8039416723627,34.0495142815717,0,01:27:45 a.m.,1727731615.17905,266,21.08703,31.29425,43.80112,1,41,438
66fb2bc67835ef5c35ebf26b,66fb26d67835ef5c35ebc3ed,30/09/2024 16:52:54,2024,9,30,16,52,55,0.95,0.713636363636364,0.785714285714286,0.91788665879575,0,1,0,0,22,0,0,0,0,0,63.1157024793388,82.5380755608028,82.7792207792208,33.672373081464,0,01:27:50 a.m.,1727731620.18977,266,21.10295,31.287,43.7995,1,33,420
66fb2bcc7835ef5c35ebf29e,66fb26d67835ef5c35ebc3ed,30/09/2024 16:53:00,2024,9,30,16,53,0,0.951082251082251,0.715367965367966,0.75,0.918352699931647,0,1,0,0,21,0,0,0,0,0,62.2774550011392,81.3592503987241,80.6861471861472,33.3480291638186,0,01:27:55 a.m.,1727731625.20594,269,21.07072,31.30302,43.77041,1,44,445
66fb2bd17835ef5c35ebf2d1,66fb26d67835ef5c35ebc3ed,30/09/2024 16:53:05,2024,9,30,16,53,5,0.950865800865801,0.682900432900433,0.75,0.900341763499658,0,1,0,0,21,0,0,0,0,0,61.5159489633174,80.0940419229893,80.3549783549784,32.8410799726589,0,01:28:00 a.m.,1727731630.20956,271,21.04644,31.34193,43.75629,1,43,442
66fb2bd67835ef5c35ebf304,66fb26d67835ef5c35ebc3ed,30/09/2024 16:53:10,2024,9,30,16,53,11,0.96015037593985,0.599407609933926,0.75,0.939017273576097,0,1,0,0,21,0,0,0,0,0,61.0293807714473,79.1128777268483,79.7985873775347,32.4857525944987,0,01:28:05 a.m.,1727731635.22004,276,21.01937,31.33812,43.69106,1,50,458
66fb2bdc7835ef5c35ebf337,66fb26d67835ef5c35ebc3ed,30/09/2024 16:53:16,2024,9,30,16,53,16,0.955411255411255,0.62943722943723,0.75,0.944558588985834,0,1,0,0,21,0,0,0,0,0,61.468162384571,79.9310642917454,79.95670995671,32.7940707383432,0,01:28:10 a.m.,1727731640.22488,275,20.99171,31.32229,43.69631,1,41,439
66fb2be17835ef5c35ebf36a,66fb26d67835ef5c35ebc3ed,30/09/2024 16:53:21,2024,9,30,16,53,21,0.950865800865801,0.696103896103896,0.75,0.960277699596585,0,1,0,0,21,0,0,0,0,0,62.6130399528232,81.922526905499,80.487012987013,33.5724739656628,0,01:28:15 a.m.,1727731645.22944,266,20.98137,31.3036,43.65177,1,41,439
66fb2be67835ef5c35ebf39e,66fb26d67835ef5c35ebc3ed,30/09/2024 16:53:26,2024,9,30,16,53,27,0.990909090909091,0.677033492822967,0.714285714285714,0.943750586358946,0,1,0,0,20,0,0,0,0,0,61.9870858630534,80.3832383431842,79.3547505126452,33.2597888437672,0,01:28:20 a.m.,1727731650.23709,265,20.98137,31.30913,43.6224,1,39,433
66fb2bec7835ef5c35ebf3e0,66fb26d67835ef5c35ebc3ed,30/09/2024 16:53:32,2024,9,30,16,53,32,0.995454545454545,0.671291866028708,0.714285714285714,0.953820323982863,0,1,0,0,20,0,0,0,0,0,62.1429166164073,80.5596229321074,79.4336978810663,33.3485244975183,0,01:28:25 a.m.,1727731655.24729,263,21.00684,31.34766,43.61191,1,45,446
66fb2bf17835ef5c35ebf413,66fb26d67835ef5c35ebc3ed,30/09/2024 16:53:37,2024,9,30,16,53,37,0.995215311004785,0.701222753854333,0.678571428571429,0.972214795008913,0,1,0,0,19,0,0,0,0,0,61.9701551673301,80.5141683866529,77.5829725829726,33.4722428843946,0,01:28:30 a.m.,1727731660.26099,266,20.99709,31.34251,43.57405,1,39,435
66fb2bf67835ef5c35ebf446,66fb26d67835ef5c35ebc3ed,30/09/2024 16:53:42,2024,9,30,16,53,43,0.905969469127364,0.76866028708134,0.75,0.978275401069519,0,0.988257575757576,0.011742424242424,0,21,0,0,0,0,0,63.0734247048102,83.5129342406819,79.8656869446343,34.0290515727822,0,01:28:35 a.m.,1727731665.26808,263,20.99151,31.353,43.5463,1,35,426
66fb2bfc7835ef5c35ebf479,66fb26d67835ef5c35ebc3ed,30/09/2024 16:53:48,2024,9,30,16,53,48,0.978099173553719,0.691223927587564,0.785714285714286,0.994949494949495,0,1,0,0,22,0,0,0,0,0,64.4974419519874,84.3258231667322,83.3980716253443,34.4998688180506,0,01:28:40 a.m.,1727731670.27309,272,20.92764,31.34232,43.53008,1,35,425
66fb2c017835ef5c35ebf4ac,66fb26d67835ef5c35ebc3ed,30/09/2024 16:53:53,2024,9,30,16,53,53,1,0.659090909090909,0.714285714285714,1,0,1,0,0,20,0,0,0,0,0,62.7435064935065,81.4772727272727,79.4480519480519,33.7337662337662,0,01:28:45 a.m.,1727731675.28892,272,20.95072,31.32629,43.49995,1,31,416
66fb2c067835ef5c35ebf4df,66fb26d67835ef5c35ebc3ed,30/09/2024 16:53:58,2024,9,30,16,53,59,1,0.701082251082251,0.75,1,0,1,0,0,21,0,0,0,0,0,64.2662337662338,83.7770562770563,82.0108225108225,34.5108225108225,0,01:28:50 a.m.,1727731680.29375,266,20.97301,31.34441,43.49651,1,24,401
66fb2c0b7835ef5c35ebf512,66fb26d67835ef5c35ebc3ed,30/09/2024 16:54:03,2024,9,30,16,54,4,1,0.695670995670996,0.75,1,0,1,0,0,21,0,0,0,0,0,64.1850649350649,83.6417748917749,81.9567099567099,34.45670995671,0,01:28:55 a.m.,1727731685.2987,263,20.96505,31.34823,43.47334,1,25,402
66fb2c117835ef5c35ebf545,66fb26d67835ef5c35ebc3ed,30/09/2024 16:54:09,2024,9,30,16,54,9,1,0.671212121212121,0.75,1,0,1,0,0,21,0,0,0,0,0,63.8181818181818,83.030303030303,81.7121212121212,34.2121212121212,0,01:29:00 a.m.,1727731690.30336,266,20.92565,31.31809,43.47734,1,29,411
66fb2c177835ef5c35ebf578,66fb26d67835ef5c35ebc3ed,30/09/2024 16:54:15,2024,9,30,16,54,15,1,0.728354978354978,0.75,1,0,1,0,0,21,0,0,0,0,0,64.6753246753247,84.4588744588745,82.2835497835498,34.7835497835498,0,01:29:05 a.m.,1727731695.31128,266,20.92047,31.31371,43.47258,1,33,420
66fb2c1c7835ef5c35ebf5ab,66fb26d67835ef5c35ebc3ed,30/09/2024 16:54:20,2024,9,30,16,54,20,1,0.715663124754034,0.785714285714286,1,0,1,0,0,22,0,0,0,0,0,65.3778040141677,85.3915781188509,84.2994883903975,35.0137741046832,0,01:29:10 a.m.,1727731700.31861,262,20.9149,31.3076,43.46962,1,39,434
66fb2c217835ef5c35ebf5de,66fb26d67835ef5c35ebc3ed,30/09/2024 16:54:25,2024,9,30,16,54,26,1,0.693290043290043,0.75,0.994652406417112,0,1,0,0,21,0,0,0,0,0,64.0691367456073,83.4485612426789,81.9329004329004,34.3794244970716,0,01:29:15 a.m.,1727731705.32621,270,20.9145,31.32973,43.47706,1,40,436
66fb2c277835ef5c35ebf611,66fb26d67835ef5c35ebc3ed,30/09/2024 16:54:30,2024,9,30,16,54,31,1,0.719264069264069,0.75,1,0,1,0,0,21,0,0,0,0,0,64.538961038961,84.2316017316017,82.1926406926407,34.6926406926407,0,01:29:20 a.m.,1727731710.33552,266,20.93142,31.3221,43.51645,1,43,442
66fb2c2c7835ef5c35ebf644,66fb26d67835ef5c35ebc3ed,30/09/2024 16:54:36,2024,9,30,16,54,36,0.968398268398269,0.76948051948052,0.75,1,0,1,0,0,21,0,0,0,0,0,64.6601731601732,85.012987012987,81.7467532467532,34.8787878787879,0,01:29:25 a.m.,1727731715.33999,264,20.96445,31.34117,43.54439,1,45,446
66fb2c317835ef5c35ebf677,66fb26d67835ef5c35ebc3ed,30/09/2024 16:54:41,2024,9,30,16,54,41,0.960389610389611,0.725974025974026,0.75,1,0,1,0,0,21,0,0,0,0,0,63.8474025974026,83.8051948051948,81.0714285714286,34.3636363636364,0,01:29:30 a.m.,1727731720.34577,262,20.9553,31.29826,43.43662,1,27,408
66fb2c367835ef5c35ebf6ab,66fb26d67835ef5c35ebc3ed,30/09/2024 16:54:46,2024,9,30,16,54,47,1,0.709090909090909,0.75,1,0,1,0,0,21,0,0,0,0,0,64.3863636363636,83.9772727272727,82.0909090909091,34.5909090909091,0,01:29:35 a.m.,1727731725.3586,266,20.90714,31.30112,43.48345,1,36,427
66fb2c3c7835ef5c35ebf6ed,66fb26d67835ef5c35ebc3ed,30/09/2024 16:54:52,2024,9,30,16,54,52,1,0.740909090909091,0.714285714285714,1,0,1,0,0,20,0,0,0,0,0,63.9707792207792,83.5227272727273,80.2662337662338,34.5519480519481,0,01:29:40 a.m.,1727731730.37244,272,20.90396,31.30074,43.53685,1,36,426
66fb2c417835ef5c35ebf720,66fb26d67835ef5c35ebc3ed,30/09/2024 16:54:57,2024,9,30,16,54,58,1,0.754545454545455,0.714285714285714,1,0,1,0,0,20,0,0,0,0,0,64.1753246753247,83.8636363636364,80.4025974025974,34.6883116883117,0,01:29:45 a.m.,1727731735.37861,271,20.90077,31.29921,43.52655,1,38,431
66fb2c467835ef5c35ebf753,66fb26d67835ef5c35ebc3ed,30/09/2024 16:55:02,2024,9,30,16,55,3,1,0.746536796536797,0.75,0.991125541125541,0,1,0,0,21,0,0,0,0,0,64.8149350649351,84.6915584415584,82.465367965368,34.8766233766234,0,01:29:50 a.m.,1727731740.38348,268,20.95132,31.32229,43.52169,1,37,429
66fb2c4c7835ef5c35ebf786,66fb26d67835ef5c35ebc3ed,30/09/2024 16:55:08,2024,9,30,16,55,8,1,0.759090909090909,0.714285714285714,1,0,1,0,0,20,0,0,0,0,0,64.2435064935065,83.9772727272727,80.4480519480519,34.7337662337662,0,01:29:55 a.m.,1727731745.38918,259,20.96166,31.32725,43.49861,1,38,433
66fb2c517835ef5c35ebf7b9,66fb26d67835ef5c35ebc3ed,30/09/2024 16:55:13,2024,9,30,16,55,13,1,0.728354978354978,0.75,1,0,1,0,0,21,0,0,0,0,0,64.6753246753247,84.4588744588745,82.2835497835498,34.7835497835498,0,01:30:00 a.m.,1727731750.39192,263,20.97798,31.3221,43.5194,1,42,440
66fb2c567835ef5c35ebf7ec,66fb26d67835ef5c35ebc3ed,30/09/2024 16:55:18,2024,9,30,16,55,19,1,0.695454545454545,0.714285714285714,1,0,1,0,0,20,0,0,0,0,0,63.288961038961,82.3863636363636,79.8116883116883,34.0974025974026,0,01:30:05 a.m.,1727731755.39745,269,20.97201,31.30112,43.47239,1,43,442
66fb2c5b7835ef5c35ebf81f,66fb26d67835ef5c35ebc3ed,30/09/2024 16:55:23,2024,9,30,16,55,24,1,0.690909090909091,0.714285714285714,1,0,1,0,0,20,0,0,0,0,0,63.2207792207792,82.2727272727273,79.7662337662338,34.0519480519481,0,01:30:10 a.m.,1727731760.40353,265,20.97122,31.28757,43.46876,1,41,438
66fb2c617835ef5c35ebf852,66fb26d67835ef5c35ebc3ed,30/09/2024 16:55:29,2024,9,30,16,55,29,1,0.640909090909091,0.714285714285714,1,0,1,0,0,20,0,0,0,0,0,62.4707792207792,81.0227272727273,79.2662337662338,33.551948051948,0,01:30:15 a.m.,1727731765.41074,260,20.96206,31.31981,43.46132,1,44,445
66fb2c667835ef5c35ebf885,66fb26d67835ef5c35ebc3ed,30/09/2024 16:55:34,2024,9,30,16,55,35,1,0.668181818181818,0.714285714285714,1,0,1,0,0,20,0,0,0,0,0,62.8798701298701,81.7045454545455,79.538961038961,33.8246753246753,0,01:30:20 a.m.,1727731770.43489,263,20.97758,31.29692,43.51101,1,57,471
66fb2c6c7835ef5c35ebf8b8,66fb26d67835ef5c35ebc3ed,30/09/2024 16:55:39,2024,9,30,16,55,40,1,0.761038961038961,0.75,1,0,1,0,0,21,0,0,0,0,0,65.1655844155844,85.275974025974,82.6103896103896,35.1103896103896,0,01:30:25 a.m.,1727731775.44282,268,21.00306,31.30817,43.48898,1,63,483
66fb2c717835ef5c35ebf8eb,66fb26d67835ef5c35ebc3ed,30/09/2024 16:55:45,2024,9,30,16,55,45,1,0.701298701298701,0.75,1,0,1,0,0,21,0,0,0,0,0,64.2694805194805,83.7824675324675,82.012987012987,34.512987012987,0,01:30:30 a.m.,1727731780.46192,260,21.00306,31.29292,43.48259,1,53,464
66fb2c767835ef5c35ebf91e,66fb26d67835ef5c35ebc3ed,30/09/2024 16:55:50,2024,9,30,16,55,51,1,0.756459330143541,0.714285714285714,1,0,1,0,0,20,0,0,0,0,0,64.204032809296,83.9114832535885,80.4217361585783,34.7074504442926,0,01:30:35 a.m.,1727731785.46791,260,21.05738,31.28433,43.53619,1,55,467
66fb2c7f7835ef5c35ebf961,66fb26d67835ef5c35ebc3ed,30/09/2024 16:55:59,2024,9,30,16,55,0,1,0.741666666666667,0.714285714285714,1,0,1,0,0,20,0,0,0,0,0,63.9821428571429,83.5416666666667,80.2738095238095,34.5595238095238,0,01:30:40 a.m.,1727731790.47602,260,21.02077,31.27022,43.54048,1,60,477
66fb2c847835ef5c35ebf994,66fb26d67835ef5c35ebc3ed,30/09/2024 16:56:04,2024,9,30,16,56,5,1,0.613636363636364,0.75,1,0,1,0,0,21,0,0,0,0,0,62.9545454545455,81.5909090909091,81.1363636363636,33.6363636363636,0,01:30:45 a.m.,1727731795.48303,257,21.04564,31.2645,43.55574,1,56,469
66fb2c8a7835ef5c35ebf9c7,66fb26d67835ef5c35ebc3ed,30/09/2024 16:56:10,2024,9,30,16,56,10,1,0.604841649578492,0.75,0.994652406417112,0,1,0,0,21,0,0,0.004329004329004,0,0,62.7424108399341,81.2373513998901,81.0484164957849,33.494940559956,0,01:30:50 a.m.,1727731800.48612,259,21.04445,31.27766,43.56022,1,59,475
66fb2c8f7835ef5c35ebf9fa,66fb26d67835ef5c35ebc3ed,30/09/2024 16:56:15,2024,9,30,16,56,16,1,0.750865800865801,0.75,0.942327688651218,0,1,0,0,21,0,0,0.047619047619048,0,0,64.1479023427553,83.5798372379255,82.508658008658,34.4319348951702,0,01:30:55 a.m.,1727731805.492,263,21.06435,31.28796,43.55669,1,59,475
66fb2c957835ef5c35ebfa2d,66fb26d67835ef5c35ebc3ed,30/09/2024 16:56:21,2024,9,30,16,56,21,1,0.77468671679198,0.75,0.938673499702912,0,1,0,0,21,0,0,0.047619047619048,0,0,64.4504032474234,84.0840054123723,82.7468671679198,34.6336021649489,0,01:31:00 a.m.,1727731810.50034,269,21.03549,31.30226,43.56966,1,54,466
66fb2c9a7835ef5c35ebfa61,66fb26d67835ef5c35ebc3ed,30/09/2024 16:56:26,2024,9,30,16,56,27,1,0.772510822510823,0.75,0.934316908581614,0,1,0,0,21,0,0,0.047619047619048,0,0,64.3524159663866,83.9206932773109,82.7251082251082,34.5682773109244,0,01:31:05 a.m.,1727731815.50726,264,21.04485,31.30493,43.54687,1,52,461
66fb2c9f7835ef5c35ebfa94,66fb26d67835ef5c35ebc3ed,30/09/2024 16:56:31,2024,9,30,16,56,32,1,0.778347383610541,0.75,0.937275061539767,0,1,0,0,21,0,0,0.047619047619048,0,0,64.4843366772547,84.1405611287577,82.7834738361054,34.6562244515031,0,01:31:10 a.m.,1727731820.52528,260,21.07032,31.29063,43.536,1,53,462
66fb2ca57835ef5c35ebfad6,66fb26d67835ef5c35ebc3ed,30/09/2024 16:56:37,2024,9,30,16,56,37,0.994736842105263,0.771578947368421,0.714285714285714,0.930161064425771,0,1,0,0,20,0,0,0.05,0,0,63.277979876161,82.4645529264337,80.415037593985,34.1076256818517,0,01:31:15 a.m.,1727731825.53032,269,21.07032,31.2952,43.49318,1,49,455
66fb2caa7835ef5c35ebfb09,66fb26d67835ef5c35ebc3ed,30/09/2024 16:56:42,2024,9,30,16,56,43,0.927988269271814,0.691364730547173,0.821428571428571,0.90121610845295,0,1,0,0,23,0,0,0.043478260869565,0,0,62.9841922561524,82.4843450140803,84.0390096693404,33.4199767970051,0,01:31:20 a.m.,1727731830.53712,261,21.09997,31.28796,43.52226,1,43,441
66fb2cb07835ef5c35ebfb3c,66fb26d67835ef5c35ebc3ed,30/09/2024 16:56:48,2024,9,30,16,56,48,0.949609020755266,0.695027633762812,0.821428571428571,0.936834733893558,0,0.978354978354978,0.021645021645022,0,23,0,0,0.043478260869565,0,0,64.0058302156651,83.7906945027382,84.7242612460004,34.0289995984021,0,01:31:25 a.m.,1727731835.54423,260,21.10634,31.2603,43.50243,1,35,425
66fb2cb57835ef5c35ebfb6f,66fb26d67835ef5c35ebc3ed,30/09/2024 16:56:53,2024,9,30,16,56,54,0.940654997176736,0.725682288725767,0.821428571428571,0.937720588235294,0,0.979444444444444,0.020555555555556,0,23,0,0,0.043478260869565,0,0,64.2998573836649,84.4448968816776,84.762187088274,34.2548644556637,0,01:31:30 a.m.,1727731840.54687,265,21.12146,31.287,43.53914,1,43,443
66fb2cbb7835ef5c35ebfba2,66fb26d67835ef5c35ebc3ed,30/09/2024 16:56:59,2024,9,30,16,56,59,0.968360624882364,0.72495596699258,0.821428571428571,0.944628360115976,0,1,0,0,23,0,0,0.043478260869565,0,0,64.9466916899899,85.0150175509494,85.586092702111,34.5937352341949,0,01:31:35 a.m.,1727731845.55028,269,21.0735,31.29063,43.53647,1,52,461
66fb2cc07835ef5c35ebfbd5,66fb26d67835ef5c35ebc3ed,30/09/2024 16:57:04,2024,9,30,16,57,4,1,0.662862390135117,0.821428571428571,0.947394612414375,0,1,0,0,23,0,0,0.043478260869565,0,0,64.6895693239567,84.0064250637373,85.9143381870655,34.3168557397806,0,01:31:40 a.m.,1727731850.55396,269,21.08723,31.27251,43.55555,1,53,463
66fb2ccc7835ef5c35ebfc3b,66fb26d67835ef5c35ebc3ed,30/09/2024 16:57:16,2024,9,30,16,57,16,0.930929596719071,0.706717551454394,0.75,0.994652406417112,0,1,0,0,21,0,0,0,0,0,62.889141302454,82.7481928975737,79.995063416116,33.8229955459058,0,01:31:50 a.m.,1727731860.57588,263,21.05539,31.31046,43.52274,1,48,452
66fb2cd17835ef5c35ebfc6f,66fb26d67835ef5c35ebc3ed,30/09/2024 16:57:21,2024,9,30,16,57,22,0.946468443836865,0.73632946001367,0.75,1,0,0.983622994652406,0.016377005347594,0,21,0,0,0,0,0,63.7243107769424,83.8552631578947,80.7573479152427,34.3279790385054,0,01:31:55 a.m.,1727731865.58029,260,21.05321,31.29559,43.5463,1,46,449
66fb2cd77835ef5c35ebfca2,66fb26d67835ef5c35ebc3ed,30/09/2024 16:57:26,2024,9,30,16,57,27,0.970707070707071,0.725252525252525,0.714285714285714,1,0,0.977272727272727,0.022727272727273,0,20,0,0,0,0,0,63.1500721500722,82.6919191919192,79.2308802308802,34.1024531024531,0,01:32:00 a.m.,1727731870.59183,256,21.02455,31.32534,43.55659,1,52,462
66fb2cdc7835ef5c35ebfce4,66fb26d67835ef5c35ebc3ed,30/09/2024 16:57:32,2024,9,30,16,57,32,0.971291866028709,0.75465178096757,0.678571428571429,0.994652406417112,0,0.963528138528138,0.036471861471862,0,19,0,0,0,0,0,62.6296858456301,82.0519826750477,77.3995595048227,33.9916748198482,0,01:32:05 a.m.,1727731875.6028,260,21.04047,31.31809,43.49937,1,43,442
66fb2ce17835ef5c35ebfd17,66fb26d67835ef5c35ebc3ed,30/09/2024 16:57:37,2024,9,30,16,57,38,0.947076023391813,0.656140350877193,0.678571428571429,0.976959064327486,0.014775633573588,0.915186875145315,0.070037491281097,0,19,0,0,0,0,0,60.7716882495318,78.7836257309942,75.687969924812,32.7352250074151,0,01:32:10 a.m.,1727731880.61035,266,21.02037,31.29826,43.53294,1,51,460
66fb2ce77835ef5c35ebfd4a,66fb26d67835ef5c35ebc3ed,30/09/2024 16:57:43,2024,9,30,16,57,43,0.948157894736842,0.616052631578947,0.714285714285714,1,0,0.945906862745098,0.054093137254902,0,20,0,0,0,0,0,61.0610902255639,79.6236842105263,77.4624060150376,32.784962406015,0,01:32:15 a.m.,1727731885.61496,256,21.00186,31.27384,43.5235,1,47,450
66fb2cec7835ef5c35ebfd7d,66fb26d67835ef5c35ebc3ed,30/09/2024 16:57:48,2024,9,30,16,57,48,0.947602339181287,0.643216374269006,0.714285714285714,1,0,0.929656862745098,0.070343137254902,0,20,0,0,0,0,0,61.4574352548037,80.2944444444445,77.7173767752715,33.0510442773601,0,01:32:20 a.m.,1727731890.62334,257,21.01102,31.30112,43.55001,1,39,433
66fb2cf17835ef5c35ebfdb0,66fb26d67835ef5c35ebc3ed,30/09/2024 16:57:53,2024,9,30,16,57,54,0.928636207273978,0.635847640491603,0.678571428571429,0.968805704099822,0,1,0,0,19,0,0,0,0,0,59.6068100286367,77.7958767238953,74.9318483374211,32.1186098043683,0,01:32:25 a.m.,1727731895.63389,266,20.98157,31.31847,43.53886,1,37,429
66fb2cf67835ef5c35ebfde3,66fb26d67835ef5c35ebc3ed,30/09/2024 16:57:58,2024,9,30,16,57,59,0.948970912128807,0.645173539910382,0.75,0.952762923351159,0,1,0,0,21,0,0,0,0,0,61.6984651914993,80.4329752634706,79.920862762968,32.9690737539035,0,01:32:30 a.m.,1727731900.63977,260,20.9943,31.29616,43.46895,1,36,427
66fb2cfb7835ef5c35ebfe16,66fb26d67835ef5c35ebc3ed,30/09/2024 16:58:03,2024,9,30,16,58,4,0.904253056884636,0.640643274853801,0.714285714285714,0.995215311004785,0,1,0,0,20,0,0,0,0,0,60.4800827827144,79.4602604997342,76.3911673122199,32.5439735702894,0,01:32:35 a.m.,1727731905.65261,259,21.00067,31.31046,43.52379,1,38,431
66fb2d017835ef5c35ebfe49,66fb26d67835ef5c35ebc3ed,30/09/2024 16:58:09,2024,9,30,16,58,9,0.947846889952153,0.668421052631579,0.714285714285714,1,0,1,0,0,20,0,0,0,0,0,61.8403964456596,80.9282296650718,77.9767600820232,33.3055365686945,0,01:32:40 a.m.,1727731910.66036,257,21.02534,31.31599,43.50386,1,42,441
66fb2d067835ef5c35ebfe7c,66fb26d67835ef5c35ebc3ed,30/09/2024 16:58:14,2024,9,30,16,58,15,0.945602642971064,0.68796992481203,0.75,0.995215311004785,0,1,0,0,21,0,0,0,0,0,78.5537707906129,77.2798473456368,81.5835042150832,33.7878787878788,0,01:32:45 a.m.,1727731915.66675,257,21.01261,31.29463,43.54954,1,43,443
66fb2d0c7835ef5c35ebfeaf,66fb26d67835ef5c35ebc3ed,30/09/2024 16:58:20,2024,9,30,16,58,20,0.928354978354978,0.695670995670996,0.75,1,0,1,0,0,21,0,0,0,0,0,78.3722943722944,77.1222943722944,81.047619047619,33.7402597402597,0,01:32:50 a.m.,1727731920.67028,257,21.02296,31.33698,43.59903,1,59,474
66fb2d117835ef5c35ebfee2,66fb26d67835ef5c35ebc3ed,30/09/2024 16:58:25,2024,9,30,16,58,25,0.99016480595428,0.748803827751196,0.678571428571429,1,0,1,0,0,19,0,0,0,0,0,79.9087681324524,78.3016252753095,81.7255259360523,34.175400622769,0,01:32:55 a.m.,1727731925.67491,257,21.05221,31.32324,43.5216,1,56,468
66fb2d177835ef5c35ebff15,66fb26d67835ef5c35ebc3ed,30/09/2024 16:58:31,2024,9,30,16,58,31,0.990740740740741,0.698429079234033,0.678571428571429,1,0,1,0,0,19,0,0,0,0,0,78.9156715317706,77.3085286746277,80.7410683571674,33.677412485462,0,01:33:00 a.m.,1727731930.68475,267,21.04266,31.24142,43.54553,1,49,455
66fb2d1c7835ef5c35ebff48,66fb26d67835ef5c35ebc3ed,30/09/2024 16:58:36,2024,9,30,16,58,37,1,0.642156862745098,0.607142857142857,1,0,1,0,0,17,0,0,0,0,0,76.9502801120448,74.9859943977591,77.1288515406163,32.4929971988796,0,01:33:05 a.m.,1727731935.68884,261,21.00127,31.29749,43.60609,1,55,467
66fb2d227835ef5c35ebff7c,66fb26d67835ef5c35ebc3ed,30/09/2024 16:58:41,2024,9,30,16,58,42,1,0.723583877995643,0.642857142857143,1,0,1,0,0,18,0,0,0,0,0,79.11453470277,77.3288204170557,80.1859632741986,33.6644102085278,0,01:33:10 a.m.,1727731940.71094,258,20.9941,31.28319,43.56365,1,47,452
66fb2d277835ef5c35ebffbe,66fb26d67835ef5c35ebc3ed,30/09/2024 16:58:47,2024,9,30,16,58,47,1,0.708605664488018,0.642857142857143,1,0,1,0,0,18,0,0,0,0,0,78.8149704326175,77.0292561469032,79.8863990040461,33.5146280734516,0,01:33:15 a.m.,1727731945.71679,266,21.04704,31.27899,43.56661,1,54,465
66fb2d2d7835ef5c35ebfff1,66fb26d67835ef5c35ebc3ed,30/09/2024 16:58:53,2024,9,30,16,58,53,1,0.783783396399496,0.678571428571429,1,0,1,0,0,19,0,0,0,0,0,80.8542393565613,79.2470964994185,82.8185250708471,34.6235482497092,0,01:33:20 a.m.,1727731950.71961,267,21.01141,31.27995,43.63985,1,60,476
66fb2d327835ef5c35ec0024,66fb26d67835ef5c35ebc3ed,30/09/2024 16:58:58,2024,9,30,16,58,58,0.985645933014354,0.808080808080808,0.678571428571429,1,0,1,0,0,19,0,0,0,0,0,80.9813359155465,79.3741930584036,82.7303106250475,34.7229816966659,0,01:33:25 a.m.,1727731955.72368,265,21.02176,31.27804,43.64824,1,59,475
66fb2d377835ef5c35ec0057,66fb26d67835ef5c35ebc3ed,30/09/2024 16:59:03,2024,9,30,16,59,4,0.995215311004785,0.767817493823686,0.678571428571429,1,0,1,0,0,19,0,0,0,0,0,80.4153040801648,78.8081612230219,82.3078194595223,34.416042333999,0,01:33:30 a.m.,1727731960.72909,262,21.01221,31.27728,43.62125,1,61,479
66fb2d3d7835ef5c35ec008a,66fb26d67835ef5c35ebc3ed,30/09/2024 16:59:08,2024,9,30,16,59,9,1,0.806100217864924,0.642857142857143,1,0,1,0,0,18,0,0,0,0,0,80.7648615001556,78.9791472144413,81.8362900715842,34.4895736072207,0,01:33:35 a.m.,1727731965.73359,263,21.00505,31.28319,43.5812,1,58,473
66fb2d427835ef5c35ec00bd,66fb26d67835ef5c35ebc3ed,30/09/2024 16:59:14,2024,9,30,16,59,14,1,0.750148544266191,0.642857142857143,1,0,1,0,0,18,0,0,0,0,0,79.645828028181,77.8601137424667,80.7172565996096,33.9300568712333,0,01:33:40 a.m.,1727731970.73767,256,21.00743,31.26659,43.67018,1,50,456
66fb2d477835ef5c35ec00f0,66fb26d67835ef5c35ebc3ed,30/09/2024 16:59:19,2024,9,30,16,59,19,1,0.807613284548269,0.714285714285714,1,0,1,0,0,20,0,0,0,0,0,81.8665514052511,80.4379799766797,84.723694262394,35.2189899883398,0,01:33:45 a.m.,1727731975.74065,259,20.95629,31.2418,43.66913,1,53,462
66fb2d4c7835ef5c35ec0123,66fb26d67835ef5c35ebc3ed,30/09/2024 16:59:24,2024,9,30,16,59,24,1,0.660287081339713,0.714285714285714,0.986124401913876,0,0.976076555023923,0.023923444976077,0,20,0,0,0,0,0,78.4032809295967,77.1445659603554,81.7771701982228,33.606971975393,0,01:33:50 a.m.,1727731980.75172,266,20.96147,31.22921,43.73512,1,36,426
66fb2d527835ef5c35ec0156,66fb26d67835ef5c35ebc3ed,30/09/2024 16:59:30,2024,9,30,16,59,30,1,0.687263501891985,0.678571428571429,0.963392959522991,0,1,0,0,19,0,0,0,0,0,78.1917006568709,76.401522597343,80.8881271806968,33.292278899864,0,01:33:55 a.m.,1727731985.75658,262,21.02455,31.20003,43.88809,1,39,435
66fb2d577835ef5c35ec0189,66fb26d67835ef5c35ebc3ed,30/09/2024 16:59:35,2024,9,30,16,59,35,1,0.655502392344498,0.678571428571429,0.942364824717766,0,1,0,0,19,0,0,0,0,0,77.1359157698167,75.2405970362627,80.2529049897471,32.7643864563369,0,01:34:00 a.m.,1727731990.77135,263,21.0349,31.1964,43.93568,1,29,412
66fb2d5c7835ef5c35ec01bc,66fb26d67835ef5c35ebc3ed,30/09/2024 16:59:40,2024,9,30,16,59,41,1,0.589314194577353,0.678571428571429,0.939081996434938,0,1,0,0,19,0,0,0,0,0,75.7464952488172,73.8347623738491,78.9291410344042,32.0696761958372,0,01:34:05 a.m.,1727731995.78362,260,21.0337,31.22044,43.96591,1,35,426
66fb2d627835ef5c35ec01ef,66fb26d67835ef5c35ebc3ed,30/09/2024 16:59:45,2024,9,30,16,59,46,1,0.592849548112706,0.714285714285714,0.941614676173499,0,1,0,0,20,0,0,0,0,0,76.4035702000098,74.6830721523059,80.4284195336827,32.4874993857192,0,01:34:10 a.m.,1727732000.78596,256,20.99908,31.2088,44.0094,1,35,425
66fb2d677835ef5c35ec0222,66fb26d67835ef5c35ebc3ed,30/09/2024 16:59:51,2024,9,30,16,59,51,1,0.575407063410159,0.714285714285714,0.971371187363834,0,1,0,0,20,0,0,0,0,0,76.6498507297656,75.0781352380133,80.0795698396318,32.6106396505971,0,01:34:15 a.m.,1727732005.78916,255,20.97838,31.22234,43.93892,1,41,438
66fb2d6d7835ef5c35ec0256,66fb26d67835ef5c35ebc3ed,30/09/2024 16:59:56,2024,9,30,16,59,57,1,0.632352941176471,0.607142857142857,0.983333333333333,0,1,0,0,17,0,0,0,0,0,76.4208683473389,74.3732492997199,76.9327731092437,32.2282913165266,0,01:34:20 a.m.,1727732010.7931,260,20.98117,31.22883,43.93663,1,46,448
66fb2d727835ef5c35ec0298,66fb26d67835ef5c35ebc3ed,30/09/2024 17:00:02,2024,9,30,17,0,3,0.995614035087719,0.637412567366128,0.678571428571429,0.954645864756159,0,1,0,0,19,0,0,0,0,0,76.9100909482101,75.0761774148481,79.7156698936885,32.6624389578143,0,01:34:25 a.m.,1727732015.79704,262,20.98435,31.18801,43.90707,1,44,444
66fb2d777835ef5c35ec02cb,66fb26d67835ef5c35ebc3ed,30/09/2024 17:00:07,2024,9,30,17,0,8,1,0.581996434937611,0.642857142857143,1,0,0.807336523125997,0.192663476874003,0,18,0,0,0,0,0,74.3561510728693,74.4970715558951,77.3542144130379,32.2485357779475,0,01:34:30 a.m.,1727732020.80567,261,20.98117,31.25191,43.92815,1,49,455
66fb2d7d7835ef5c35ec02fe,66fb26d67835ef5c35ebc3ed,30/09/2024 17:00:13,2024,9,30,17,0,13,1,0.570988523000907,0.678571428571429,1,0,0.934928229665072,0.065071770334928,0,19,0,0,0,0,0,75.9476241852403,74.9911990314467,78.5626276028753,32.4955995157234,0,01:34:35 a.m.,1727732025.80944,254,20.99351,31.24008,43.89582,1,46,448
66fb2d827835ef5c35ec0331,66fb26d67835ef5c35ebc3ed,30/09/2024 17:00:18,2024,9,30,17,0,19,0.989181286549708,0.571259029927761,0.678571428571429,1,0,0.727034518113465,0.272965481886534,0,19,0,0,0,0,0,73.603629372004,74.7261413337265,78.1352892034007,32.390117450489,0,01:34:40 a.m.,1727732030.8153,251,21.00067,31.23817,43.88981,1,50,457
66fb2d887835ef5c35ec0364,66fb26d67835ef5c35ebc3ed,30/09/2024 17:00:24,2024,9,30,17,0,24,1,0.52723311546841,0.642857142857143,0.991452991452992,0.004830917874396,0.604883200535374,0.39028588159023,0,18,0,0,0,0,0,71.1137204653829,73.2605937209518,76.2589480236539,31.6637416765294,0,01:34:45 a.m.,1727732035.82459,253,20.98137,31.24714,43.89143,1,49,454
66fb2d8d7835ef5c35ec0397,66fb26d67835ef5c35ebc3ed,30/09/2024 17:00:29,2024,9,30,17,0,30,1,0.620915032679739,0.642857142857143,1,0,0.922867998874191,0.077132001125809,0,18,0,0,0,0,0,76.2898377851938,75.2754435107376,78.1325863678805,32.6377217553688,0,01:34:50 a.m.,1727732040.83012,254,20.98773,31.20975,43.86311,1,45,448
66fb2d937835ef5c35ec03ca,66fb26d67835ef5c35ebc3ed,30/09/2024 17:00:35,2024,9,30,17,0,35,1,0.568899782135076,0.642857142857143,1,0,1,0,0,18,0,0,0,0,0,76.0208527855587,74.2351384998444,77.0922813569873,32.1175692499222,0,01:34:55 a.m.,1727732045.83299,254,21.01022,31.22406,43.88647,1,44,446
66fb2d987835ef5c35ec03fd,66fb26d67835ef5c35ebc3ed,30/09/2024 17:00:40,2024,9,30,17,0,41,1,0.570261437908497,0.642857142857143,1,0,1,0,0,18,0,0,0,0,0,76.0480859010271,74.2623716153128,77.1195144724557,32.1311858076564,0,01:35:00 a.m.,1727732050.8376,259,21.06972,31.2254,43.857,1,50,457
66fb2d9e7835ef5c35ec0430,66fb26d67835ef5c35ebc3ed,30/09/2024 17:00:46,2024,9,30,17,0,46,0.95004873294347,0.618421052631579,0.678571428571429,0.938026745786034,0.048402921109965,0.951597078890036,0,0,19,0,0,0.026315789473684,0,0,75.0587457205104,73.8677804089472,77.5132275132275,32.3347088104248,0,01:35:05 a.m.,1727732055.84561,263,21.07012,31.22787,43.88514,1,49,456
66fb2da37835ef5c35ec0463,66fb26d67835ef5c35ebc3ed,30/09/2024 17:00:51,2024,9,30,17,0,52,0.957097288676236,0.604439128123339,0.714285714285714,0.880890952872377,0,1,0,0,20,0,0,0.086363636363636,0,0,74.3483195511059,72.3242028868964,78.9441026809448,31.5671308395767,0,01:35:10 a.m.,1727732060.86306,260,21.08962,31.22559,43.89839,1,48,452
66fb2da97835ef5c35ec0497,66fb26d67835ef5c35ebc3ed,30/09/2024 17:00:57,2024,9,30,17,0,57,0.986598440545809,0.569286779039101,0.678571428571429,0.934334150326797,0,0.916666666666667,0,0,19,0,0,0.043859649122807,0,0,74.0826176962013,72.9804789240257,77.9925303454715,31.6879079848314,0,01:35:15 a.m.,1727732065.87032,253,21.11231,31.22826,43.91851,1,50,456
66fb2dae7835ef5c35ec04d8,66fb26d67835ef5c35ebc3ed,30/09/2024 17:01:02,2024,9,30,17,1,2,0.994949494949495,0.587033258279388,0.714285714285714,0.978743315508021,0.008264462809917,0.991735537190083,0,0,20,0,0,0.018181818181818,0,0,76.9035545637713,75.4926666548887,80.1100735349962,32.8327624583254,0,01:35:20 a.m.,1727732070.87911,257,21.10912,31.22787,43.92605,1,48,454
66fb2db37835ef5c35ec050c,66fb26d67835ef5c35ebc3ed,30/09/2024 17:01:07,2024,9,30,17,1,8,1,0.602147637364356,0.678571428571429,0.948351158645277,0.011408199643494,0.897682709447416,0.090909090909091,0,19,0,0,0.043062200956938,0,0,75.2794564396732,74.4942832795,79.1858098901443,32.4047842422455,0,01:35:25 a.m.,1727732075.88901,261,21.13858,31.24523,43.89896,1,38,433
66fb2db97835ef5c35ec053f,66fb26d67835ef5c35ebc3ed,30/09/2024 17:01:13,2024,9,30,17,1,13,0.995833333333333,0.583187134502924,0.714285714285714,0.966775599128541,0.005555555555556,0.994444444444444,0,0,20,0,0,0.029166666666667,0,0,76.6093737202483,75.0980136206529,80.0685045948204,32.6563733680607,0,01:35:30 a.m.,1727732080.89812,260,21.12624,31.25458,43.89486,1,38,433
66fb2dbe7835ef5c35ec0572,66fb26d67835ef5c35ebc3ed,30/09/2024 17:01:18,2024,9,30,17,1,18,1,0.566028708133971,0.714285714285714,0.965709728867624,0,1,0,0,20,0,0,0.031818181818182,0,0,76.3490544543176,74.7490316700843,79.892002734108,32.4602415128731,0,01:35:35 a.m.,1727732085.90358,253,21.09679,31.28376,43.84956,1,46,448
66fb2dc37835ef5c35ec05a5,66fb26d67835ef5c35ebc3ed,30/09/2024 17:01:23,2024,9,30,17,1,24,1,0.567509459924321,0.678571428571429,0.990196078431373,0,1,0,0,19,0,0,0.008771929824561,0,0,76.3326821956853,74.6765197306993,78.4930463413436,32.3627696692712,0,01:35:40 a.m.,1727732090.90824,257,21.08087,31.23913,43.83621,1,47,452
66fb2dc97835ef5c35ec05d8,66fb26d67835ef5c35ebc3ed,30/09/2024 17:01:29,2024,9,30,17,1,29,1,0.571150097465887,0.678571428571429,0.98635477582846,0,1,0,0,19,0,0,0.013157894736842,0,0,76.3286688944584,74.6532999164578,78.5658590921749,32.3607630186578,0,01:35:45 a.m.,1727732095.91255,263,21.04246,31.26888,43.85166,1,45,446
66fb2dcf7835ef5c35ec060b,66fb26d67835ef5c35ebc3ed,30/09/2024 17:01:34,2024,9,30,17,1,35,0.98172514619883,0.596978557504873,0.678571428571429,0.9437510749914,0,1,0,0,19,0,0,0.052631578947368,0,0,75.5362927334677,73.6479052512818,78.3514341409078,32.0102620726653,0,01:35:50 a.m.,1727732100.91976,260,20.99251,31.24771,43.81609,1,44,445
66fb2dd47835ef5c35ec063e,66fb26d67835ef5c35ebc3ed,30/09/2024 17:01:40,2024,9,30,17,1,40,1,0.660732714138287,0.714285714285714,0.941901874785002,0,0.942075163398693,0.057924836601307,0,20,0,0,0.05,0,0,77.1877291267384,76.0479154381051,81.7860828541943,33.16920303209,0,01:35:55 a.m.,1727732105.93503,257,21.01858,31.30913,43.81714,1,44,446
66fb2dd97835ef5c35ec0671,66fb26d67835ef5c35ebc3ed,30/09/2024 17:01:45,2024,9,30,17,1,45,1,0.626856803327392,0.714285714285714,0.942764330612628,0,1,0,0,20,0,0,0.05,0,0,77.1067083930861,75.3919586175778,81.1085646379764,32.8390684822573,0,01:36:00 a.m.,1727732110.94534,254,21.02515,31.26221,43.83402,1,49,454
66fb2dde7835ef5c35ec06a4,66fb26d67835ef5c35ebc3ed,30/09/2024 17:01:50,2024,9,30,17,1,51,0.994949494949495,0.664587046939988,0.642857142857143,0.936319073083779,0,1,0,0,18,0,0,0.055555555555556,0,0,76.5347169170699,74.4305979967745,78.8040064510653,32.387127578304,0,01:36:05 a.m.,1727732115.9558,260,21.01201,31.22501,43.84518,1,44,444
66fb2de37835ef5c35ec06d7,66fb26d67835ef5c35ebc3ed,30/09/2024 17:01:55,2024,9,30,17,1,56,0.965656565656566,0.671717171717172,0.714285714285714,0.937997623291741,0,1,0,0,20,0,0,0.05,0,0,77.0499957558781,75.3114124437654,80.6320346320346,32.8965707495119,0,01:36:10 a.m.,1727732120.96358,259,21.0343,31.23531,43.89267,1,47,452
66fb2de87835ef5c35ec070a,66fb26d67835ef5c35ebc3ed,30/09/2024 17:02:00,2024,9,30,17,2,1,0.995454545454545,0.648830409356725,0.714285714285714,0.952626106263877,0.005347593582888,0.994652406417112,0,0,20,0,0,0.040909090909091,0,0,77.6297796630614,76.0445526695527,81.3662185767449,33.1654436894375,0,01:36:15 a.m.,1727732125.97327,251,21.03032,31.28548,43.8714,1,43,442
66fb2dee7835ef5c35ec073d,66fb26d67835ef5c35ebc3ed,30/09/2024 17:02:06,2024,9,30,17,2,6,1,0.608674463937622,0.678571428571429,1,0,1,0,0,19,0,0,0,0,0,77.3520607073239,75.744917850181,79.3163464216096,32.8724589250905,0,01:36:20 a.m.,1727732130.98115,254,21.01758,31.2664,43.85853,1,46,448
66fb2df37835ef5c35ec0771,66fb26d67835ef5c35ebc3ed,30/09/2024 17:02:11,2024,9,30,17,2,12,1,0.658382066276803,0.678571428571429,1,0,1,0,0,19,0,0,0,0,0,78.3462127541075,76.7390698969646,80.3104984683932,33.3695349484823,0,01:36:25 a.m.,1727732135.98561,257,21.06634,31.28605,43.86406,1,43,442
66fb2df97835ef5c35ec07a4,66fb26d67835ef5c35ebc3ed,30/09/2024 17:02:17,2024,9,30,17,2,17,1,0.635063352826511,0.714285714285714,1,0,1,0,0,20,0,0,0,0,0,78.4155527708159,76.9869813422445,81.2726956279588,33.4934906711223,0,01:36:30 a.m.,1727732140.98997,261,21.09519,31.26869,43.80522,1,56,469
66fb2dfe7835ef5c35ec07e5,66fb26d67835ef5c35ebc3ed,30/09/2024 17:02:22,2024,9,30,17,2,23,1,0.624401913875598,0.678571428571429,1,0,0.818181818181818,0,0,19,0,0,0,0,0,75.8484278879016,76.0594668489405,79.6308954203691,33.0297334244703,0,01:36:35 a.m.,1727732145.99595,251,21.12186,31.23474,43.80493,1,55,466
66fb2e037835ef5c35ec0819,66fb26d67835ef5c35ebc3ed,30/09/2024 17:02:27,2024,9,30,17,2,28,1,0.600762527233116,0.678571428571429,1,0,0.75,0,0,19,0,0,0,0,0,74.6938219732337,75.5866791160909,79.1581076875195,32.7933395580454,0,01:36:40 a.m.,1727732151.00006,247,21.15688,31.23703,43.80903,1,57,470
66fb2e097835ef5c35ec084c,66fb26d67835ef5c35ebc3ed,30/09/2024 17:02:33,2024,9,30,17,2,33,1,0.601851851851852,0.678571428571429,1,0,0.583333333333333,0,0,19,0,0,0,0,0,73.0489417989418,75.6084656084656,79.1798941798942,32.8042328042328,0,01:36:45 a.m.,1727732156.00308,251,21.14395,31.22082,43.81781,1,48,452
66fb2e0e7835ef5c35ec087f,66fb26d67835ef5c35ebc3ed,30/09/2024 17:02:38,2024,9,30,17,2,39,1,0.646514161220044,0.678571428571429,1,0,1,0,0,19,0,0,0,0,0,78.1088546529723,76.5017117958295,80.073140367258,33.2508558979147,0,01:36:50 a.m.,1727732161.01432,254,21.13101,31.23016,43.83078,1,54,464
66fb2e137835ef5c35ec08b2,66fb26d67835ef5c35ebc3ed,30/09/2024 17:02:43,2024,9,30,17,2,44,0.967320261437909,0.60375816993464,0.678571428571429,1,0,0.75,0,0,19,0,0,0,0,0,73.936741363212,74.8295985060691,77.9108309990663,32.4964985994398,0,01:36:55 a.m.,1727732166.02218,256,21.12783,31.24142,43.79511,1,43,442
66fb2e197835ef5c35ec08e5,66fb26d67835ef5c35ebc3ed,30/09/2024 17:02:49,2024,9,30,17,2,49,1,0.611111111111111,0.714285714285714,1,0,1,0,0,20,0,0,0,0,0,77.9365079365079,76.5079365079365,80.7936507936508,33.2539682539683,0,01:37:00 a.m.,1727732171.02839,257,21.11947,31.17924,43.88342,1,28,410
66fb2e1e7835ef5c35ec0918,66fb26d67835ef5c35ebc3ed,30/09/2024 17:02:54,2024,9,30,17,2,55,1,0.560185185185185,0.642857142857143,1,0,1,0,0,18,0,0,0,0,0,75.8465608465608,74.0608465608466,76.9179894179894,32.0304232804233,0,01:37:05 a.m.,1727732176.03363,256,21.08763,31.12869,43.98136,1,34,423
66fb2e247835ef5c35ec094b,66fb26d67835ef5c35ebc3ed,30/09/2024 17:03:00,2024,9,30,17,3,0,1,0.58870470702901,0.678571428571429,1,0,0.833333333333333,0,0,19,0,0,0,0,0,75.285998902485,75.3455227120088,78.9169512834374,32.6727613560044,0,01:37:10 a.m.,1727732181.04356,260,21.10713,31.15311,44.03582,1,38,433
66fb2e297835ef5c35ec097e,66fb26d67835ef5c35ebc3ed,30/09/2024 17:03:05,2024,9,30,17,3,6,0.994949494949495,0.592728758169935,0.642857142857143,1,0,0.636363636363636,0,0,18,0,0,0,0,0,72.7348060436296,74.5854553942789,77.3668406756642,32.3053539597657,0,01:37:15 a.m.,1727732186.05195,262,21.04325,31.17104,44.0238,1,29,411
66fb2e2f7835ef5c35ec09b1,66fb26d67835ef5c35ebc3ed,30/09/2024 17:03:11,2024,9,30,17,3,11,0.975279106858054,0.581886981267786,0.75,0.932765480133901,0.012923351158645,0.987076648841355,0,0,21,0,0,0.008658008658009,0,0,75.9250268994851,74.5327045675343,80.6489038996779,32.5285491941839,0,01:37:20 a.m.,1727732191.05736,254,21.01122,31.16436,43.98832,1,35,425
66fb2e347835ef5c35ec09e4,66fb26d67835ef5c35ebc3ed,30/09/2024 17:03:16,2024,9,30,17,3,17,0.991228070175439,0.583089668615985,0.75,0.98167211328976,0,1,0,0,21,0,0,0,0,0,77.3259373925009,75.9842979589497,81.3109161793372,33.0598985208118,0,01:37:25 a.m.,1727732196.06131,248,20.99768,31.15253,44.00396,1,38,432
66fb2e397835ef5c35ec0a17,66fb26d67835ef5c35ebc3ed,30/09/2024 17:03:21,2024,9,30,17,3,22,1,0.538109161793372,0.714285714285714,1,0,0.989583333333333,0.010416666666667,0,20,0,0,0,0,0,76.3723022834865,75.0478975215817,79.333611807296,32.5239487607909,0,01:37:30 a.m.,1727732201.07153,260,20.94992,31.20289,43.99261,1,43,442
66fb2e3f7835ef5c35ec0a4b,66fb26d67835ef5c35ebc3ed,30/09/2024 17:03:27,2024,9,30,17,3,27,1,0.541107671138631,0.714285714285714,1,0.042051282051282,0.860512820512821,0.013333333333333,0.084102564102564,20,0,0,0,0,0,75.5620801626994,75.7386369392561,79.3935819942012,32.9744466747563,0,01:37:35 a.m.,1727732206.08068,259,20.94395,31.1758,43.94217,1,44,445
66fb2e447835ef5c35ec0a7e,66fb26d67835ef5c35ebc3ed,30/09/2024 17:03:32,2024,9,30,17,3,32,1,0.674428104575163,0.642857142857143,1,0.020952380952381,0.843305860805861,0.025833333333333,0.109908424908425,18,0,0,0,0,0,76.7740016519428,76.6599906629318,79.202847805789,33.3823762838469,0,01:37:40 a.m.,1727732210.08434,253,20.93082,31.22559,43.86826,1,32,419
66fb2e497835ef5c35ec0ac0,66fb26d67835ef5c35ebc3ed,30/09/2024 17:03:37,2024,9,30,17,3,38,0.995614035087719,0.681291924664603,0.678571428571429,0.994047619047619,0.038623602274918,0.875171904119273,0.005208333333333,0.080996160272476,19,0,0,0,0,0,77.7136682439507,77.5181624522279,80.593257039658,33.8814860964629,0,01:37:45 a.m.,1727732215.09319,260,20.91092,31.22177,43.83087,1,39,434
66fb2e4f7835ef5c35ec0af3,66fb26d67835ef5c35ebc3ed,30/09/2024 17:03:43,2024,9,30,17,3,43,0.94600806829909,0.656940926290772,0.678571428571429,0.937229437229437,0,0.905892592256229,0.013986013986014,0.080121393757757,19,0,0,0,0,0,74.7711063290151,73.7911847354572,78.1219984006362,32.1874986039073,0,01:37:50 a.m.,1727732220.09715,256,20.88346,31.21796,43.84584,1,45,446
66fb2e547835ef5c35ec0b26,66fb26d67835ef5c35ebc3ed,30/09/2024 17:03:48,2024,9,30,17,3,49,0.945210620133221,0.651593332707884,0.678571428571429,0.960627951340026,0,0.933323116277662,0,0.066676883722338,19,0,0,0,0,0,75.3864937756368,74.2492595124174,77.9831486023437,32.3600333275256,0,01:37:55 a.m.,1727732225.10623,254,20.90336,31.20537,43.87665,1,48,452
66fb2e5c7835ef5c35ec0b59,66fb26d67835ef5c35ebc3ed,30/09/2024 17:03:56,2024,9,30,17,3,57,0.941176470588235,0.470588235294118,0.678571428571429,0.947368421052632,0,0.933333333333333,0,0.066666666666667,19,0,0,0,0,0,71.4004496535456,70.1968155683326,74.2016806722689,30.3770455550641,0,01:38:00 a.m.,1727732230.11675,265,20.89182,31.2212,43.8982,1,44,444
66fb2e627835ef5c35ec0b8d,66fb26d67835ef5c35ebc3ed,30/09/2024 17:04:02,2024,9,30,17,4,2,0.921484281971898,0.667880580032283,0.714285714285714,0.979734592892488,0,0.373203719357566,0,0.011411665257819,20,0,0,0,0,0,70.4357334156542,75.1737977579696,78.7884114509502,32.8338516918238,0,01:38:05 a.m.,1727732235.12192,256,20.92803,31.2048,43.85662,1,58,472
66fb2e677835ef5c35ec0bc3,66fb26d67835ef5c35ebc3ed,30/09/2024 17:04:07,2024,9,30,17,4,8,0.937120681605976,0.685580065359477,0.642857142857143,1,0.369047619047619,0.345238095238095,0,0,18,0,0,0,0,0,73.9253326330532,80.5324754901961,76.9107142857143,36.3460550887021,0,01:38:10 a.m.,1727732240.13181,259,20.94495,31.19316,43.82811,1,49,455
66fb2e6d7835ef5c35ec0c02,66fb26d67835ef5c35ebc3ed,30/09/2024 17:04:13,2024,9,30,17,4,13,0.895676219205631,0.638323278029161,0.642857142857143,1,0.102564102564103,0.897435897435897,0,0,18,0,0,0,0,0,74.8012281835811,74.5539754363284,74.3078000430942,32.7942074265604,0,01:38:15 a.m.,1727732245.13926,263,20.9159,31.20155,43.8529,1,61,478
66fb2e727835ef5c35ec0c35,66fb26d67835ef5c35ebc3ed,30/09/2024 17:04:18,2024,9,30,17,4,18,0.852380877922674,0.594712568706377,0.785714285714286,0.951078551078551,0.179738562091503,0.739288307915759,0,0.080973129992738,22,0,0,0.03030303030303,0,0,73.2013273295523,75.3911012448164,77.4180579196059,33.6362484551339,0,01:38:20 a.m.,1727732250.14295,256,20.96724,31.16302,43.80684,1,49,454
66fb2e797835ef5c35ec0c68,66fb26d67835ef5c35ebc3ed,30/09/2024 17:04:25,2024,9,30,17,4,26,0.85,0.5,0.714285714285714,0.866666666666667,0,0.947368421052632,0,0.052631578947368,20,0,0,0.05,0,0,68.7713032581454,67.202380952381,72.5714285714286,29.3095238095238,0,01:38:25 a.m.,1727732255.15001,266,20.93181,31.18324,43.83984,1,48,453
66fb2e7f7835ef5c35ec0c9b,66fb26d67835ef5c35ebc3ed,30/09/2024 17:04:31,2024,9,30,17,4,31,0.932021452919286,0.562451136754542,0.678571428571429,0.939285714285714,0,1,0,0,19,0,0,0.047846889952153,0,0,73.5138447723587,71.6031304866444,75.6727379947194,31.1232973253097,0,01:38:30 a.m.,1727732260.15353,254,20.91948,31.19678,43.83421,1,48,453
66fb2e847835ef5c35ec0cce,66fb26d67835ef5c35ebc3ed,30/09/2024 17:04:36,2024,9,30,17,4,36,0.888169621915752,0.633846201957657,0.678571428571429,0.936742424242424,0.012175324675325,0.987824675324675,0,0,19,0,0,0.052631578947368,0,0,73.7945845004669,72.053783634666,75.3465660586404,31.4950500136259,0,01:38:35 a.m.,1727732265.16255,266,20.96604,31.15482,43.84012,1,44,444
66fb2e897835ef5c35ec0d01,66fb26d67835ef5c35ebc3ed,30/09/2024 17:04:41,2024,9,30,17,4,41,0.89404572036151,0.63421052631579,0.714285714285714,0.933712121212121,0,1,0,0,20,0,0,0.05,0,0,74.4238816738817,72.6638708513709,77.0174679122048,31.7625408217514,0,01:38:40 a.m.,1727732270.16776,256,21.01142,31.20003,43.89277,1,48,453
66fb2e8e7835ef5c35ec0d34,66fb26d67835ef5c35ebc3ed,30/09/2024 17:04:46,2024,9,30,17,4,47,0.892025518341308,0.578149920255183,0.714285714285714,0.930669330669331,0,1,0,0,20,0,0,0.05,0,0,73.1913086913087,71.4160839160839,75.8154477101846,31.1513048355154,0,01:38:45 a.m.,1727732275.17316,262,21.02017,31.18095,43.85614,1,49,454
66fb2e947835ef5c35ec0d68,66fb26d67835ef5c35ebc3ed,30/09/2024 17:04:52,2024,9,30,17,4,52,0.892738791423002,0.635745614035088,0.714285714285714,0.930544108669109,0,1,0,0,20,0,0,0.05,0,0,74.3585499539447,72.5826990687188,76.9958925090504,31.7331422841291,0,01:38:50 a.m.,1727732280.17624,257,21.02415,31.19183,43.81628,1,48,452
66fb2e997835ef5c35ec0da9,66fb26d67835ef5c35ebc3ed,30/09/2024 17:04:57,2024,9,30,17,4,58,0.891812865497076,0.671296296296296,0.678571428571429,0.934027777777778,0,1,0,0,19,0,0,0.052631578947368,0,0,74.5803745474798,72.6433705792259,76.2412976886661,31.7570836814258,0,01:38:55 a.m.,1727732285.18114,260,20.99231,31.20422,43.85052,1,37,431
66fb2e9e7835ef5c35ec0ddd,66fb26d67835ef5c35ebc3ed,30/09/2024 17:05:02,2024,9,30,17,5,3,0.930887825624668,0.696172248803828,0.678571428571429,0.925886613386614,0,1,0,0,19,0,0,0.052631578947368,0,0,75.8919443129969,73.9142345227872,78.3018151439204,32.3151811638654,0,01:39:00 a.m.,1727732290.18398,261,20.98813,31.21567,43.80636,1,50,457
66fb2ea47835ef5c35ec0e10,66fb26d67835ef5c35ebc3ed,30/09/2024 17:05:08,2024,9,30,17,5,8,0.944444444444444,0.681818181818182,0.642857142857143,0.93023643023643,0,1,0,0,18,0,0,0.055555555555556,0,0,75.4950604950605,73.3605283605284,77.1284271284271,31.993561993562,0,01:39:05 a.m.,1727732295.18859,257,21.02316,31.19926,43.7521,1,48,453
66fb2ea97835ef5c35ec0e43,66fb26d67835ef5c35ebc3ed,30/09/2024 17:05:13,2024,9,30,17,5,14,0.946836788942052,0.656831472620946,0.678571428571429,0.932467532467533,0,1,0,0,19,0,0,0.052631578947368,0,0,75.6354712538923,73.6906660590871,78.1529581529582,32.1470722260196,0,01:39:10 a.m.,1727732300.19216,261,21.02594,31.2191,43.77556,1,52,461
66fb2eaf7835ef5c35ec0e76,66fb26d67835ef5c35ebc3ed,30/09/2024 17:05:19,2024,9,30,17,5,19,0.945906432748538,0.721247563352826,0.678571428571429,0.926282051282051,0,1,0,0,19,0,0,0.052631578947368,0,0,76.7768245399824,74.8010919392499,79.4040657198552,32.7200747595485,0,01:39:15 a.m.,1727732305.19779,253,21.07052,31.2067,43.73064,1,51,459
66fb2eb47835ef5c35ec0ea9,66fb26d67835ef5c35ebc3ed,30/09/2024 17:05:24,2024,9,30,17,5,24,0.945215311004785,0.706140350877193,0.714285714285714,0.923576423576424,0,1,0,0,20,0,0,0.05,0,0,76.9390039784777,75.1283146677884,80.5028480291638,32.8921779974412,0,01:39:20 a.m.,1727732310.20261,254,21.08644,31.19411,43.74561,1,48,453
66fb2eb97835ef5c35ec0edc,66fb26d67835ef5c35ebc3ed,30/09/2024 17:05:29,2024,9,30,17,5,29,0.945241892610314,0.695906432748538,0.678571428571429,0.923576423576424,0,1,0,0,19,0,0,0.052631578947368,0,0,76.1992758703285,74.2100151310678,78.8706615022405,32.432961775067,0,01:39:25 a.m.,1727732315.20571,253,21.09241,31.17905,43.72053,1,45,447
66fb2ebf7835ef5c35ec0f0f,66fb26d67835ef5c35ebc3ed,30/09/2024 17:05:35,2024,9,30,17,5,35,0.898778195488722,0.668149540517962,0.75,0.923992673992674,0,1,0,0,21,0,0,0.047619047619048,0,0,75.5622991774308,73.9322625473941,79.3141186299081,32.4092040999936,0,01:39:30 a.m.,1727732320.20936,254,21.0733,31.20346,43.77909,1,44,445
66fb2ec47835ef5c35ec0f42,66fb26d67835ef5c35ebc3ed,30/09/2024 17:05:40,2024,9,30,17,5,40,0.847060833902939,0.668409660514924,0.75,0.92943722943723,0,1,0,0,21,0,0,0.047619047619048,0,0,74.3834586466165,72.7806447938027,77.250626566416,31.9490772385509,0,01:39:35 a.m.,1727732325.21541,263,21.09261,31.21891,43.81075,1,53,463
66fb2ec97835ef5c35ec0f75,66fb26d67835ef5c35ebc3ed,30/09/2024 17:05:45,2024,9,30,17,5,45,0.912280701754386,0.573099415204678,0.678571428571429,0.92980352980353,0,1,0,0,19,0,0,0.052631578947368,0,0,73.0436478725953,71.08552266447,75.0960735171261,30.9375507533402,0,01:39:40 a.m.,1727732330.21859,247,21.08345,31.21567,43.80951,1,59,474
66fb2ece7835ef5c35ec0fa8,66fb26d67835ef5c35ebc3ed,30/09/2024 17:05:50,2024,9,30,17,5,51,0.906698564593302,0.635167464114833,0.714285714285714,0.93016983016983,0,1,0,0,20,0,0,0.05,0,0,74.6884957148115,72.9107734370892,77.5427204374573,31.8632157316368,0,01:39:45 a.m.,1727732335.22129,256,21.13221,31.22139,43.77441,1,54,465
66fb2ed47835ef5c35ec0fdb,66fb26d67835ef5c35ebc3ed,30/09/2024 17:05:56,2024,9,30,17,5,56,0.909994683678894,0.666454013822435,0.714285714285714,0.922286804104986,0,1,0,0,20,0,0,0.05,0,0,75.2389691648065,73.42183175676,78.300296195033,32.1302121589203,0,01:39:50 a.m.,1727732340.22748,259,21.13619,31.2006,43.74762,1,51,458
66fb2ed97835ef5c35ec100e,66fb26d67835ef5c35ebc3ed,30/09/2024 17:06:01,2024,9,30,17,6,1,0.910659223817119,0.648936735778841,0.714285714285714,0.915310447128629,0,0.993006993006993,0,0.006993006993007,20,0,0,0.05,0,0,74.695779897933,72.9136907749348,77.9765322396901,31.891921210103,0,01:39:55 a.m.,1727732345.23509,248,21.15231,31.23531,43.7952,1,48,452
66fb2edf7835ef5c35ec1041,66fb26d67835ef5c35ebc3ed,30/09/2024 17:06:07,2024,9,30,17,6,7,0.941448801742919,0.649509803921569,0.642857142857143,0.913412975912976,0.006410256410256,0.993589743589744,0,0,18,0,0,0.055555555555556,0,0,74.437532783121,72.3150372231255,76.3624338624339,31.5363898084486,0,01:40:00 a.m.,1727732350.24063,256,21.14315,31.24332,43.70737,1,49,455
66fb2ee47835ef5c35ec1075,66fb26d67835ef5c35ebc3ed,30/09/2024 17:06:12,2024,9,30,17,6,12,0.925243143509397,0.698220596053413,0.678571428571429,0.913911845730028,0,1,0,0,19,0,0,0.052631578947368,0,0,75.5522988519752,73.5147152234825,78.1169948043013,32.1594701386427,0,01:40:05 a.m.,1727732355.24395,254,21.11052,31.21662,43.72578,1,44,445
66fb2eea7835ef5c35ec10b7,66fb26d67835ef5c35ebc3ed,30/09/2024 17:06:17,2024,9,30,17,6,18,0.943441938178781,0.67152730310625,0.75,0.913805891078618,0,1,0,0,21,0,0,0.047619047619048,0,0,76.5427123381669,74.86174179356,81.1682235892762,32.7877513236365,0,01:40:10 a.m.,1727732360.2475,245,21.11529,31.21185,43.66541,1,48,454
66fb2eef7835ef5c35ec10ea,66fb26d67835ef5c35ebc3ed,30/09/2024 17:06:23,2024,9,30,17,6,23,0.901389838231944,0.709387104123946,0.75,0.917615717615718,0,1,0,0,21,0,0,0.047619047619048,0,0,76.3248023905919,74.6628809786705,80.2433356117567,32.7839265997161,0,01:40:15 a.m.,1727732365.25972,247,21.0345,31.1348,43.67132,1,43,441
66fb2ef47835ef5c35ec111d,66fb26d67835ef5c35ebc3ed,30/09/2024 17:06:28,2024,9,30,17,6,28,0.900774663932559,0.72531328320802,0.75,0.920057215511761,0,1,0,0,21,0,0,0.047619047619048,0,0,76.6767765727096,75.0270626502684,80.5372522214628,32.9614516265234,0,01:40:20 a.m.,1727732370.26489,256,21.05042,31.1594,43.66932,1,41,438
66fb2ef97835ef5c35ec1150,66fb26d67835ef5c35ebc3ed,30/09/2024 17:06:33,2024,9,30,17,6,34,0.947820308346624,0.635220627325891,0.714285714285714,0.915872006781098,0,1,0,0,20,0,0,0.05,0,0,75.4316461050911,73.5824347104252,79.1886534518113,32.1319865673933,0,01:40:25 a.m.,1727732375.27266,254,21.0343,31.17104,43.68429,1,35,425
66fb2eff7835ef5c35ec1183,66fb26d67835ef5c35ebc3ed,30/09/2024 17:06:38,2024,9,30,17,6,39,0.945241892610314,0.631844763423711,0.678571428571429,0.919512305875942,0,1,0,0,19,0,0,0.052631578947368,0,0,74.8367601298223,72.8271788020592,77.5894281157439,31.751703904814,0,01:40:30 a.m.,1727732380.277,244,21.03788,31.20441,43.78796,1,42,441
66fb2f047835ef5c35ec11b6,66fb26d67835ef5c35ebc3ed,30/09/2024 17:06:44,2024,9,30,17,6,44,0.947846889952153,0.644497607655502,0.714285714285714,0.921322616777162,0,1,0,0,20,0,0,0.05,0,0,75.7268624517428,73.9049041070572,79.3752563226248,32.2795282867053,0,01:40:35 a.m.,1727732385.28038,247,21.04306,31.20537,43.70966,1,39,433
66fb2f097835ef5c35ec11e9,66fb26d67835ef5c35ebc3ed,30/09/2024 17:06:49,2024,9,30,17,6,49,0.942052099946837,0.629452418926103,0.678571428571429,0.919784760693852,0,1,0,0,19,0,0,0.052631578947368,0,0,74.7146175196415,72.7063984659679,77.4139895192527,31.6986070813822,0,01:40:40 a.m.,1727732390.28729,256,21.04903,31.1945,43.72511,1,35,426
66fb2f0e7835ef5c35ec121c,66fb26d67835ef5c35ebc3ed,30/09/2024 17:06:54,2024,9,30,17,6,55,0.894205209994684,0.610313662945242,0.678571428571429,0.91784730421094,0,1,0,0,19,0,0,0.052631578947368,0,0,73.0969210215622,71.079014685474,75.1173388015493,31.0093760572229,0,01:40:45 a.m.,1727732395.29655,256,21.03251,31.24332,43.74218,1,37,430
66fb2f147835ef5c35ec124f,66fb26d67835ef5c35ebc3ed,30/09/2024 17:07:00,2024,9,30,17,7,0,0.86364522417154,0.612231968810916,0.714285714285714,0.920308857808858,0,1,0,0,20,0,0,0.05,0,0,72.9562328509697,71.1292057114426,75.3618769145085,31.1047176507703,0,01:40:50 a.m.,1727732400.30214,251,21.00982,31.24523,43.73722,1,47,452
66fb2f197835ef5c35ec1282,66fb26d67835ef5c35ebc3ed,30/09/2024 17:07:05,2024,9,30,17,7,5,0.854486422668241,0.563046044864227,0.785714285714286,0.921744921744922,0,1,0,0,22,0,0,0.045454545454546,0,0,72.8436941846033,71.3809902218993,76.8689492325856,31.2499167499167,0,01:40:55 a.m.,1727732405.30772,254,21.04206,31.25362,43.65721,1,48,454
66fb2f1e7835ef5c35ec12b5,66fb26d67835ef5c35ebc3ed,30/09/2024 17:07:10,2024,9,30,17,7,11,0.883014354066986,0.597129186602871,0.714285714285714,0.925074925074925,0,1,0,0,20,0,0,0.05,0,0,73.2337267995163,71.4305299963195,75.8345864661654,31.195041800305,0,01:41:00 a.m.,1727732410.3169,251,21.03609,31.22082,43.70251,1,47,451
66fb2f247835ef5c35ec12e8,66fb26d67835ef5c35ebc3ed,30/09/2024 17:07:15,2024,9,30,17,7,16,0.925243143509397,0.652203146011196,0.678571428571429,0.935897435897436,0,1,0,0,19,0,0,0.043062200956938,0,0,75.071661654479,73.1440059768233,77.196645803457,31.9191515398946,0,01:41:05 a.m.,1727732415.32401,248,21.10057,31.20117,43.67018,1,51,460
66fb2f297835ef5c35ec131b,66fb26d67835ef5c35ebc3ed,30/09/2024 17:07:21,2024,9,30,17,7,21,0.944647715545549,0.683334896957188,0.678571428571429,0.923076923076923,0,1,0,0,19,0,0,0.052631578947368,0,0,75.9230007178924,73.9312424761341,78.5954637038229,32.2963096415109,0,01:41:10 a.m.,1727732420.33014,257,21.08783,31.19698,43.67466,1,46,449
66fb2f2e7835ef5c35ec134e,66fb26d67835ef5c35ebc3ed,30/09/2024 17:07:26,2024,9,30,17,7,27,0.936541107671139,0.611518174521271,0.714285714285714,0.923076923076923,0,1,0,0,20,0,0,0.05,0,0,74.8197153580281,73.0065285448413,78.2634363686995,31.8542191955505,0,01:41:15 a.m.,1727732425.33587,254,21.07868,31.22692,43.6594,1,47,451
66fb2f337835ef5c35ec1381,66fb26d67835ef5c35ebc3ed,30/09/2024 17:07:31,2024,9,30,17,7,32,0.914272535170368,0.63874637574328,0.75,0.931068931068931,0,1,0,0,21,0,0,0.043290043290043,0,0,75.5031195155034,73.9084641708481,79.3458289216803,32.3408784198258,0,01:41:20 a.m.,1727732430.34136,253,21.08027,31.2191,43.66179,1,51,459
66fb2f397835ef5c35ec13b5,66fb26d67835ef5c35ebc3ed,30/09/2024 17:07:37,2024,9,30,17,7,37,0.91640559732665,0.617857142857143,0.75,0.950835622710623,0,1,0,0,21,0,0,0.031746031746032,0,0,75.5339952445216,74.0381733580747,79.0133667502089,32.3509836289442,0,01:41:25 a.m.,1727732435.34451,248,21.06296,31.18038,43.57367,1,45,446
66fb2f3f7835ef5c35ec13f7,66fb26d67835ef5c35ebc3ed,30/09/2024 17:07:43,2024,9,30,17,7,43,0.921223196881092,0.635891812865497,0.714285714285714,0.936397283272283,0,1,0,0,20,0,0,0.045833333333333,0,0,75.1906475590686,73.4440625468586,78.1381927039822,32.0779800730459,0,01:41:30 a.m.,1727732440.3492,259,21.00843,31.22272,43.54753,1,46,448
66fb2f447835ef5c35ec142a,66fb26d67835ef5c35ebc3ed,30/09/2024 17:07:48,2024,9,30,17,7,49,0.931696479761495,0.637843997248022,0.714285714285714,0.930395299145299,0,1,0,0,20,0,0,0.05,0,0,75.3714836361895,73.5948887033446,78.5961677068488,32.1422149044053,0,01:41:35 a.m.,1727732445.35362,253,21.00127,31.25496,43.57319,1,46,449
66fb2f497835ef5c35ec145d,66fb26d67835ef5c35ebc3ed,30/09/2024 17:07:53,2024,9,30,17,7,54,0.909997810926603,0.621477937267411,0.678571428571429,0.932792207792208,0,1,0,0,19,0,0,0.052631578947368,0,0,74.0139196029289,72.0707377847471,75.9723283252695,31.4283938455765,0,01:41:40 a.m.,1727732450.36002,251,21.014,31.25,43.54315,1,51,459
66fb2f4f7835ef5c35ec1490,66fb26d67835ef5c35ebc3ed,30/09/2024 17:07:59,2024,9,30,17,7,59,0.888543328017012,0.544364699627857,0.714285714285714,0.926319513819514,0.006993006993007,0.993006993006993,0,0,20,0,0,0.05,0,0,72.3415531836585,70.6494744290797,75.0004556846662,30.8050626274311,0,01:41:45 a.m.,1727732455.36394,257,20.96624,31.25954,43.52245,1,52,461
66fb2f547835ef5c35ec14c3,66fb26d67835ef5c35ebc3ed,30/09/2024 17:08:04,2024,9,30,17,8,4,0.910112402217666,0.56313890787575,0.75,0.917249417249417,0.0502769289534,0.9497230710466,0,0,21,0,0,0.047619047619048,0,0,73.610576557945,72.7009775784931,77.6672742462216,31.9077765629623,0,01:41:50 a.m.,1727732460.3706,258,20.96425,31.27708,43.46132,1,40,437
66fb2f597835ef5c35ec14f6,66fb26d67835ef5c35ebc3ed,30/09/2024 17:08:09,2024,9,30,17,8,10,0.915018607123871,0.605156831472621,0.714285714285714,0.977272727272727,0,1,0,0,20,0,0,0.009090909090909,0,0,75.2383420672894,73.6961342750817,77.2753094858358,32.1173388015493,0,01:41:55 a.m.,1727732465.37773,251,20.90654,31.28414,43.43185,1,47,451
66fb2f5e7835ef5c35ec1529,66fb26d67835ef5c35ebc3ed,30/09/2024 17:08:14,2024,9,30,17,8,15,0.948781043517886,0.674436090225564,0.75,1,0,1,0,0,21,0,0,0,0,0,78.4582478924584,77.2082478924584,81.4399635452267,33.7321713374345,0,01:42:00 a.m.,1727732470.38634,250,20.9149,31.26183,43.50052,1,49,456
66fb2f647835ef5c35ec155c,66fb26d67835ef5c35ebc3ed,30/09/2024 17:08:20,2024,9,30,17,8,20,0.944178460858028,0.766605033826396,0.75,1,0,1,0,0,21,0,0,0,0,0,80.1865621979786,78.9365621979786,83.099239110849,34.6078349468442,0,01:42:05 a.m.,1727732475.39014,250,20.92167,31.28376,43.48183,1,58,473
66fb2f697835ef5c35ec158f,66fb26d67835ef5c35ebc3ed,30/09/2024 17:08:25,2024,9,30,17,8,26,0.99537037037037,0.740497076023392,0.678571428571429,1,0,1,0,0,19,0,0,0,0,0,79.8727722082985,78.2656293511557,81.7676134781398,34.1443887496519,0,01:42:10 a.m.,1727732480.39499,244,20.94236,31.21796,43.50834,1,47,450
66fb2f6e7835ef5c35ec15c2,66fb26d67835ef5c35ebc3ed,30/09/2024 17:08:30,2024,9,30,17,8,31,0.966021535319781,0.591334818527801,0.75,1,0,1,0,0,21,0,0,0,0,0,77.2272347535506,75.9772347535506,80.4675577833473,33.0735635384758,0,01:42:15 a.m.,1727732485.39948,251,20.90774,31.20861,43.46113,1,58,474
66fb2f747835ef5c35ec15f5,66fb26d67835ef5c35ebc3ed,30/09/2024 17:08:36,2024,9,30,17,8,36,0.951355661881978,0.510679550927229,0.678571428571429,1,0,1,0,0,19,0,0,0,0,0,74.1760539941655,72.5689111370226,75.4106746366808,31.4060664138064,0,01:42:20 a.m.,1727732490.40705,253,20.94276,31.22654,43.58835,1,54,464
66fb2f797835ef5c35ec1628,66fb26d67835ef5c35ebc3ed,30/09/2024 17:08:41,2024,9,30,17,8,41,0.942052099946837,0.621212121212121,0.678571428571429,1,0,1,0,0,19,0,0,0,0,0,76.1541163514848,74.5469734943419,77.2491835649731,32.4183564973039,0,01:42:25 a.m.,1727732495.41011,257,20.94754,31.21605,43.49136,1,60,477
66fb2f807835ef5c35ec166b,66fb26d67835ef5c35ebc3ed,30/09/2024 17:08:48,2024,9,30,17,8,48,0.947102604997342,0.664274322169059,0.678571428571429,0.993939393939394,0,1,0,0,19,0,0,0,0,0,77.020410875674,75.3829649882282,78.312447786132,32.8388774967722,0,01:42:30 a.m.,1727732500.41411,251,20.93361,31.21986,43.55154,1,61,478
66fb2f857835ef5c35ec169e,66fb26d67835ef5c35ebc3ed,30/09/2024 17:08:53,2024,9,30,17,8,54,0.985645933014354,0.698564593301435,0.678571428571429,1,0,1,0,0,19,0,0,0,0,0,78.791011619959,77.1838687628161,80.53998632946,33.6278195488722,0,01:42:35 a.m.,1727732505.41871,250,20.91808,31.14662,43.54506,1,60,477
66fb2f8b7835ef5c35ec16d1,66fb26d67835ef5c35ebc3ed,30/09/2024 17:08:59,2024,9,30,17,8,59,0.982212475633528,0.673004815961472,0.714285714285714,1,0,1,0,0,20,0,0,0,0,0,78.7296939243534,77.301122495782,81.3200239159992,33.6950300588071,0,01:42:40 a.m.,1727732510.42509,259,20.90216,31.14548,43.60075,1,36,427
66fb2f907835ef5c35ec1704,66fb26d67835ef5c35ebc3ed,30/09/2024 17:09:04,2024,9,30,17,9,5,0.99098440545809,0.677832244008715,0.678571428571429,1,0,1,0,0,19,0,0,0,0,0,78.509826445198,76.9026835880551,80.338878241355,33.4738807803823,0,01:42:45 a.m.,1727732515.42872,256,20.96545,31.16684,43.67037,1,39,433
66fb2f957835ef5c35ec1737,66fb26d67835ef5c35ebc3ed,30/09/2024 17:09:09,2024,9,30,17,9,10,0.972222222222222,0.738309468524252,0.678571428571429,0.987179487179487,0,1,0,0,19,0,0,0,0,0,78.9939060982018,77.3226606769564,80.7979354022311,33.7628260649739,0,01:42:50 a.m.,1727732520.43214,248,20.96385,31.17447,43.7604,1,36,428
66fb2f9b7835ef5c35ec176a,66fb26d67835ef5c35ebc3ed,30/09/2024 17:09:15,2024,9,30,17,9,15,1,0.716280451574569,0.642857142857143,1,0,1,0,0,18,0,0,0,0,0,78.9684661743485,77.1827518886343,80.0398947457771,33.5913759443171,0,01:42:55 a.m.,1727732525.43571,251,20.92485,31.18973,43.74542,1,39,435
66fb2fa07835ef5c35ec179d,66fb26d67835ef5c35ebc3ed,30/09/2024 17:09:20,2024,9,30,17,9,20,1,0.735247208931419,0.678571428571429,1,0,1,0,0,19,0,0,0,0,0,79.8835156071998,78.276372750057,81.8478013214855,34.1381863750285,0,01:43:00 a.m.,1727732530.43877,250,20.93938,31.20251,43.75048,1,39,435
66fb2fa57835ef5c35ec17d0,66fb26d67835ef5c35ebc3ed,30/09/2024 17:09:25,2024,9,30,17,9,26,1,0.779904306220096,0.678571428571429,1,0,0.983957219251337,0.016042780748663,0,19,0,0,0,0,0,80.6162297454867,79.1695146958305,82.7409432672591,34.5847573479152,0,01:43:05 a.m.,1727732535.44232,247,20.94415,31.14376,43.7747,1,38,432
66fb2fab7835ef5c35ec1803,66fb26d67835ef5c35ebc3ed,30/09/2024 17:09:31,2024,9,30,17,9,31,1,0.749683235867446,0.714285714285714,1,0,1,0,0,20,0,0,0,0,0,80.7079504316346,79.2793790030632,83.5650932887775,34.6396895015316,0,01:43:10 a.m.,1727732540.44694,254,20.95092,31.15177,43.78262,1,41,439
66fb2fb07835ef5c35ec1836,66fb26d67835ef5c35ebc3ed,30/09/2024 17:09:36,2024,9,30,17,9,36,1,0.731818181818182,0.714285714285714,1,0,1,0,0,20,0,0,0,0,0,80.3506493506493,78.9220779220779,83.2077922077922,34.461038961039,0,01:43:15 a.m.,1727732545.45183,256,20.90276,31.1758,43.76936,1,49,454
66fb2fb57835ef5c35ec1869,66fb26d67835ef5c35ebc3ed,30/09/2024 17:09:41,2024,9,30,17,9,42,1,0.683845978582821,0.75,1,0,1,0,0,21,0,0,0,0,0,79.9269195716564,78.6769195716564,83.6769195716564,34.3384597858282,0,01:43:20 a.m.,1727732550.45742,253,20.90714,31.16722,43.73198,1,47,452
66fb2fba7835ef5c35ec189c,66fb26d67835ef5c35ebc3ed,30/09/2024 17:09:46,2024,9,30,17,9,47,1,0.633245614035088,0.75,1,0,0.912309941520468,0.087690058479532,0,21,0,0,0,0,0,78.0380116959064,77.6649122807018,82.6649122807018,33.8324561403509,0,01:43:25 a.m.,1727732555.46119,248,20.96166,31.16817,43.76316,1,50,457
66fb2fc07835ef5c35ec18cf,66fb26d67835ef5c35ebc3ed,30/09/2024 17:09:52,2024,9,30,17,9,52,1,0.681428571428572,0.75,1,0,0.880498974709501,0.119501025290499,0,21,0,0,0,0,0,78.6835611756664,78.6285714285714,83.6285714285715,34.3142857142857,0,01:43:30 a.m.,1727732560.46971,242,20.96326,31.18057,43.79072,1,51,460
66fb2fc57835ef5c35ec1902,66fb26d67835ef5c35ebc3ed,30/09/2024 17:09:57,2024,9,30,17,9,57,1,0.670708020050125,0.75,1,0,1,0,0,21,0,0,0,0,0,79.6641604010025,78.4141604010025,83.4141604010025,34.2070802005013,0,01:43:35 a.m.,1727732565.47397,250,20.94455,31.16722,43.73627,1,55,468
66fb2fca7835ef5c35ec1936,66fb26d67835ef5c35ebc3ed,30/09/2024 17:10:02,2024,9,30,17,10,3,1,0.631313131313131,0.642857142857143,1,0,0.982251082251082,0.017748917748918,0,18,0,0,0,0,0,77.0916305916306,75.4834054834055,78.3405483405484,32.7417027417027,0,01:43:40 a.m.,1727732570.48079,248,20.94734,31.16398,43.68258,1,56,470
66fb2fd07835ef5c35ec1978,66fb26d67835ef5c35ebc3ed,30/09/2024 17:10:08,2024,9,30,17,10,8,0.989236111111111,0.621691176470588,0.642857142857143,1,0,1,0,0,18,0,0,0,0,0,76.8075834500467,75.0218691643324,77.7175536881419,32.5378443043884,0,01:43:45 a.m.,1727732575.48803,245,20.98236,31.21243,43.73789,1,48,452
66fb2fd57835ef5c35ec19ab,66fb26d67835ef5c35ebc3ed,30/09/2024 17:10:13,2024,9,30,17,10,13,0.93764880952381,0.551289682539683,0.571428571428571,1,0,1,0,0,16,0,0,0,0,0,73.0384424603175,70.8955853174603,71.3888888888889,30.6036706349206,0,01:43:50 a.m.,1727732580.49215,244,20.97818,31.20232,43.66074,1,43,442
66fb2fda7835ef5c35ec19de,66fb26d67835ef5c35ebc3ed,30/09/2024 17:10:18,2024,9,30,17,10,19,0.994444444444444,0.630677655677656,0.535714285714286,1,0,0.995098039215687,0.004901960784314,0,15,0,0,0,0,0,75.4613589025354,73.1889499389499,73.8199023199023,31.6083638583639,0,01:43:55 a.m.,1727732585.49592,244,21.00405,31.2048,43.69907,1,55,466
66fb2fe27835ef5c35ec1a11,66fb26d67835ef5c35ebc3ed,30/09/2024 17:10:26,2024,9,30,17,10,27,0.921296296296296,0.520833333333333,0.642857142857143,1,0,1,0,0,18,0,0,0,0,0,73.0919312169312,71.3062169312169,72.9828042328042,30.8498677248677,0,01:44:00 a.m.,1727732590.50194,247,21.01977,31.20518,43.64338,1,64,485
66fb2fe77835ef5c35ec1a44,66fb26d67835ef5c35ebc3ed,30/09/2024 17:10:31,2024,9,30,17,10,32,1,0.649879210057229,0.678571428571429,0.921828171828172,0.10125190427048,0.889368586350011,0,0.009379509379509,19,0,0,0.052631578947368,0,0,76.5189239724843,76.1334956323347,80.1404413440017,33.5153071472731,0,01:44:05 a.m.,1727732595.50575,254,21.04843,31.21376,43.62755,1,53,463
66fb2fed7835ef5c35ec1a78,66fb26d67835ef5c35ebc3ed,30/09/2024 17:10:37,2024,9,30,17,10,37,1,0.649255952380952,0.571428571428571,0.92305611055611,0.058274925467263,0.941725074532737,0,0,16,0,0,0.0625,0,0,75.0176698301698,73.3642171221022,75.8422619047619,32.020155598329,0,01:44:10 a.m.,1727732600.50917,254,21.08664,31.24847,43.63861,1,48,452
66fb2ff27835ef5c35ec1ab9,66fb26d67835ef5c35ebc3ed,30/09/2024 17:10:42,2024,9,30,17,10,43,1,0.644169719169719,0.535714285714286,0.884844322344323,0.050983309990663,0.949016690009337,0,0,15,0,0,0.1,0,0,73.6159951159951,71.4835378061481,74.3119658119658,31.1571163721899,0,01:44:15 a.m.,1727732605.51211,245,21.09579,31.23436,43.56441,1,44,443
66fb2ff87835ef5c35ec1aed,66fb26d67835ef5c35ebc3ed,30/09/2024 17:10:48,2024,9,30,17,10,48,0.933978174603175,0.654365079365079,0.571428571428571,0.883733974358974,0,1,0,0,16,0,0,0.072916666666667,0,0,72.682864010989,69.9586767399267,73.3035714285714,30.435057997558,0,01:44:20 a.m.,1727732610.51609,239,21.09738,31.24619,43.5379,1,46,449
66fb2ffd7835ef5c35ec1b20,66fb26d67835ef5c35ebc3ed,30/09/2024 17:10:53,2024,9,30,17,10,54,0.852859477124183,0.649829793028322,0.642857142857143,0.852343142968143,0,1,0,0,18,0,0,0.106481481481481,0,0,71.007802790891,68.4838042200174,72.8252606598195,29.9788955597779,0,01:44:25 a.m.,1727732615.52146,251,21.11012,31.21014,43.5133,1,54,465
66fb30027835ef5c35ec1b53,66fb26d67835ef5c35ebc3ed,30/09/2024 17:10:58,2024,9,30,17,10,59,0.870915032679739,0.666221033868093,0.642857142857143,0.872119547119547,0.025108225108225,0.974891774891775,0,0,18,0,0,0.101010101010101,0,0,72.1825445796034,70.1340514061102,73.8753076988371,30.7722098163275,0,01:44:30 a.m.,1727732620.52773,251,21.09897,31.17714,43.53018,1,45,446
66fb30087835ef5c35ec1b86,66fb26d67835ef5c35ebc3ed,30/09/2024 17:11:04,2024,9,30,17,11,4,0.879765795206972,0.669287854030501,0.642857142857143,0.862084096459096,0.061747198879552,0.938252801120448,0,0,18,0,0,0.101851851851852,0,0,72.2644410328234,70.7153552125979,74.2906746031746,31.1574208743326,0,01:44:35 a.m.,1727732625.53578,248,21.08544,31.20537,43.52989,1,40,436
66fb300d7835ef5c35ec1bb9,66fb26d67835ef5c35ebc3ed,30/09/2024 17:11:09,2024,9,30,17,11,9,0.878289473684211,0.616502192982456,0.678571428571429,0.860512751137751,0.010457516339869,0.989542483660131,0,0,19,0,0,0.070175438596491,0,0,71.6761071530808,69.5283907967248,74.6044799498747,30.4433336271572,0,01:44:40 a.m.,1727732630.53996,247,21.04325,31.18248,43.49546,1,39,434
66fb30127835ef5c35ec1bec,66fb26d67835ef5c35ebc3ed,30/09/2024 17:11:14,2024,9,30,17,11,15,0.858333333333333,0.728125,0.607142857142857,0.835568842921784,0.005555555555556,0.994444444444444,0,0,17,0,0,0.088235294117647,0,0,71.8393530489119,69.1362448825684,73.1815476190476,30.3472558895353,0,01:44:45 a.m.,1727732635.55464,247,21.01579,31.22406,43.5256,1,38,432
66fb30187835ef5c35ec1c1f,66fb26d67835ef5c35ebc3ed,30/09/2024 17:11:19,2024,9,30,17,11,20,0.866216342996529,0.646920051912312,0.678571428571429,0.864718614718615,0.023106060606061,0.976893939393939,0,0,19,0,0,0.052631578947368,0,0,72.0667533361032,70.1297944616443,74.7299119009645,30.7953249880494,0,01:44:50 a.m.,1727732640.56597,248,21.00206,31.20518,43.48946,1,42,440
66fb301d7835ef5c35ec1c52,66fb26d67835ef5c35ebc3ed,30/09/2024 17:11:25,2024,9,30,17,11,25,0.942487960096319,0.671402492416424,0.678571428571429,0.880863254392666,0.062608169264516,0.937391830735484,0,0,19,0,0,0.043062200956938,0,0,74.7860853671612,73.5223813209494,78.2704253950384,32.3593330474135,0,01:44:55 a.m.,1727732645.57315,247,21.01241,31.17142,43.57157,1,39,433
66fb30227835ef5c35ec1c85,66fb26d67835ef5c35ebc3ed,30/09/2024 17:11:30,2024,9,30,17,11,31,0.961456671982988,0.639553429027113,0.678571428571429,0.928571428571429,0.053014142720025,0.946985857279975,0,0,19,0,0,0.052631578947368,0,0,75.577485380117,74.4084118066316,78.3921926027189,32.6116710087298,0,01:45:00 a.m.,1727732650.57771,250,20.99967,31.16722,43.53752,1,32,420
66fb30277835ef5c35ec1cb8,66fb26d67835ef5c35ebc3ed,30/09/2024 17:11:35,2024,9,30,17,11,36,0.9811004784689,0.598441067016919,0.714285714285714,0.924492174492174,0.011363636363636,0.988636363636364,0,0,20,0,0,0.05,0,0,75.7004625061901,74.0648064955341,79.7842690505229,32.2968307062734,0,01:45:05 a.m.,1727732655.58126,251,20.99331,31.20346,43.55698,1,35,425
66fb302c7835ef5c35ec1ceb,66fb26d67835ef5c35ebc3ed,30/09/2024 17:11:40,2024,9,30,17,11,41,1,0.541239462292094,0.75,0.928438228438229,0.005347593582888,0.994652406417112,0,0,21,0,0,0.047619047619048,0,0,75.6435538146065,74.1159588605409,80.8247892458419,32.2502528431321,0,01:45:10 a.m.,1727732660.5861,251,21.00923,31.20708,43.6182,1,38,431
66fb30327835ef5c35ec1d1e,66fb26d67835ef5c35ebc3ed,30/09/2024 17:11:46,2024,9,30,17,11,46,1,0.603247549019608,0.642857142857143,0.929120879120879,0.009531590413943,0.990468409586057,0,0,18,0,0,0.055555555555556,0,0,75.2902257056669,73.2930896717662,77.7792366946779,31.8475716141157,0,01:45:15 a.m.,1727732665.59461,251,21.00485,31.20022,43.6058,1,49,455
66fb30377835ef5c35ec1d51,66fb26d67835ef5c35ebc3ed,30/09/2024 17:11:51,2024,9,30,17,11,52,0.972488038277512,0.64225849829565,0.678571428571429,0.937108724608725,0.009379509379509,0.947799478643132,0,0.042821011977359,19,0,0,0.047846889952153,0,0,75.6499067238231,74.2972102501901,78.8875486398706,32.3980619913282,0,01:45:20 a.m.,1727732670.59899,251,21.01281,31.23283,43.5998,1,45,446
66fb303d7835ef5c35ec1d84,66fb26d67835ef5c35ebc3ed,30/09/2024 17:11:57,2024,9,30,17,11,57,0.970185113519091,0.621310987845431,0.678571428571429,0.935256410256411,0.017460317460318,0.972735760971055,0,0.009803921568627,19,0,0,0.048245614035088,0,0,75.4665080128993,73.8955911846295,78.3764814405294,32.2278425765268,0,01:45:25 a.m.,1727732675.61033,253,21.02515,31.24046,43.59846,1,40,436
66fb30427835ef5c35ec1db8,66fb26d67835ef5c35ebc3ed,30/09/2024 17:12:02,2024,9,30,17,12,2,0.99016480595428,0.696868061419145,0.678571428571429,0.879503503032915,0.078878162835382,0.921121837164618,0,0,19,0,0,0.052631578947368,0,0,76.4601228664696,75.4336699670221,80.6868106094112,33.2398596181315,0,01:45:30 a.m.,1727732680.62261,250,21.08345,31.21605,43.6038,1,54,465
66fb30487835ef5c35ec1dfa,66fb26d67835ef5c35ebc3ed,30/09/2024 17:12:08,2024,9,30,17,12,8,0.995614035087719,0.713822956083018,0.678571428571429,0.968192918192918,0,1,0,0,19,0,0,0.021929824561404,0,0,78.7092397912831,76.9430615251049,81.2438776680263,33.5620133793508,0,01:45:35 a.m.,1727732685.63318,250,21.10097,31.22311,43.66636,1,53,464
66fb304d7835ef5c35ec1e2d,66fb26d67835ef5c35ebc3ed,30/09/2024 17:12:13,2024,9,30,17,12,13,0.995098039215687,0.765073529411765,0.607142857142857,0.973290598290598,0,1,0,0,17,0,0,0,0,0,78.7518763915823,76.6540436687496,79.391106442577,33.4060502406091,0,01:45:40 a.m.,1727732690.64275,250,21.04286,31.19545,43.60476,1,57,470
66fb30527835ef5c35ec1e60,66fb26d67835ef5c35ebc3ed,30/09/2024 17:12:18,2024,9,30,17,12,19,0.969669117647059,0.759803921568627,0.607142857142857,0.918269230769231,0,1,0,0,17,0,0,0,0,0,76.9103338450765,74.5373942846369,78.2685574229692,32.5488512712777,0,01:45:45 a.m.,1727732695.65001,248,21.07171,31.2191,43.62125,1,56,468
66fb30587835ef5c35ec1e93,66fb26d67835ef5c35ebc3ed,30/09/2024 17:12:24,2024,9,30,17,12,24,0.934599673202614,0.801974400871459,0.642857142857143,0.954594017094017,0.009803921568627,0.990196078431373,0,0,18,0,0,0,0,0,78.139217332232,76.2735319555172,79.1377606598195,33.4382915559386,0,01:45:50 a.m.,1727732700.6586,244,21.07768,31.20766,43.63241,1,61,478
66fb305d7835ef5c35ec1ec6,66fb26d67835ef5c35ebc3ed,30/09/2024 17:12:29,2024,9,30,17,12,30,0.934525857126476,0.629543630317624,0.678571428571429,1,0,1,0,0,19,0,0,0,0,0,76.1325904630858,74.525447605943,77.1147640342687,32.4264091601553,0,01:45:55 a.m.,1727732705.67068,250,21.09181,31.21815,43.65683,1,64,484
66fb30637835ef5c35ec1ef9,66fb26d67835ef5c35ebc3ed,30/09/2024 17:12:35,2024,9,30,17,12,35,0.942509459924321,0.706857011810572,0.678571428571429,0.936141636141636,0,1,0,0,19,0,0,0,0,0,76.6012808857236,74.674846209289,78.9803757760414,32.6407953644796,0,01:46:00 a.m.,1727732710.68044,242,21.06315,31.21567,43.61591,1,56,469
66fb30687835ef5c35ec1f2c,66fb26d67835ef5c35ebc3ed,30/09/2024 17:12:40,2024,9,30,17,12,41,0.941176470588235,0.676470588235294,0.607142857142857,0.960267857142857,0,1,0,0,17,0,0,0,0,0,75.3713235294118,73.2083771008403,75.4621848739496,31.8505777310924,0,01:46:05 a.m.,1727732715.68675,239,21.06415,31.22978,43.5956,1,63,483
66fb306e7835ef5c35ec1f5f,66fb26d67835ef5c35ebc3ed,30/09/2024 17:12:45,2024,9,30,17,12,46,0.941176470588235,0.689839572192513,0.607142857142857,0.981818181818182,0,1,0,0,17,0,0,0,0,0,76.0697097020627,74.0145148968679,75.729564553094,32.1997708174179,0,01:46:10 a.m.,1727732720.69261,253,21.0733,31.23379,43.56394,1,55,466
66fb30737835ef5c35ec1f92,66fb26d67835ef5c35ebc3ed,30/09/2024 17:12:51,2024,9,30,17,12,51,0.941176470588235,0.647058823529412,0.607142857142857,0.95515873015873,0,1,0,0,17,0,0,0,0,0,74.6809056956116,72.4924136321195,74.8739495798319,31.5053688141923,0,01:46:15 a.m.,1727732725.70069,245,21.0745,31.22959,43.57719,1,56,468
66fb30787835ef5c35ec1fc5,66fb26d67835ef5c35ebc3ed,30/09/2024 17:12:56,2024,9,30,17,12,57,0.941448801742919,0.667755991285403,0.642857142857143,1,0,1,0,0,18,0,0,0,0,0,76.5341970121382,74.7484827264239,76.7273576097106,32.5206193588547,0,01:46:20 a.m.,1727732730.70633,239,21.04166,31.19926,43.56804,2,65,487
66fb307e7835ef5c35ec1ff8,66fb26d67835ef5c35ebc3ed,30/09/2024 17:13:02,2024,9,30,17,13,2,0.941448801742919,0.647875816993464,0.642857142857143,1,0,1,0,0,18,0,0,0,0,0,76.1365935262994,74.3508792405851,76.3297541238718,32.3218176159353,0,01:46:25 a.m.,1727732735.70889,244,21.04962,31.2191,43.5689,2,67,491
66fb30837835ef5c35ec202c,66fb26d67835ef5c35ebc3ed,30/09/2024 17:13:07,2024,9,30,17,13,8,0.943871115697741,0.682476206857012,0.678571428571429,1,0,1,0,0,19,0,0,0,0,0,77.4248734581552,75.8177306010123,78.547225907907,33.0491875112618,0,01:46:30 a.m.,1727732740.71211,248,21.06713,31.17962,43.59064,1,56,470
66fb30897835ef5c35ec206e,66fb26d67835ef5c35ebc3ed,30/09/2024 17:13:13,2024,9,30,17,13,13,0.898033482398808,0.712590299277606,0.678571428571429,1,0,1,0,0,19,0,0,0,0,0,76.8812144740937,75.2740716169509,77.3160024243616,32.8919521024784,0,01:46:35 a.m.,1727732745.71498,247,21.0343,31.16646,43.57672,1,64,485
66fb308e7835ef5c35ec20a1,66fb26d67835ef5c35ebc3ed,30/09/2024 17:13:18,2024,9,30,17,13,18,0.913330610021787,0.670547385620915,0.642857142857143,1,0,1,0,0,18,0,0,0,0,0,75.8870701058201,74.1013558201058,75.6584578275755,32.2673513849984,0,01:46:40 a.m.,1727732750.72368,242,21.02833,31.20117,43.60542,1,53,462
66fb30947835ef5c35ec20d4,66fb26d67835ef5c35ebc3ed,30/09/2024 17:13:23,2024,9,30,17,13,24,1,0.620098039215686,0.607142857142857,1,0,1,0,0,17,0,0,0,0,0,76.5091036414566,74.5448179271709,76.687675070028,32.2724089635854,0,01:46:45 a.m.,1727732755.72844,238,20.98554,31.18744,43.57319,1,59,475
66fb30997835ef5c35ec2107,66fb26d67835ef5c35ebc3ed,30/09/2024 17:13:29,2024,9,30,17,13,29,1,0.676136363636364,0.571428571428571,1,0,1,0,0,16,0,0,0,0,0,77.0941558441558,74.9512987012987,76.3798701298701,32.4756493506493,0,01:46:50 a.m.,1727732760.73236,241,21.02893,31.14986,43.58091,1,55,466
66fb309e7835ef5c35ec213a,66fb26d67835ef5c35ebc3ed,30/09/2024 17:13:34,2024,9,30,17,13,35,1,0.584865196078431,0.607142857142857,1,0,1,0,0,17,0,0,0,0,0,75.8044467787115,73.8401610644258,75.9830182072829,31.9200805322129,0,01:46:55 a.m.,1727732765.7365,238,20.99012,31.17447,43.60409,1,47,451
66fb30a47835ef5c35ec216d,66fb26d67835ef5c35ebc3ed,30/09/2024 17:13:40,2024,9,30,17,13,40,1,0.569716775599128,0.642857142857143,1,0,1,0,0,18,0,0,0,0,0,76.0371926548397,74.2514783691254,77.1086212262683,32.1257391845627,0,01:47:00 a.m.,1727732770.74387,235,20.95749,31.20708,43.60294,1,64,484
66fb30a97835ef5c35ec21a0,66fb26d67835ef5c35ebc3ed,30/09/2024 17:13:45,2024,9,30,17,13,45,0.99016480595428,0.572348875754448,0.678571428571429,1,0,1,0,0,19,0,0,0,0,0,76.3796690925174,74.7725262353745,78.1964268961173,32.4108511028016,0,01:47:05 a.m.,1727732775.7488,238,20.94475,31.21204,43.63394,1,57,471
66fb30ae7835ef5c35ec21d3,66fb26d67835ef5c35ebc3ed,30/09/2024 17:13:50,2024,9,30,17,13,51,1,0.585468982914803,0.678571428571429,1,0,1,0,0,19,0,0,0,0,0,76.8879510868675,75.2808082297247,78.8522368011532,32.6404041148623,0,01:47:10 a.m.,1727732780.75306,234,20.95589,31.16684,43.62183,1,41,439
66fb30b47835ef5c35ec2206,66fb26d67835ef5c35ebc3ed,30/09/2024 17:13:56,2024,9,30,17,13,56,0.971677559912854,0.571078431372549,0.642857142857143,1,0,1,0,0,18,0,0,0,0,0,75.3563647681295,73.5706504824152,76.0029567382509,31.8561313414255,0,01:47:15 a.m.,1727732785.76061,232,20.93639,31.17447,43.55192,1,57,471
66fb30b97835ef5c35ec2239,66fb26d67835ef5c35ebc3ed,30/09/2024 17:14:01,2024,9,30,17,14,1,0.941448801742919,0.605119825708061,0.642857142857143,1,0,1,0,0,18,0,0,0,0,0,75.2814737005914,73.4957594148771,75.4746342981637,31.8942577030812,0,01:47:20 a.m.,1727732790.76828,233,20.9746,31.18706,43.55154,1,51,459
66fb30be7835ef5c35ec226c,66fb26d67835ef5c35ebc3ed,30/09/2024 17:14:06,2024,9,30,17,14,7,0.937550426869312,0.566049426150045,0.714285714285714,1,0.005050505050505,0.994949494949495,0,0,20,0,0,0,0,0,75.4740349090194,74.1212210562056,77.394434169202,32.2293607235558,0,01:47:25 a.m.,1727732795.77312,239,20.98694,31.22082,43.57729,1,61,479
66fb30c47835ef5c35ec229f,66fb26d67835ef5c35ebc3ed,30/09/2024 17:14:12,2024,9,30,17,14,12,0.926140216852291,0.528053422325868,0.75,1,0.04762753586283,0.95237246413717,0,0,21,0,0,0,0,0,74.9645738678246,74.4289869057671,77.606677120609,32.5182117504099,0,01:47:30 a.m.,1727732800.77717,242,20.99331,31.23436,43.49117,1,60,476
66fb30c97835ef5c35ec22d2,66fb26d67835ef5c35ebc3ed,30/09/2024 17:14:17,2024,9,30,17,14,17,0.950793650793651,0.481313131313131,0.75,1,0.039230540701129,0.960769459298871,0,0,21,0,0,0,0,0,74.6461038961039,73.9845620066208,77.6580086580087,32.2133732280791,0,01:47:35 a.m.,1727732805.78009,235,20.97818,31.19812,43.52121,2,68,492
66fb30cf7835ef5c35ec2306,66fb26d67835ef5c35ebc3ed,30/09/2024 17:14:22,2024,9,30,17,14,23,0.976851851851852,0.462962962962963,0.642857142857143,0.982478632478632,0,0.99098440545809,0,0.00901559454191,18,0,0,0,0,0,72.8828294025662,71.0996642246642,74.0476190476191,30.6515059015059,0,01:47:40 a.m.,1727732810.78815,232,20.97858,31.20651,43.49489,1,63,483
66fb30d47835ef5c35ec2348,66fb26d67835ef5c35ebc3ed,30/09/2024 17:14:28,2024,9,30,17,14,28,0.99537037037037,0.469260620915033,0.642857142857143,0.983333333333333,0,0.987061403508772,0,0.012938596491228,18,0,0,0,0,0,73.4496095221714,71.7099478680361,74.9143129474012,30.9082146747588,0,01:47:45 a.m.,1727732815.79544,236,20.97221,31.18649,43.52922,1,62,480
66fb30d97835ef5c35ec237b,66fb26d67835ef5c35ebc3ed,30/09/2024 17:14:33,2024,9,30,17,14,34,0.906189083820663,0.551656920077973,0.678571428571429,0.877289377289377,0,0.995098039215687,0,0.004901960784314,19,0,0,0.039473684210526,0,0,71.3632048635919,69.191528500739,74.4235588972431,30.1370680975944,0,01:47:50 a.m.,1727732820.80326,238,21.00326,31.20651,43.52512,1,64,485
66fb30df7835ef5c35ec23ae,66fb26d67835ef5c35ebc3ed,30/09/2024 17:14:39,2024,9,30,17,14,39,0.901602453847036,0.579606696479762,0.678571428571429,0.858264652014652,0,1,0,0,19,0,0,0.052631578947368,0,0,71.4760597446356,69.160240147566,74.7990892263338,30.1804523091288,0,01:47:55 a.m.,1727732825.82683,233,21.00007,31.18992,43.51788,1,60,478
66fb30e47835ef5c35ec23e1,66fb26d67835ef5c35ebc3ed,30/09/2024 17:14:44,2024,9,30,17,14,45,0.903636184005766,0.632124070388389,0.714285714285714,0.827236652236652,0.049525365701836,0.950474634298164,0,0,20,0,0,0.045833333333333,0,0,72.4924047669307,70.9428970850701,77.359357339427,31.2680798661836,0,01:48:00 a.m.,1727732830.83053,235,20.98574,31.15215,43.51721,1,52,462
66fb30ea7835ef5c35ec2414,66fb26d67835ef5c35ebc3ed,30/09/2024 17:14:50,2024,9,30,17,14,50,1,0.606863969363969,0.571428571428571,0.876675849403122,0,1,0,0,16,0,0,0.028409090909091,0,0,73.2422249467704,70.4827470509289,74.9944222444222,30.5496839019566,0,01:48:05 a.m.,1727732835.8355,238,20.99888,31.1348,43.53237,2,68,492
66fb30ef7835ef5c35ec2447,66fb26d67835ef5c35ebc3ed,30/09/2024 17:14:55,2024,9,30,17,14,55,0.94297385620915,0.59500175070028,0.607142857142857,0.90952380952381,0.005952380952381,0.988095238095238,0,0.005952380952381,17,0,0,0.044117647058824,0,0,72.7124766573296,70.4446195144725,73.9047035480859,30.6059465452848,0,01:48:10 a.m.,1727732840.84349,242,20.96783,31.15673,43.58168,1,59,474
66fb30f47835ef5c35ec247a,66fb26d67835ef5c35ebc3ed,30/09/2024 17:15:00,2024,9,30,17,15,1,0.916954373455921,0.533267270225474,0.678571428571429,0.907240234512962,0.045766434522415,0.93200609199413,0,0.022227473483454,19,0,0,0.052631578947368,0,0,71.6903061249036,70.5281356929964,74.4863774856035,30.817997412882,0,01:48:15 a.m.,1727732845.85133,238,20.95351,31.17352,43.59274,1,61,479
66fb30fa7835ef5c35ec24ad,66fb26d67835ef5c35ebc3ed,30/09/2024 17:15:06,2024,9,30,17,15,6,0.974571078431373,0.541462418300654,0.607142857142857,0.91952861952862,0.016369047619048,0.957820767195767,0,0.025810185185185,17,0,0,0.049019607843137,0,0,72.4331387226608,70.5701336721557,74.0978057889823,30.5907402102255,0,01:48:20 a.m.,1727732850.85867,233,20.9157,31.18057,43.60914,1,55,468
66fb30ff7835ef5c35ec24e0,66fb26d67835ef5c35ebc3ed,30/09/2024 17:15:11,2024,9,30,17,15,12,0.937111928104575,0.51781045751634,0.607142857142857,0.907407407407408,0,0.964026251526252,0,0.035973748473749,17,0,0,0.049019607843137,0,0,70.6795608734947,68.6120496809835,72.1264005602241,29.6947265017118,0,01:48:25 a.m.,1727732855.86752,242,20.92724,31.19411,43.63327,1,54,466
66fb31047835ef5c35ec2513,66fb26d67835ef5c35ebc3ed,30/09/2024 17:15:16,2024,9,30,17,15,17,0.953962418300654,0.539338235294118,0.607142857142857,0.879163660413661,0,1,0,0,17,0,0,0.058823529411765,0,0,71.3262412288148,68.7577738165974,73.2309757236228,29.7960717115129,0,01:48:30 a.m.,1727732860.87256,233,20.88983,31.16493,43.61792,1,57,471
66fb310a7835ef5c35ec2546,66fb26d67835ef5c35ebc3ed,30/09/2024 17:15:22,2024,9,30,17,15,22,0.938095238095238,0.522510822510822,0.535714285714286,0.870454545454546,0,0.97387839433294,0,0.02612160566706,15,0,0,0.066666666666667,0,0,69.086186540732,66.3782467532468,69.4025974025974,28.6677489177489,0,01:48:35 a.m.,1727732865.87762,232,20.93838,31.16531,43.58435,1,57,471
66fb310f7835ef5c35ec2579,66fb26d67835ef5c35ebc3ed,30/09/2024 17:15:27,2024,9,30,17,15,27,0.915510231870526,0.48573373793962,0.642857142857143,0.937121212121212,0.032279483430799,0.889331068684784,0,0.078389447884417,18,0,0,0.037037037037037,0,0,70.2038174619928,69.3717959671907,72.0493697478992,30.135018082193,0,01:48:40 a.m.,1727732870.88709,244,20.94694,31.13079,43.56298,1,47,451
66fb31157835ef5c35ec25ad,66fb26d67835ef5c35ebc3ed,30/09/2024 17:15:32,2024,9,30,17,15,33,0.882352941176471,0.641711229946524,0.607142857142857,1,0.065940363386184,0.824978332640872,0,0.109081303972945,17,0,0,0,0,0,72.9093779457557,73.0250107219922,72.4140565317036,31.9714739165204,0,01:48:45 a.m.,1727732875.89104,244,20.94376,31.16951,43.61086,1,40,437
66fb311a7835ef5c35ec25ee,66fb26d67835ef5c35ebc3ed,30/09/2024 17:15:38,2024,9,30,17,15,38,0.883660130718954,0.644771241830065,0.642857142857143,1,0.127781832031058,0.758895400265369,0.012916666666667,0.100406101036906,18,0,0,0,0,0,73.4965575703966,74.7607984421839,73.9561157796452,32.9907034743722,0,01:48:50 a.m.,1727732880.89992,235,20.94256,31.16684,43.72225,1,40,437
66fb311f7835ef5c35ec2622,66fb26d67835ef5c35ebc3ed,30/09/2024 17:15:43,2024,9,30,17,15,43,0.88562091503268,0.662745098039216,0.642857142857143,1,0.06460640666523,0.828466925231631,0.042320261437909,0.06460640666523,18,0,0,0,0,0,73.9690152984271,74.2216637937226,74.3940242763772,32.5582956259427,0,01:48:55 a.m.,1727732885.91027,233,20.95848,31.17504,43.68629,1,47,450
66fb31247835ef5c35ec2655,66fb26d67835ef5c35ebc3ed,30/09/2024 17:15:48,2024,9,30,17,15,49,0.905882352941176,0.652941176470588,0.607142857142857,0.969230769230769,0.061903594771242,0.827156862745098,0.061535947712418,0.049403594771242,17,0,0,0.023529411764706,0,0,73.0882451698628,73.0080626481362,73.5798319327731,31.9710075055663,0,01:49:00 a.m.,1727732890.91578,235,20.96405,31.16875,43.72139,1,40,437
66fb312a7835ef5c35ec2688,66fb26d67835ef5c35ebc3ed,30/09/2024 17:15:54,2024,9,30,17,15,54,0.941174906964381,0.577086656034024,0.714285714285714,0.852847152847153,0.08940131076354,0.91059868923646,0,0,20,0,0,0.1,0,0,72.8423345660188,72.0190185631362,77.7601579706843,31.7479574089481,0,01:49:05 a.m.,1727732895.92238,233,21.00127,31.17962,43.71986,1,47,450
66fb312f7835ef5c35ec26bb,66fb26d67835ef5c35ebc3ed,30/09/2024 17:15:59,2024,9,30,17,15,0,0.9875,0.568485552115583,0.714285714285714,0.842948717948718,0.063632119514473,0.936367880485528,0,0,20,0,0,0.1,0,0,73.6304711155718,72.371125069461,79.4411396137402,31.7685210386449,0,01:49:10 a.m.,1727732900.93273,233,21.05559,31.16627,43.61086,1,43,442
66fb31347835ef5c35ec26ee,66fb26d67835ef5c35ebc3ed,30/09/2024 17:16:04,2024,9,30,17,16,5,1,0.682267723676392,0.678571428571429,0.844670481034117,0.065568513014333,0.906441056363657,0.02799043062201,0,19,0,0,0.100478468899522,0,0,75.4374312165615,74.3170727660244,80.788211616385,32.7107814629627,0,01:49:15 a.m.,1727732905.94186,235,21.09101,31.18324,43.57376,1,58,474
66fb313a7835ef5c35ec2721,66fb26d67835ef5c35ebc3ed,30/09/2024 17:16:10,2024,9,30,17,16,10,1,0.681149732620321,0.607142857142857,0.86808645899555,0.061354031245672,0.938645968754328,0,0,17,0,0,0.096256684491979,0,0,75.0918666894603,73.3883237388374,77.9087089381207,32.177330800044,0,01:49:20 a.m.,1727732910.94508,241,21.1133,31.17294,43.5565,1,62,481
66fb313f7835ef5c35ec2754,66fb26d67835ef5c35ebc3ed,30/09/2024 17:16:15,2024,9,30,17,16,16,1,0.747426470588235,0.607142857142857,0.847569097569098,0.052061057277776,0.788886320078271,0.159052622643954,0,17,0,0,0.094117647058824,0,0,74.41652799385,74.0615298530159,79.234243697479,32.5419948257797,0,01:49:25 a.m.,1727732915.95115,239,21.06515,31.14433,43.54382,2,72,499
66fb31457835ef5c35ec2787,66fb26d67835ef5c35ebc3ed,30/09/2024 17:16:21,2024,9,30,17,16,21,0.9875,0.670220588235294,0.607142857142857,0.823443223443223,0.061352093468967,0.832000589709568,0.106647316821465,0,17,0,0,0.1,0,0,72.6014459224986,71.7411308956781,77.1901260504202,31.4965876229034,0,01:49:30 a.m.,1727732920.95645,236,21.06833,31.14128,43.54553,2,72,499
66fb314a7835ef5c35ec27ba,66fb26d67835ef5c35ebc3ed,30/09/2024 17:16:26,2024,9,30,17,16,27,0.994652406417112,0.733288770053476,0.607142857142857,0.869146005509642,0.06350155692261,0.905996050732893,0.030502392344498,0,17,0,0,0.064171122994652,0,0,75.717124605388,74.3561161959346,78.7375859434683,32.677315960457,0,01:49:35 a.m.,1727732925.96194,241,21.09141,31.18324,43.59646,2,67,491
66fb31507835ef5c35ec27ed,66fb26d67835ef5c35ebc3ed,30/09/2024 17:16:32,2024,9,30,17,16,32,1,0.723039215686275,0.607142857142857,0.844551282051282,0.042575034399725,0.957424965600275,0,0,17,0,0,0.112745098039216,0,0,75.458952811894,73.3560490238606,78.7464985994398,32.1730838928014,0,01:49:40 a.m.,1727732930.96575,233,21.06713,31.17676,43.59407,2,75,505
66fb31557835ef5c35ec2820,66fb26d67835ef5c35ebc3ed,30/09/2024 17:16:37,2024,9,30,17,16,38,1,0.641456582633053,0.642857142857143,0.832667332667333,0.037218045112782,0.962781954887218,0,0,18,0,0,0.111111111111111,0,0,74.1253354488649,72.061228503179,78.5434173669468,31.5419910327031,0,01:49:45 a.m.,1727732935.97029,232,21.05121,31.17676,43.58349,2,66,489
66fb315b7835ef5c35ec2854,66fb26d67835ef5c35ebc3ed,30/09/2024 17:16:43,2024,9,30,17,16,43,1,0.627265300059418,0.642857142857143,0.830390821299912,0.039074960127592,0.960925039872408,0,0,18,0,0,0.111111111111111,0,0,73.7959795700438,71.7483437927429,78.2595917154741,31.3958822434406,0,01:49:50 a.m.,1727732940.97385,233,21.08325,31.17352,43.54162,1,61,480
66fb31607835ef5c35ec2896,66fb26d67835ef5c35ebc3ed,30/09/2024 17:16:48,2024,9,30,17,16,48,1,0.673406862745098,0.607142857142857,0.847832722832723,0,1,0,0,17,0,0,0.117647058823529,0,0,74.5319345686993,71.8068124685772,77.7538515406163,31.2838244272068,0,01:49:55 a.m.,1727732945.98467,244,21.03848,31.1451,43.57767,2,68,493
66fb31657835ef5c35ec28c9,66fb26d67835ef5c35ebc3ed,30/09/2024 17:16:53,2024,9,30,17,16,54,1,0.679656862745098,0.607142857142857,0.830154693791057,0,1,0,0,17,0,0,0.117647058823529,0,0,74.303373987866,71.4898617425356,77.8788515406163,31.1695441367901,0,01:50:00 a.m.,1727732950.98942,233,21.01838,31.16226,43.62717,2,72,500
66fb316a7835ef5c35ec28fc,66fb26d67835ef5c35ebc3ed,30/09/2024 17:16:58,2024,9,30,17,16,59,1,0.719117647058823,0.607142857142857,0.831955922865014,0,1,0,0,17,0,0,0.117647058823529,0,0,75.1286142556196,72.3241081556589,78.6680672268908,31.5821642706669,0,01:50:05 a.m.,1727732956.00461,241,21.01201,31.1676,43.62898,1,63,484
66fb31707835ef5c35ec292f,66fb26d67835ef5c35ebc3ed,30/09/2024 17:17:03,2024,9,30,17,17,4,1,0.671795352909904,0.714285714285714,0.891845654345654,0,1,0,0,20,0,0,0.031818181818182,0,0,76.9871058593969,75.0177627025537,82.0073356296266,32.7792672154127,0,01:50:10 a.m.,1727732961.01363,236,20.98972,31.14471,43.58969,1,60,478
66fb31757835ef5c35ec2962,66fb26d67835ef5c35ebc3ed,30/09/2024 17:17:09,2024,9,30,17,17,9,1,0.650956937799043,0.714285714285714,0.861282834812247,0,1,0,0,20,0,0,0.05,0,0,75.9590811665115,73.8369239120013,81.5905673274094,32.26525486897,0,01:50:15 a.m.,1727732966.01686,234,21.0343,31.13804,43.65473,2,66,489
66fb317a7835ef5c35ec2995,66fb26d67835ef5c35ebc3ed,30/09/2024 17:17:14,2024,9,30,17,17,14,1,0.644338118022329,0.678571428571429,0.870906544435956,0,1,0,0,19,0,0,0.052631578947368,0,0,75.4834646777371,73.2308545427741,80.0296195033037,31.9381609102971,0,01:50:20 a.m.,1727732971.01921,241,21.00545,31.14643,43.64614,2,72,499
66fb31807835ef5c35ec29c8,66fb26d67835ef5c35ebc3ed,30/09/2024 17:17:19,2024,9,30,17,17,20,1,0.658382066276803,0.678571428571429,0.872916666666667,0,1,0,0,19,0,0,0.052631578947368,0,0,75.8045460874408,73.5619865636313,80.3104984683932,32.098701615149,0,01:50:25 a.m.,1727732976.02351,232,21.00704,31.15082,43.6595,2,72,500
66fb31857835ef5c35ec29fb,66fb26d67835ef5c35ebc3ed,30/09/2024 17:17:25,2024,9,30,17,17,26,0.991447368421053,0.675511695906433,0.714285714285714,0.870555166511049,0,1,0,0,20,0,0,0.05,0,0,76.4218071731617,74.3460115771455,81.7395572263994,32.5179994512425,0,01:50:30 a.m.,1727732981.02973,231,20.99868,31.1348,43.68582,1,59,476
66fb318a7835ef5c35ec2a2e,66fb26d67835ef5c35ebc3ed,30/09/2024 17:17:30,2024,9,30,17,17,31,0.995454545454545,0.561722488038277,0.714285714285714,0.939343989343989,0,1,0,0,20,0,0,0.027272727272727,0,0,75.6219788982947,73.8901274164432,79.624060150376,32.1080673712253,0,01:50:35 a.m.,1727732986.0383,238,20.99868,31.13594,43.73112,2,73,502
66fb31907835ef5c35ec2a61,66fb26d67835ef5c35ebc3ed,30/09/2024 17:17:36,2024,9,30,17,17,36,1,0.61087187666135,0.714285714285714,0.930994005994006,0,1,0,0,20,0,0,0.027272727272727,0,0,76.5516033673928,74.7780019687915,80.7888661046556,32.5615159694107,0,01:50:40 a.m.,1727732991.04457,242,20.95709,31.13899,43.73875,2,69,495
66fb31957835ef5c35ec2a94,66fb26d67835ef5c35ebc3ed,30/09/2024 17:17:41,2024,9,30,17,17,41,1,0.603296119085593,0.714285714285714,0.8999333999334,0,1,0,0,20,0,0,0.05,0,0,75.7788760946656,73.8499716657612,80.6373509531404,32.1751523330471,0,01:50:45 a.m.,1727732996.05575,236,20.98097,31.11649,43.73217,2,69,495
66fb319a7835ef5c35ec2ac7,66fb26d67835ef5c35ebc3ed,30/09/2024 17:17:46,2024,9,30,17,17,47,1,0.616691293742378,0.678571428571429,0.913406038406038,0,1,0,0,19,0,0,0.052631578947368,0,0,75.7805180715397,73.7404054064271,79.4766830177047,32.0866876071984,0,01:50:50 a.m.,1727733001.06064,229,20.95271,31.1245,43.72673,2,68,492
66fb31a07835ef5c35ec2afa,66fb26d67835ef5c35ebc3ed,30/09/2024 17:17:52,2024,9,30,17,17,52,1,0.60094169246646,0.678571428571429,0.891857448107448,0,1,0,0,19,0,0,0.052631578947368,0,0,75.0345542400496,72.886698623444,79.1616909921864,31.7137056914534,0,01:50:55 a.m.,1727733006.06362,232,20.94913,31.13403,43.73894,1,54,466
66fb31a57835ef5c35ec2b2d,66fb26d67835ef5c35ebc3ed,30/09/2024 17:17:57,2024,9,30,17,17,58,0.989889705882353,0.617197712418301,0.607142857142857,0.920516983016983,0,1,0,0,17,0,0,0.058823529411765,0,0,74.6086794129073,72.2469786137066,76.2252567693744,31.3474725846049,0,01:51:00 a.m.,1727733011.06856,241,20.99768,31.13384,43.72597,1,64,484
66fb31ab7835ef5c35ec2b61,66fb26d67835ef5c35ebc3ed,30/09/2024 17:18:02,2024,9,30,17,18,3,1,0.543055555555555,0.571428571428571,0.92239010989011,0,1,0,0,16,0,0,0.0625,0,0,72.8803418803419,70.3494352869353,73.718253968254,30.3687423687424,0,01:51:05 a.m.,1727733016.07244,235,20.97898,31.13899,43.73302,1,62,482
66fb31b07835ef5c35ec2b94,66fb26d67835ef5c35ebc3ed,30/09/2024 17:18:08,2024,9,30,17,18,8,1,0.627839052287582,0.607142857142857,0.877625152625153,0,1,0,0,17,0,0,0.058823529411765,0,0,74.2164269553976,71.6402670042376,76.8424953314659,31.1260706205559,0,01:51:10 a.m.,1727733021.0757,228,20.96943,31.17046,43.71338,1,56,470
66fb31b57835ef5c35ec2bd6,66fb26d67835ef5c35ebc3ed,30/09/2024 17:18:13,2024,9,30,17,18,13,1,0.643404634581105,0.607142857142857,0.958874458874459,0,1,0,0,17,0,0,0.016042780748663,0,0,76.1527247262541,73.9828113063407,77.1538069773364,32.0942195059842,0,01:51:15 a.m.,1727733026.08045,232,20.96385,31.16531,43.73159,1,56,468
66fb31ba7835ef5c35ec2c09,66fb26d67835ef5c35ebc3ed,30/09/2024 17:18:18,2024,9,30,17,18,19,0.994318181818182,0.694318181818182,0.571428571428571,1,0,1,0,0,16,0,0,0,0,0,77.3157467532468,75.1728896103896,76.5162337662338,32.6006493506494,0,01:51:20 a.m.,1727733031.08377,233,21.00365,31.17409,43.71052,1,57,471
66fb31c07835ef5c35ec2c3c,66fb26d67835ef5c35ebc3ed,30/09/2024 17:18:24,2024,9,30,17,18,24,1,0.711607142857143,0.571428571428571,0.961004273504274,0,1,0,0,16,0,0,0,0,0,77.0236568986569,74.6858211233211,77.0892857142857,32.4403998778999,0,01:51:25 a.m.,1727733036.08842,235,21.00365,31.16875,43.68067,1,40,436
66fb31c57835ef5c35ec2c6f,66fb26d67835ef5c35ebc3ed,30/09/2024 17:18:29,2024,9,30,17,18,29,0.985294117647059,0.630514705882353,0.607142857142857,1,0,1,0,0,17,0,0,0,0,0,76.3497899159664,74.3855042016807,76.3077731092437,32.2295168067227,0,01:51:30 a.m.,1727733040.09149,231,21.04226,31.17619,43.68773,1,49,455
66fb31ca7835ef5c35ec2ca2,66fb26d67835ef5c35ebc3ed,30/09/2024 17:18:34,2024,9,30,17,18,35,0.973262032085562,0.646501782531194,0.607142857142857,0.965534465534466,0,1,0,0,17,0,0,0.026737967914439,0,0,75.6794186205951,73.5428052339817,76.1462312197606,31.9244113729408,0,01:51:35 a.m.,1727733045.09644,230,21.00007,31.18191,43.6408,1,41,438
66fb31cf7835ef5c35ec2cd5,66fb26d67835ef5c35ebc3ed,30/09/2024 17:18:39,2024,9,30,17,18,40,1,0.624795751633987,0.607142857142857,1,0,1,0,0,17,0,0,0,0,0,76.6030578898226,74.6387721755369,76.781629318394,32.3193860877684,0,01:51:40 a.m.,1727733050.09996,238,21.01201,31.17485,43.64977,1,44,445
66fb31d57835ef5c35ec2d08,66fb26d67835ef5c35ebc3ed,30/09/2024 17:18:45,2024,9,30,17,18,45,1,0.654861111111111,0.571428571428571,1,0,1,0,0,16,0,0,0,0,0,76.6686507936508,74.5257936507936,75.9543650793651,32.2628968253968,0,01:51:45 a.m.,1727733056.10943,236,21.01321,31.17619,43.71576,1,41,438
66fb31da7835ef5c35ec2d3b,66fb26d67835ef5c35ebc3ed,30/09/2024 17:18:50,2024,9,30,17,18,50,1,0.762926003734827,0.607142857142857,1,0,0.978819444444444,0,0.021180555555556,17,0,0,0,0,0,79.1538573762839,77.4013772175537,79.5442343604108,33.7006886087768,0,01:51:50 a.m.,1727733060.11441,230,21.01201,31.18839,43.71328,1,45,446
66fb31df7835ef5c35ec2d6e,66fb26d67835ef5c35ebc3ed,30/09/2024 17:18:55,2024,9,30,17,18,56,0.946672608437314,0.671308674985146,0.642857142857143,0.993506493506494,0,0.994652406417112,0,0.005347593582888,18,0,0,0,0,0,76.5524997877939,74.787793905441,77.0073635514812,32.543449197861,0,01:51:55 a.m.,1727733065.13011,229,20.99928,31.1945,43.74838,1,40,435
66fb31e57835ef5c35ec2da1,66fb26d67835ef5c35ebc3ed,30/09/2024 17:19:01,2024,9,30,17,19,1,1,0.6524064171123,0.607142857142857,0.918308963763509,0,1,0,0,17,0,0,0,0,0,75.521450474659,73.1487095791909,77.3338426279603,31.7785823801867,0,01:52:00 a.m.,1727733070.13733,239,21.02753,31.20384,43.72597,1,48,454
66fb31ea7835ef5c35ec2dd4,66fb26d67835ef5c35ebc3ed,30/09/2024 17:19:06,2024,9,30,17,19,7,0.959527400703871,0.670940170940171,0.642857142857143,0.93971028971029,0,0.307692307692308,0,0,18,0,0,0,0,0,68.9209744503862,73.7568885363003,77.514185161244,32.1303500421148,0,01:52:05 a.m.,1727733075.14479,232,21.02435,31.18477,43.74447,1,54,465
66fb31ef7835ef5c35ec2e07,66fb26d67835ef5c35ebc3ed,30/09/2024 17:19:11,2024,9,30,17,19,12,0.941176470588235,0.700980392156863,0.607142857142857,1,0,0,0.75,0,17,0,0,0,0,0,66.656162464986,74.6918767507003,75.952380952381,32.4929971988796,0,01:52:10 a.m.,1727733080.1528,229,20.97938,31.18248,43.73007,1,49,454
66fb31f57835ef5c35ec2e3a,66fb26d67835ef5c35ebc3ed,30/09/2024 17:19:17,2024,9,30,17,19,17,0.939839572192513,0.808155080213904,0.607142857142857,1,0,0.967461378490791,0.03253862150921,0,17,0,0,0,0,0,78.4408475511417,76.8019480519481,78.0423987776929,33.5513750954927,0,01:52:15 a.m.,1727733085.16783,236,20.93878,31.20441,43.69249,1,47,451
66fb31fa7835ef5c35ec2e6d,66fb26d67835ef5c35ebc3ed,30/09/2024 17:19:22,2024,9,30,17,19,23,0.957861990950226,0.691176470588235,0.607142857142857,1,0,0.692307692307692,0,0,17,0,0,0,0,0,73.8002989657401,74.9129363283775,76.423723335488,32.5618131868132,0,01:52:20 a.m.,1727733090.18883,241,20.91609,31.17447,43.63947,1,45,446
66fb32007835ef5c35ec2ea1,66fb26d67835ef5c35ebc3ed,30/09/2024 17:19:28,2024,9,30,17,19,28,1,0.71078431372549,0.607142857142857,0.982142857142857,0,1,0,0,17,0,0,0,0,0,77.9656862745098,75.9121148459384,78.5014005602241,33.000700280112,0,01:52:25 a.m.,1727733095.20463,232,20.94395,31.20956,43.67819,1,40,436
66fb32057835ef5c35ec2ee3,66fb26d67835ef5c35ebc3ed,30/09/2024 17:19:33,2024,9,30,17,19,33,1,0.689542483660131,0.642857142857143,0.963308913308913,0,1,0,0,18,0,0,0,0,0,77.699885082238,75.7307153630683,79.5051353874883,32.9570853982619,0,01:52:30 a.m.,1727733100.20801,230,20.96067,31.19965,43.68315,1,46,448
66fb320a7835ef5c35ec2f16,66fb26d67835ef5c35ebc3ed,30/09/2024 17:19:38,2024,9,30,17,19,39,1,0.686868686868687,0.642857142857143,0.906243756243756,0,1,0,0,18,0,0,0,0,0,76.505106005106,74.2506105006105,79.4516594516595,32.3596958596959,0,01:52:35 a.m.,1727733105.21187,238,20.94992,31.18935,43.61782,1,44,445
66fb32107835ef5c35ec2f49,66fb26d67835ef5c35ebc3ed,30/09/2024 17:19:44,2024,9,30,17,19,44,1,0.680332739156269,0.642857142857143,0.972027972027972,0,1,0,0,18,0,0,0,0,0,77.690071366542,75.7644969409675,79.3209404974111,32.9521785404138,0,01:52:40 a.m.,1727733110.21503,238,20.94077,31.19278,43.58492,1,51,460
66fb32157835ef5c35ec2f7c,66fb26d67835ef5c35ebc3ed,30/09/2024 17:19:49,2024,9,30,17,19,49,1,0.695533769063181,0.642857142857143,1,0,1,0,0,18,0,0,0,0,0,78.5535325241208,76.7678182384065,79.6249610955493,33.3839091192032,0,01:52:45 a.m.,1727733115.21862,232,20.97659,31.14185,43.55602,1,44,443
66fb321b7835ef5c35ec2faf,66fb26d67835ef5c35ebc3ed,30/09/2024 17:19:54,2024,9,30,17,19,55,1,0.711601307189542,0.642857142857143,1,0,1,0,0,18,0,0,0,0,0,78.874883286648,77.0891690009337,79.9463118580766,33.5445845004669,0,01:52:50 a.m.,1727733120.22516,227,21.00664,31.20117,43.62402,1,43,443
66fb32207835ef5c35ec2fe2,66fb26d67835ef5c35ebc3ed,30/09/2024 17:20:00,2024,9,30,17,20,0,1,0.756808278867102,0.642857142857143,1,0,1,0,0,18,0,0,0,0,0,79.7790227201992,77.9933084344849,80.8504512916278,33.9966542172424,0,01:52:55 a.m.,1727733125.23159,235,21.00982,31.17905,43.59789,1,39,433
66fb322b7835ef5c35ec3025,66fb26d67835ef5c35ebc3ed,30/09/2024 17:20:11,2024,9,30,17,20,12,1,0.665123456790123,0.642857142857143,0.977777777777778,0,1,0,0,18,0,0,0,0,0,77.5008818342152,75.6040564373898,79.0167548500882,32.8575837742504,0,01:53:00 a.m.,1727733130.23655,235,21.00982,31.19602,43.63632,1,30,415
66fb32317835ef5c35ec3058,66fb26d67835ef5c35ebc3ed,30/09/2024 17:20:16,2024,9,30,17,20,17,0.911450216450216,0.631709956709957,0.785714285714286,0.922845904095904,0.005,0.995,0,0,22,0,0,0.045454545454546,0,0,75.6630869130869,74.2808878621379,80.5207792207792,32.5672036297036,0,01:53:05 a.m.,1727733135.25529,226,21.04087,31.22234,43.56022,1,40,436
66fb32367835ef5c35ec308b,66fb26d67835ef5c35ebc3ed,30/09/2024 17:20:22,2024,9,30,17,20,22,0.917857142857143,0.623333333333333,0.75,0.926373626373626,0,1,0,0,21,0,0,0.047619047619048,0,0,75.1905677655678,73.5724358974359,79.1809523809524,32.175641025641,0,01:53:10 a.m.,1727733140.26129,236,21.0138,31.22139,43.55698,1,51,459
66fb323b7835ef5c35ec30be,66fb26d67835ef5c35ebc3ed,30/09/2024 17:20:27,2024,9,30,17,20,27,0.940073669021038,0.682190324295587,0.75,0.933460656990069,0,1,0,0,21,0,0,0.047619047619048,0,0,77.0648613512391,75.4821646361894,81.2467532467533,33.0572465030669,0,01:53:15 a.m.,1727733145.267,228,20.99709,31.20975,43.52655,1,44,445
66fb32417835ef5c35ec30f2,66fb26d67835ef5c35ebc3ed,30/09/2024 17:20:33,2024,9,30,17,20,33,0.944602109849788,0.72739651416122,0.678571428571429,0.916151903651904,0,1,0,0,19,0,0,0.052631578947368,0,0,76.6645925310786,74.6382091921953,79.4748718200731,32.6672195623434,0,01:53:20 a.m.,1727733150.27684,230,21.02913,31.18,43.55917,1,42,441
66fb32467835ef5c35ec3133,66fb26d67835ef5c35ebc3ed,30/09/2024 17:20:38,2024,9,30,17,20,38,0.947341839447103,0.688543328017012,0.714285714285714,0.925424575424576,0,1,0,0,20,0,0,0.05,0,0,76.677189769295,74.8757412178465,80.2359687096529,32.755954571744,0,01:53:25 a.m.,1727733155.27989,238,21.05539,31.1861,43.57996,1,40,435
66fb324b7835ef5c35ec3167,66fb26d67835ef5c35ebc3ed,30/09/2024 17:20:43,2024,9,30,17,20,44,0.947368421052632,0.68421052631579,0.678571428571429,0.925574425574426,0,1,0,0,19,0,0,0.052631578947368,0,0,76.0584809926915,74.0792102634208,78.7218045112782,32.3572480151428,0,01:53:30 a.m.,1727733160.28956,235,21.01082,31.1039,43.61849,1,46,449
66fb32507835ef5c35ec319a,66fb26d67835ef5c35ebc3ed,30/09/2024 17:20:48,2024,9,30,17,20,49,0.930143540669857,0.684928229665072,0.714285714285714,0.935618221647633,0,1,0,0,20,0,0,0.05,0,0,76.3788032572862,74.628322936953,79.4757347915243,32.6497570626828,0,01:53:35 a.m.,1727733165.29873,229,20.96863,31.1264,43.70966,1,49,454
66fb32567835ef5c35ec31cd,66fb26d67835ef5c35ebc3ed,30/09/2024 17:20:54,2024,9,30,17,20,54,0.913060428849902,0.661890838206628,0.714285714285714,0.942407335741314,0,1,0,0,20,0,0,0.05,0,0,75.6267599144921,73.9102251646273,78.3316624895572,32.3164431708356,0,01:53:40 a.m.,1727733170.30467,230,20.88525,31.14471,43.73684,1,51,459
66fb325b7835ef5c35ec3200,66fb26d67835ef5c35ebc3ed,30/09/2024 17:20:59,2024,9,30,17,20,0,0.943248272195641,0.630249867091972,0.714285714285714,0.944182537448791,0,1,0,0,20,0,0,0.05,0,0,75.784140609992,74.0764818686645,78.9063568010937,32.3196639102212,0,01:53:45 a.m.,1727733175.30977,232,20.8948,31.15635,43.75782,1,49,455
66fb32617835ef5c35ec3233,66fb26d67835ef5c35ebc3ed,30/09/2024 17:21:05,2024,9,30,17,21,5,0.95062656641604,0.628218272955115,0.75,0.92034792302172,0,1,0,0,21,0,0,0.047619047619048,0,0,75.9869880799377,74.3387276950463,80.5894281157439,32.4919276239288,0,01:53:50 a.m.,1727733180.31881,236,20.94336,31.13403,43.77394,1,59,475
66fb32667835ef5c35ec3266,66fb26d67835ef5c35ebc3ed,30/09/2024 17:21:10,2024,9,30,17,21,11,0.949886078833447,0.615698336750968,0.75,0.930669330669331,0,1,0,0,21,0,0,0.047619047619048,0,0,75.9245053192422,74.3278519725888,80.3094098883573,32.4625374625375,0,01:53:55 a.m.,1727733185.34016,238,20.98176,31.12125,43.76287,1,64,485
66fb326b7835ef5c35ec3299,66fb26d67835ef5c35ebc3ed,30/09/2024 17:21:15,2024,9,30,17,21,16,0.947368421052632,0.645933014354067,0.678571428571429,0.928371628371628,0,1,0,0,19,0,0,0.052631578947368,0,0,75.3488748094011,73.3835900941164,77.9562542720438,32.0024449234976,0,01:54:00 a.m.,1727733190.34769,233,20.98972,31.1697,43.7479,1,62,480
66fb32717835ef5c35ec32cc,66fb26d67835ef5c35ebc3ed,30/09/2024 17:21:21,2024,9,30,17,21,21,0.944616443068456,0.638161803796479,0.678571428571429,0.924575424575425,0,1,0,0,19,0,0,0.052631578947368,0,0,75.0487270727209,73.0644613384552,77.6907509415249,31.8592510001179,0,01:54:05 a.m.,1727733195.35519,230,21.01957,31.14986,43.78347,1,58,474
66fb32767835ef5c35ec32ff,66fb26d67835ef5c35ebc3ed,30/09/2024 17:21:26,2024,9,30,17,21,27,0.945390436876505,0.605091159270726,0.678571428571429,0.926987942612943,0,1,0,0,19,0,0,0.052631578947368,0,0,74.4549143881574,72.4827112440793,77.0602978033319,31.560409673316,0,01:54:10 a.m.,1727733200.36261,232,20.97161,31.15177,43.77441,1,64,485
66fb327b7835ef5c35ec3332,66fb26d67835ef5c35ebc3ed,30/09/2024 17:21:31,2024,9,30,17,21,32,0.924774056353004,0.561802232854864,0.714285714285714,0.928250915750916,0,1,0,0,20,0,0,0.05,0,0,73.6347000952264,71.8473832454096,76.798435482646,31.291129192445,0,01:54:15 a.m.,1727733205.36607,235,20.96087,31.15845,43.82391,1,60,477
66fb32807835ef5c35ec3365,66fb26d67835ef5c35ebc3ed,30/09/2024 17:21:36,2024,9,30,17,21,37,0.9,0.536363636363636,0.714285714285714,0.928871128871129,0,1,0,0,20,0,0,0.05,0,0,72.518981018981,70.7347652347652,75.2987012987013,30.7952047952048,0,01:54:20 a.m.,1727733210.37064,230,20.96166,31.16493,43.83497,2,66,488
66fb32867835ef5c35ec3398,66fb26d67835ef5c35ebc3ed,30/09/2024 17:21:42,2024,9,30,17,21,42,0.9,0.590909090909091,0.714285714285714,0.933603896103896,0,1,0,0,20,0,0,0.05,0,0,73.7045454545455,71.9439935064935,76.3896103896104,31.387987012987,0,01:54:25 a.m.,1727733215.37585,224,21.00246,31.16341,43.81685,2,67,490
66fb328b7835ef5c35ec33cb,66fb26d67835ef5c35ebc3ed,30/09/2024 17:21:47,2024,9,30,17,21,48,0.902597402597403,0.566017316017316,0.75,0.934361471861472,0,1,0,0,21,0,0,0.047619047619048,0,0,73.8225108225108,72.2443181818182,77.4242424242424,31.5297619047619,0,01:54:30 a.m.,1727733220.38114,233,21.02435,31.1554,43.85185,1,51,460
66fb32917835ef5c35ec33ff,66fb26d67835ef5c35ebc3ed,30/09/2024 17:21:53,2024,9,30,17,21,53,0.909721437982307,0.538744588744589,0.821428571428571,0.926115551115551,0,1,0,0,23,0,0,0.043478260869565,0,0,74.3616673181891,73.0993879309097,80.0208921513269,31.9601014927102,0,01:54:35 a.m.,1727733225.38832,232,20.98375,31.17867,43.86787,1,57,471
66fb32967835ef5c35ec3441,66fb26d67835ef5c35ebc3ed,30/09/2024 17:21:58,2024,9,30,17,21,59,0.850110363944356,0.503784028882843,0.821428571428571,0.920717161626253,0,1,0,0,23,0,0,0.043478260869565,0,0,72.0642114802194,70.7749401454935,76.937237992574,30.9604012588202,0,01:54:40 a.m.,1727733230.39125,228,20.94873,31.12202,43.8179,2,65,487
66fb329c7835ef5c35ec3474,66fb26d67835ef5c35ebc3ed,30/09/2024 17:22:04,2024,9,30,17,22,4,0.90297127115309,0.53508461235734,0.785714285714286,0.93904486036839,0,1,0,0,22,0,0,0.045454545454546,0,0,73.8425855190561,72.4663812494695,78.2491145218418,31.628150295931,0,01:54:45 a.m.,1727733235.41147,226,20.93301,31.11496,43.91785,1,61,478
66fb32a17835ef5c35ec34a7,66fb26d67835ef5c35ebc3ed,30/09/2024 17:22:09,2024,9,30,17,22,9,0.900432900432901,0.525108225108225,0.75,0.935182709447415,0,1,0,0,21,0,0,0.047619047619048,0,0,72.9666412019353,71.3925547491724,76.5194805194805,31.1072383498854,0,01:54:50 a.m.,1727733240.41736,227,20.93221,31.10237,43.95247,1,55,468
66fb32a67835ef5c35ec34da,66fb26d67835ef5c35ebc3ed,30/09/2024 17:22:14,2024,9,30,17,22,15,0.901298701298701,0.50974025974026,0.75,0.933352431881844,0,1,0,0,21,0,0,0.047619047619048,0,0,72.6443213649096,71.0610835243188,76.2467532467533,30.9439139292081,0,01:54:55 a.m.,1727733245.42397,233,20.96385,31.11553,43.95514,1,60,478
66fb32ac7835ef5c35ec350d,66fb26d67835ef5c35ebc3ed,30/09/2024 17:22:19,2024,9,30,17,22,20,0.924010439321444,0.549695519791214,0.785714285714286,0.937834224598931,0,1,0,0,22,0,0,0.045454545454546,0,0,74.6365701565533,73.2543127081194,79.3828993972535,31.9725446942587,0,01:55:00 a.m.,1727733250.42707,233,20.97977,31.11744,43.9908,1,64,484
66fb32b17835ef5c35ec3540,66fb26d67835ef5c35ebc3ed,30/09/2024 17:22:25,2024,9,30,17,22,25,0.886226930963773,0.565071770334928,0.75,0.945350173562248,0,1,0,0,21,0,0,0.047619047619048,0,0,73.6141121520379,72.0908630198491,76.7505126452495,31.4664887486095,0,01:55:05 a.m.,1727733255.43169,231,20.95908,31.1451,44.04526,1,60,477
66fb32b67835ef5c35ec3573,66fb26d67835ef5c35ebc3ed,30/09/2024 17:22:30,2024,9,30,17,22,31,0.8634996582365,0.62136021872864,0.75,0.946810207336523,0,1,0,0,21,0,0,0.047619047619048,0,0,74.2008999772158,72.6849510138984,76.9671907040328,31.8167008430166,0,01:55:10 a.m.,1727733260.44033,233,20.99012,31.12202,44.02895,1,54,465
66fb32bc7835ef5c35ec35a6,66fb26d67835ef5c35ebc3ed,30/09/2024 17:22:36,2024,9,30,17,22,36,0.899043062200957,0.609808612440191,0.714285714285714,0.944976076555024,0,1,0,0,20,0,0,0.05,0,0,74.286056049214,72.5823650034176,76.7293233082707,31.6811346548189,0,01:55:15 a.m.,1727733265.44698,229,20.97241,31.14662,44.00578,1,55,468
66fb32c17835ef5c35ec35d9,66fb26d67835ef5c35ebc3ed,30/09/2024 17:22:41,2024,9,30,17,22,41,0.912918660287081,0.599043062200957,0.714285714285714,0.936175833969952,0,1,0,0,20,0,0,0.05,0,0,74.2416301448809,72.4939378861593,77.069036226931,31.624232707437,0,01:55:20 a.m.,1727733270.45218,223,21.00067,31.16913,44.05842,1,51,459
66fb32c67835ef5c35ec360c,66fb26d67835ef5c35ebc3ed,30/09/2024 17:22:46,2024,9,30,17,22,47,0.939952153110048,0.583732057416268,0.714285714285714,0.937168958492488,0,1,0,0,20,0,0,0.05,0,0,74.631109860212,72.888383224103,77.8441558441559,31.7513888330452,0,01:55:25 a.m.,1727733275.45731,219,20.99987,31.16531,44.13595,1,48,452
66fb32cb7835ef5c35ec363f,66fb26d67835ef5c35ebc3ed,30/09/2024 17:22:51,2024,9,30,17,22,52,0.917224880382775,0.620574162679426,0.714285714285714,0.93464158390629,0,1,0,0,20,0,0,0.05,0,0,74.7492226555694,72.9938591465294,77.6719070403281,31.8672634125421,0,01:55:30 a.m.,1727733280.46327,229,21.0349,31.16856,44.16971,1,48,454
66fb32d17835ef5c35ec3672,66fb26d67835ef5c35ebc3ed,30/09/2024 17:22:57,2024,9,30,17,22,57,0.861038961038961,0.564935064935065,0.75,0.9375,0,1,0,0,21,0,0,0.047619047619048,0,0,72.8246753246753,71.2621753246753,75.7402597402597,31.1347402597403,0,01:55:35 a.m.,1727733285.46841,234,21.04445,31.20251,44.10849,1,52,461
66fb32d67835ef5c35ec36a5,66fb26d67835ef5c35ebc3ed,30/09/2024 17:23:02,2024,9,30,17,23,3,0.909671907040328,0.581601731601732,0.75,0.936309523809524,0,1,0,0,21,0,0,0.047619047619048,0,0,59.7121069719754,77.8428599908863,78.1061745272272,31.7758316245158,0,01:55:40 a.m.,1727733290.47335,228,21.08106,31.16589,44.02475,1,44,444
66fb32db7835ef5c35ec36d8,66fb26d67835ef5c35ebc3ed,30/09/2024 17:23:07,2024,9,30,17,23,8,0.9,0.56,0.714285714285714,0.934940476190476,0,1,0,0,20,0,0,0.05,0,0,58.28125,75.8735119047619,75.4571428571429,31.0922619047619,0,01:55:45 a.m.,1727733295.47768,223,21.0351,31.14662,44.02781,1,37,431
66fb32e17835ef5c35ec370c,66fb26d67835ef5c35ebc3ed,30/09/2024 17:23:13,2024,9,30,17,23,13,0.9,0.609090909090909,0.714285714285714,0.940470885323826,0,1,0,0,20,0,0,0.05,0,0,59.1005697733639,77.2390448603684,75.948051948052,31.6384750870045,0,01:55:50 a.m.,1727733300.48514,218,21.00246,31.17008,44.07682,1,42,439
66fb32e67835ef5c35ec373f,66fb26d67835ef5c35ebc3ed,30/09/2024 17:23:18,2024,9,30,17,23,18,0.9,0.618181818181818,0.714285714285714,0.938502673796792,0,1,0,0,20,0,0,0.05,0,0,59.207410236822,77.4171122994652,76.038961038961,31.7097020626432,0,01:55:55 a.m.,1727733305.49151,222,21.0335,31.18896,44.04926,1,48,453
66fb32eb7835ef5c35ec3780,66fb26d67835ef5c35ebc3ed,30/09/2024 17:23:23,2024,9,30,17,23,24,0.890730994152047,0.572953216374269,0.714285714285714,0.939199346405229,0,1,0,0,20,0,0,0.05,0,0,58.3540511818763,76.1647789817681,75.308604845447,31.1716927121726,0,01:56:00 a.m.,1727733310.49753,222,21.03669,31.17542,44.07034,1,38,432
66fb32f07835ef5c35ec37b4,66fb26d67835ef5c35ebc3ed,30/09/2024 17:23:28,2024,9,30,17,23,29,0.926293005240374,0.533789017999544,0.75,0.940508021390374,0,1,0,0,21,0,0,0.047619047619048,0,0,59.3903156956563,77.0018210633536,78.1266803372067,31.5059004463029,0,01:56:05 a.m.,1727733315.50405,220,21.02634,31.17676,44.03486,1,37,429
66fb32f67835ef5c35ec37e7,66fb26d67835ef5c35ebc3ed,30/09/2024 17:23:34,2024,9,30,17,23,34,0.946881091617934,0.610867446393762,0.678571428571429,0.936111111111111,0,1,0,0,19,0,0,0.052631578947368,0,0,59.1065859092175,76.6276803118908,75.2293929267614,31.7243107769424,0,01:56:10 a.m.,1727733320.50836,220,21.01719,31.15768,44.06042,1,28,410
66fb32fb7835ef5c35ec381a,66fb26d67835ef5c35ebc3ed,30/09/2024 17:23:39,2024,9,30,17,23,39,0.947368421052632,0.583732057416268,0.678571428571429,0.93665329768271,0,1,0,0,19,0,0,0.052631578947368,0,0,58.717434461823,75.9701601932639,74.9726589200273,31.4632520472304,0,01:56:15 a.m.,1727733325.51542,227,21.04743,31.15883,44.05212,1,33,420
66fb33007835ef5c35ec384d,66fb26d67835ef5c35ebc3ed,30/09/2024 17:23:44,2024,9,30,17,23,45,0.947102604997342,0.624933545986178,0.678571428571429,0.940508021390374,0,1,0,0,19,0,0,0.052631578947368,0,0,59.3879613248808,77.0925782593739,75.3766993240677,31.9111560094532,0,01:56:20 a.m.,1727733330.52367,227,21.01559,31.1676,43.93854,1,37,429
66fb33067835ef5c35ec3880,66fb26d67835ef5c35ebc3ed,30/09/2024 17:23:50,2024,9,30,17,23,50,0.955077086656034,0.656190386840542,0.678571428571429,0.920240217299041,0,0.994652406417112,0,0.005347593582888,19,0,0,0.052631578947368,0,0,59.7122865095001,77.4869214033301,75.9285021823721,32.1007911936705,0,01:56:25 a.m.,1727733335.53144,227,21.01539,31.14128,43.93492,1,35,426
66fb330b7835ef5c35ec38b3,66fb26d67835ef5c35ebc3ed,30/09/2024 17:23:55,2024,9,30,17,23,56,0.946305156831473,0.698564593301435,0.678571428571429,0.929682817182817,0,1,0,0,19,0,0,0.052631578947368,0,0,60.314100008179,78.6507626145784,76.0890863522443,32.5312399588715,0,01:56:30 a.m.,1727733340.53842,226,21.01062,31.16589,43.93663,1,41,438
66fb33107835ef5c35ec38e6,66fb26d67835ef5c35ebc3ed,30/09/2024 17:24:00,2024,9,30,17,24,1,0.93306282640648,0.676536260437189,0.714285714285714,0.938649096002037,0,1,0,0,20,0,0,0.05,0,0,60.7461797318608,79.3755763070778,77.6143902537091,32.6253389713142,0,01:56:35 a.m.,1727733345.5433,230,20.99908,31.16646,43.88542,1,43,443
66fb33157835ef5c35ec3919,66fb26d67835ef5c35ebc3ed,30/09/2024 17:24:05,2024,9,30,17,24,6,0.912759170653908,0.634768740031898,0.714285714285714,0.929650741415447,0,1,0,0,20,0,0,0.05,0,0,59.5786184919312,77.8018745959922,76.5876053770791,31.9146436638697,0,01:56:40 a.m.,1727733350.54857,229,21.02853,31.20098,43.8982,1,44,444
66fb331b7835ef5c35ec394c,66fb26d67835ef5c35ebc3ed,30/09/2024 17:24:11,2024,9,30,17,24,11,0.913304093567251,0.656432748538012,0.714285714285714,0.933024267399267,0,1,0,0,20,0,0,0.05,0,0,59.9650799675471,78.4359868019407,76.8205931495405,32.1704682379024,0,01:56:45 a.m.,1727733355.55409,229,21.00226,31.18839,43.88647,1,31,416
66fb33217835ef5c35ec397f,66fb26d67835ef5c35ebc3ed,30/09/2024 17:24:16,2024,9,30,17,24,17,0.98172514619883,0.662925696594427,0.678571428571429,0.933234126984127,0,1,0,0,19,0,0,0.052631578947368,0,0,60.5411859919407,78.3798727824463,76.7952970661949,32.5645639834881,0,01:56:50 a.m.,1727733360.55868,225,21.0146,31.22444,43.87732,1,39,433
66fb33267835ef5c35ec39b2,66fb26d67835ef5c35ebc3ed,30/09/2024 17:24:22,2024,9,30,17,24,22,0.986111111111111,0.568899782135076,0.642857142857143,0.932677045177045,0,1,0,0,18,0,0,0.055555555555556,0,0,58.3173032033326,74.8310873494697,73.8437597261127,31.3054508128038,0,01:56:55 a.m.,1727733365.56364,220,21.02336,31.21243,43.86292,1,39,435
66fb332b7835ef5c35ec39e5,66fb26d67835ef5c35ebc3ed,30/09/2024 17:24:27,2024,9,30,17,24,28,0.944710260499734,0.643806485911749,0.678571428571429,0.929749417249417,0,1,0,0,19,0,0,0.052631578947368,0,0,59.4618294716979,77.2595514865252,75.4936583883952,31.9683759223233,0,01:57:00 a.m.,1727733370.56689,223,21.03868,31.19507,43.79168,1,31,417
66fb33317835ef5c35ec3a19,66fb26d67835ef5c35ebc3ed,30/09/2024 17:24:33,2024,9,30,17,24,33,0.944678988022641,0.64870062857679,0.678571428571429,0.931535131535131,0,1,0,0,19,0,0,0.052631578947368,0,0,59.5614018764173,77.4260788231376,75.5416616407328,32.0348617670599,0,01:57:05 a.m.,1727733375.57,220,21.03828,31.21719,43.73627,1,39,433
66fb33367835ef5c35ec3a5a,66fb26d67835ef5c35ebc3ed,30/09/2024 17:24:38,2024,9,30,17,24,39,0.940326510721248,0.625730994152047,0.714285714285714,0.932787698412699,0,0.666666666666667,0,0,20,0,0,0.05,0,0,60.041453460039,78.0678649749374,77.3242481203007,32.1313091757171,0,01:57:10 a.m.,1727733380.57483,220,21.05102,31.17905,43.77728,1,37,430
66fb333b7835ef5c35ec3a8e,66fb26d67835ef5c35ebc3ed,30/09/2024 17:24:43,2024,9,30,17,24,44,0.924885176742762,0.625334452269437,0.75,0.932188644688645,0,0,0,0,21,0,0,0.047619047619048,0,0,60.6105499892265,79.0613550750935,78.9998998249772,32.3240827370084,0,01:57:15 a.m.,1727733385.58121,227,21.00425,31.17867,43.81227,1,40,435
66fb33417835ef5c35ec3ac1,66fb26d67835ef5c35ebc3ed,30/09/2024 17:24:49,2024,9,30,17,24,49,0.939026487788098,0.632438940488476,0.678571428571429,0.92695905285191,0,0,0,0,19,0,0,0.052631578947368,0,0,59.1357853701535,76.8203471503311,75.2094697528134,31.7699590969991,0,01:57:20 a.m.,1727733390.58825,227,21.02753,31.1758,43.76736,1,35,426
66fb33467835ef5c35ec3af4,66fb26d67835ef5c35ebc3ed,30/09/2024 17:24:54,2024,9,30,17,24,54,0.921065862242333,0.620160884866767,0.642857142857143,0.921949845026768,0.384615384615385,0.461538461538462,0,0,18,0,0,0.055555555555556,0,0,67.2397913800629,74.8687561809734,72.4050132873662,34.906491196084,0,01:57:25 a.m.,1727733395.59228,219,21.06873,31.19392,43.77012,1,45,447
66fb334b7835ef5c35ec3b27,66fb26d67835ef5c35ebc3ed,30/09/2024 17:24:59,2024,9,30,17,24,0,0.968325791855204,0.679581447963801,0.607142857142857,0.930634975883845,0,0.461538461538462,0,0,17,0,0,0.058823529411765,0,0,58.6983336233902,76.0302974740192,72.2741596638655,31.8568507284571,0,01:57:30 a.m.,1727733400.59597,223,21.04684,31.20861,43.7829,1,44,446
66fb33507835ef5c35ec3b5a,66fb26d67835ef5c35ebc3ed,30/09/2024 17:25:04,2024,9,30,17,25,5,0.996031746031746,0.679971988795518,0.642857142857143,0.931547619047619,0,0,0,0,18,0,0,0.055555555555556,0,0,60.1648576097106,77.7284663865546,75.2521008403361,32.5040849673203,0,01:57:35 a.m.,1727733405.60077,226,21.04763,31.19221,43.75639,1,36,428
66fb33567835ef5c35ec3b8d,66fb26d67835ef5c35ebc3ed,30/09/2024 17:25:10,2024,9,30,17,25,10,0.992063492063492,0.665890522875817,0.642857142857143,0.932478375965771,0,0,0,0,18,0,0,0.055555555555556,0,0,59.8882318953222,77.3401748519921,74.9922385620915,32.3328953376222,0,01:57:40 a.m.,1727733410.60623,224,21.00545,31.1861,43.74199,1,27,407
66fb335b7835ef5c35ec3bc0,66fb26d67835ef5c35ebc3ed,30/09/2024 17:25:15,2024,9,30,17,25,16,0.968135081292976,0.687655035023456,0.75,0.931900866855618,0,0.076923076923077,0,0,21,0,0,0.047619047619048,0,0,62.4060401540456,81.2609237663715,80.9206027890238,33.3769098317205,0,01:57:45 a.m.,1727733415.61091,224,20.96843,31.17542,43.73446,1,36,427
66fb33617835ef5c35ec3bf3,66fb26d67835ef5c35ebc3ed,30/09/2024 17:25:21,2024,9,30,17,25,21,0.957692307692308,0.715384615384615,0.714285714285714,0.925269752871563,0.389423076923077,0.302884615384615,0,0,20,0,0,0.046153846153846,0,0,71.3563814579086,80.3817438217891,78.7417582417582,37.0205546715728,0,01:57:50 a.m.,1727733420.61594,226,20.96545,31.16951,43.73817,1,31,417
66fb33667835ef5c35ec3c26,66fb26d67835ef5c35ebc3ed,30/09/2024 17:25:26,2024,9,30,17,25,27,0.948059542796385,0.720627325890484,0.714285714285714,0.949284049284049,0,1,0,0,20,0,0,0.013636363636364,0,0,61.8670043406886,80.9686775213091,78.5052023999392,33.3225663225663,0,01:57:55 a.m.,1727733425.6202,220,20.94515,31.11172,43.75401,1,22,400
66fb336c7835ef5c35ec3c59,66fb26d67835ef5c35ebc3ed,30/09/2024 17:25:32,2024,9,30,17,25,32,0.991228070175439,0.738060428849903,0.678571428571429,1,0,1,0,0,19,0,0,0,0,0,62.859753550543,82.0699317738791,77.8317321080479,34.0785992759677,0,01:58:00 a.m.,1727733430.6257,217,20.95749,31.13289,43.82725,1,28,409
66fb33717835ef5c35ec3c8c,66fb26d67835ef5c35ebc3ed,30/09/2024 17:25:37,2024,9,30,17,25,38,0.969054580896686,0.730994152046784,0.678571428571429,1,0,1,0,0,19,0,0,0,0,0,62.3102896129212,81.5606725146199,77.0958646616541,33.786201615149,0,01:58:05 a.m.,1727733435.64466,218,20.96505,31.13956,43.85023,1,33,420
66fb33767835ef5c35ec3cbf,66fb26d67835ef5c35ebc3ed,30/09/2024 17:25:42,2024,9,30,17,25,43,0.951089845826688,0.768083309878975,0.678571428571429,0.979020979020979,0,1,0,0,19,0,0,0,0,0,62.1926469643188,81.6939549098992,76.9278141878761,33.7676556329807,0,01:58:10 a.m.,1727733440.65328,222,20.92346,31.13823,43.86482,1,28,409
66fb337c7835ef5c35ec3cf2,66fb26d67835ef5c35ebc3ed,30/09/2024 17:25:48,2024,9,30,17,25,48,0.964646464646465,0.752525252525253,0.642857142857143,0.967898767898768,0,0.909090909090909,0,0,18,0,0,0.005050505050505,0,0,61.1707181707182,79.9802974802975,75.036075036075,33.2792762792763,0,01:58:15 a.m.,1727733445.66156,228,20.9141,31.1203,43.91708,1,31,416
66fb33817835ef5c35ec3d34,66fb26d67835ef5c35ebc3ed,30/09/2024 17:25:53,2024,9,30,17,25,54,1,0.82843137254902,0.607142857142857,0.994047619047619,0,0.833333333333333,0,0,17,0,0,0.004901960784314,0,0,62.515756302521,81.811974789916,74.7128851540616,34.296218487395,0,01:58:20 a.m.,1727733450.67373,220,20.94893,31.14281,43.91851,1,34,423
66fb33867835ef5c35ec3d68,66fb26d67835ef5c35ebc3ed,30/09/2024 17:25:58,2024,9,30,17,25,59,0.994444444444444,0.79640522875817,0.642857142857143,0.948351648351648,0,1,0,0,18,0,0,0.038888888888889,0,0,62.1316706169647,81.0355885944121,76.3688141923436,33.8205846441141,0,01:58:25 a.m.,1727733455.68346,219,20.93938,31.14643,43.89963,1,35,425
66fb338c7835ef5c35ec3d9b,66fb26d67835ef5c35ebc3ed,30/09/2024 17:26:04,2024,9,30,17,26,4,0.994949494949495,0.772727272727273,0.642857142857143,0.937995337995338,0,0.983547597183961,0,0.016452402816039,18,0,0,0.045454545454546,0,0,61.6312576312576,80.1923076923077,76.1471861471861,33.4852924852925,0,01:58:30 a.m.,1727733460.68906,226,21.00445,31.15177,43.89305,1,38,432
66fb33917835ef5c35ec3dce,66fb26d67835ef5c35ebc3ed,30/09/2024 17:26:09,2024,9,30,17,26,10,0.96969696969697,0.731357694592989,0.642857142857143,0.927872127872128,0,0.987824675324675,0,0.012175324675325,18,0,0,0.055555555555556,0,0,60.3538153023447,78.5262001070825,74.9759146082676,32.7178393501923,0,01:58:35 a.m.,1727733465.69534,227,21.03549,31.1697,43.86196,1,40,435
66fb33977835ef5c35ec3e01,66fb26d67835ef5c35ebc3ed,30/09/2024 17:26:14,2024,9,30,17,26,15,0.960715514275886,0.746377278981768,0.678571428571429,0.923626373626374,0,1,0,0,19,0,0,0.052631578947368,0,0,61.2286507889256,79.9108240293418,76.99952393238,33.0929059545546,0,01:58:40 a.m.,1727733470.70289,219,21.03589,31.16226,43.88876,1,42,441
66fb339c7835ef5c35ec3e34,66fb26d67835ef5c35ebc3ed,30/09/2024 17:26:20,2024,9,30,17,26,21,0.856608187134503,0.731783625730994,0.714285714285714,0.917074592074592,0.009307359307359,0.990692640692641,0,0,20,0,0,0.05,0,0,59.9548638496007,79.0705782521572,75.8732247284879,32.2905947853316,0,01:58:45 a.m.,1727733475.70673,219,21.07748,31.10561,43.84918,1,43,441
66fb33a27835ef5c35ec3e67,66fb26d67835ef5c35ebc3ed,30/09/2024 17:26:26,2024,9,30,17,26,26,0.959236326109391,0.764709791412578,0.678571428571429,0.913911845730028,0.030302727575455,0.969697272424545,0,0,19,0,0,0.052631578947368,0,0,62.085904982999,80.104085820206,77.1384734116932,33.4673211939888,0,01:58:50 a.m.,1727733480.71148,217,21.0747,31.12202,43.85567,1,39,433
66fb33a77835ef5c35ec3e9a,66fb26d67835ef5c35ebc3ed,30/09/2024 17:26:31,2024,9,30,17,26,31,0.921041462837129,0.799302177011155,0.75,0.991735537190083,0.04788961038961,0.92769314019314,0,0.024417249417249,21,0,0,0.004329004329004,0,0,65.2336352295014,84.8415647975879,80.6242656552254,35.0996878742798,0,01:58:55 a.m.,1727733485.71771,217,21.09778,31.12602,43.84565,1,35,426
66fb33ac7835ef5c35ec3ecd,66fb26d67835ef5c35ebc3ed,30/09/2024 17:26:36,2024,9,30,17,26,37,0.899849624060151,0.749147869674185,0.75,0.965151515151515,0,1,0,0,21,0,0,0.019047619047619,0,0,62.4614832535885,82.6052289815448,79.4869674185464,33.6414900888585,0,01:59:00 a.m.,1727733490.72267,216,21.13499,31.077,43.82439,1,52,461
66fb33b27835ef5c35ec3f00,66fb26d67835ef5c35ebc3ed,30/09/2024 17:26:42,2024,9,30,17,26,42,0.896315789473684,0.730526315789474,0.714285714285714,0.990909090909091,0.008712121212121,0.986742424242424,0,0.004545454545455,20,0,0,0.005,0,0,61.8227927773981,81.4806220095694,77.0518796992481,33.4074903167008,0,01:59:05 a.m.,1727733495.73667,216,21.13838,31.11134,43.83888,1,48,452
66fb33b77835ef5c35ec3f33,66fb26d67835ef5c35ebc3ed,30/09/2024 17:26:47,2024,9,30,17,26,48,0.930383556931545,0.743521385162252,0.678571428571429,1,0,1,0,0,19,0,0,0,0,0,61.7247776303504,81.2937879830295,76.0610062738546,33.5247637066523,0,01:59:10 a.m.,1727733500.74183,217,21.12823,31.12011,43.81647,1,48,452
66fb33bd7835ef5c35ec3f67,66fb26d67835ef5c35ebc3ed,30/09/2024 17:26:53,2024,9,30,17,26,53,0.936029411764706,0.701327614379085,0.607142857142857,1,0,1,0,0,17,0,0,0,0,0,59.4190738795518,77.8236315359477,71.5227299253035,32.4449988328665,0,01:59:15 a.m.,1727733505.74927,226,21.16325,31.13899,43.85862,1,44,444
66fb33c27835ef5c35ec3fa8,66fb26d67835ef5c35ebc3ed,30/09/2024 17:26:58,2024,9,30,17,26,59,0.919723551302499,0.817942583732057,0.714285714285714,1,0.015151515151515,0.981060606060606,0,0.003787878787879,20,0,0,0,0,0,63.8995405179616,84.2444178628389,78.6282752335384,34.6710336447179,0,01:59:20 a.m.,1727733510.75731,219,21.14037,31.16856,43.82105,1,57,471
66fb33c77835ef5c35ec3fdc,66fb26d67835ef5c35ebc3ed,30/09/2024 17:27:03,2024,9,30,17,27,4,0.939473684210526,0.867251461988304,0.678571428571429,1,0.031637952414167,0.968362047585833,0,0,19,0,0,0,0,0,64.553480138675,84.5233918128655,77.5710108604846,35.1693452718443,0,01:59:25 a.m.,1727733515.77821,217,21.1728,31.16722,43.83459,1,60,478
66fb33cd7835ef5c35ec400f,66fb26d67835ef5c35ebc3ed,30/09/2024 17:27:09,2024,9,30,17,27,9,0.949494949494949,0.834848484848485,0.714285714285714,1,0,1,0,0,20,0,0,0,0,0,64.3697691197691,85.1136363636364,79.6904761904762,34.9862914862915,0,01:59:30 a.m.,1727733520.7857,226,21.17241,31.17542,43.81056,1,48,452
66fb33d27835ef5c35ec4042,66fb26d67835ef5c35ebc3ed,30/09/2024 17:27:14,2024,9,30,17,27,15,0.927614490772386,0.867281840966052,0.75,1,0.048160173160173,0.951839826839827,0,0,21,0,0,0,0,0,66.5155217589428,86.8462633857371,81.5012531328321,35.9305650489861,0,01:59:35 a.m.,1727733525.7954,220,21.12126,31.14243,43.80369,1,52,461
66fb33da7835ef5c35ec4075,66fb26d67835ef5c35ebc3ed,30/09/2024 17:27:22,2024,9,30,17,27,23,0.942304625199362,0.840869218500798,0.785714285714286,1,0.055753968253968,0.944246031746032,0,0,22,0,0,0,0,0,67.4958371307056,87.6562998405104,83.820688083846,36.2464209766841,0,01:59:40 a.m.,1727733530.80158,211,21.12126,31.13575,43.8261,1,64,485
66fb33df7835ef5c35ec40a8,66fb26d67835ef5c35ebc3ed,30/09/2024 17:27:27,2024,9,30,17,27,28,0.910350255804801,0.735379771743408,0.785714285714286,1,0.044579195314489,0.955420804685511,0,0,22,0,0,0,0,0,64.9950387179665,84.5397481306572,81.8071625344353,34.7602350857698,0,01:59:45 a.m.,1727733535.81162,217,21.07669,31.12965,43.79683,2,67,490
66fb33e57835ef5c35ec40dc,66fb26d67835ef5c35ebc3ed,30/09/2024 17:27:33,2024,9,30,17,27,33,0.923570289359763,0.726555023923445,0.75,1,0.066788766788767,0.933211233211233,0,0,21,0,0,0,0,0,64.7894503157661,83.2674299384826,79.9726589200273,34.6691408007198,0,01:59:50 a.m.,1727733540.81723,220,21.05181,31.12354,43.787,1,60,477
66fb33ea7835ef5c35ec411d,66fb26d67835ef5c35ebc3ed,30/09/2024 17:27:38,2024,9,30,17,27,39,0.908366504496536,0.715633036840467,0.75,1,0.081293706293706,0.918706293706294,0,0,21,0,0,0,0,0,64.6841682998804,82.7663234884597,79.4073255033007,34.5529324763071,0,01:59:55 a.m.,1727733545.82549,226,21.0134,31.12793,43.82524,1,57,472
66fb33f07835ef5c35ec4151,66fb26d67835ef5c35ebc3ed,30/09/2024 17:27:44,2024,9,30,17,27,44,0.939651416122005,0.733986928104575,0.714285714285714,1,0.083333333333333,0.916666666666666,0,0,20,0,0,0,0,0,64.7433084344849,82.4444444444444,78.3865546218487,34.7125739184563,0,02:00:00 a.m.,1727733550.83314,223,21.02753,31.10771,43.83564,1,60,477
66fb33f57835ef5c35ec4184,66fb26d67835ef5c35ebc3ed,30/09/2024 17:27:49,2024,9,30,17,27,50,0.990740740740741,0.648420479302832,0.678571428571429,1,0.013888888888889,0.986111111111111,0,0,19,0,0,0,0,0,61.8526299408652,79.8216230936819,76.9207127295363,33.3162153750389,0,02:00:05 a.m.,1727733555.83601,217,21.00246,31.14834,43.89868,1,63,483
66fb33fa7835ef5c35ec41b7,66fb26d67835ef5c35ebc3ed,30/09/2024 17:27:54,2024,9,30,17,27,55,1,0.732620320855615,0.607142857142857,1,0,1,0,0,17,0,0,0,0,0,61.1678762414057,79.5655080213904,73.7547746371276,33.3976317799847,0,02:00:10 a.m.,1727733560.84031,214,20.99271,31.14891,43.89305,1,64,485
66fb34007835ef5c35ec41ea,66fb26d67835ef5c35ebc3ed,30/09/2024 17:28:00,2024,9,30,17,28,0,1,0.73767082590612,0.642857142857143,1,0,1,0,0,18,0,0,0,0,0,62.1364909600204,80.941770647653,75.9481368304898,33.8052796876326,0,02:00:15 a.m.,1727733565.84319,213,20.95908,31.15673,43.87827,1,52,460
66fb34057835ef5c35ec421d,66fb26d67835ef5c35ebc3ed,30/09/2024 17:28:05,2024,9,30,17,28,6,1,0.727272727272727,0.607142857142857,1,0,1,0,0,17,0,0,0,0,0,61.0876623376623,79.4318181818182,73.7012987012987,33.3441558441558,0,02:00:20 a.m.,1727733570.84716,214,20.95311,31.14967,43.87589,1,61,480
66fb340a7835ef5c35ec4250,66fb26d67835ef5c35ebc3ed,30/09/2024 17:28:10,2024,9,30,17,28,11,1,0.681554103122731,0.642857142857143,1,0,0.985280151946819,0.008547008547009,0.006172839506173,18,0,0,0,0,0,61.2947401182695,79.5388525780683,75.3869696026559,33.2441124597987,0,02:00:25 a.m.,1727733575.85154,217,20.98455,31.11553,43.92471,1,63,483
66fb34107835ef5c35ec4283,66fb26d67835ef5c35ebc3ed,30/09/2024 17:28:16,2024,9,30,17,28,16,1,0.682349813928761,0.678571428571429,1,0,0.994949494949495,0,0.005050505050505,19,0,0,0,0,0,62.1995329232171,80.808745348219,77.5377838535733,33.6092124250019,0,02:00:30 a.m.,1727733580.86117,216,20.95152,31.13594,43.98651,1,56,469
66fb34157835ef5c35ec42b6,66fb26d67835ef5c35ebc3ed,30/09/2024 17:28:21,2024,9,30,17,28,22,1,0.684210526315789,0.678571428571429,1,0,1,0,0,19,0,0,0,0,0,62.2274436090226,80.8552631578947,77.5563909774436,33.6278195488722,0,02:00:35 a.m.,1727733585.86905,221,20.97699,31.08654,43.94093,1,59,475
66fb341b7835ef5c35ec42e9,66fb26d67835ef5c35ebc3ed,30/09/2024 17:28:26,2024,9,30,17,28,27,1,0.666135034556087,0.678571428571429,1,0,0.990106951871658,0.009893048128342,0,19,0,0,0,0,0,61.956311232627,80.4033758639022,77.3756360598466,33.4470646312752,0,02:00:40 a.m.,1727733590.87754,223,20.98216,31.09398,43.98718,1,57,472
66fb34207835ef5c35ec431c,66fb26d67835ef5c35ebc3ed,30/09/2024 17:28:32,2024,9,30,17,28,32,1,0.673684210526316,0.678571428571429,1,0,0.952292311661507,0.047707688338493,0,19,0,0,0,0,0,62.0695488721804,80.5921052631579,77.4511278195489,33.5225563909774,0,02:00:45 a.m.,1727733595.88347,214,20.97898,31.08902,44.00787,1,56,469
66fb34257835ef5c35ec434f,66fb26d67835ef5c35ebc3ed,30/09/2024 17:28:37,2024,9,30,17,28,38,1,0.647368421052632,0.714285714285714,1,0,1,0,0,20,0,0,0,0,0,62.5676691729323,81.1842105263158,79.3308270676692,33.6165413533835,0,02:00:50 a.m.,1727733600.89093,214,20.96206,31.12106,44.24715,1,43,442
66fb342b7835ef5c35ec4382,66fb26d67835ef5c35ebc3ed,30/09/2024 17:28:43,2024,9,30,17,28,43,1,0.604306220095694,0.714285714285714,1,0,1,0,0,20,0,0,0,0,0,61.9217361585783,80.1076555023923,78.9002050580998,33.1859193438141,0,02:00:55 a.m.,1727733605.89947,216,20.95211,31.07662,44.25068,1,46,450
66fb34307835ef5c35ec43b6,66fb26d67835ef5c35ebc3ed,30/09/2024 17:28:48,2024,9,30,17,28,48,1,0.703349282296651,0.678571428571429,1,0,1,0,0,19,0,0,0,0,0,62.5145249487355,81.3337320574163,77.7477785372522,33.8192071086808,0,02:01:00 a.m.,1727733610.90727,219,20.97838,31.10771,44.26489,1,44,445
66fb34367835ef5c35ec43f8,66fb26d67835ef5c35ebc3ed,30/09/2024 17:28:53,2024,9,30,17,28,54,1,0.641520467836257,0.714285714285714,1,0,1,0,0,20,0,0,0,0,0,62.4799498746867,81.0380116959064,79.2723475355054,33.5580618212197,0,02:01:05 a.m.,1727733615.91544,219,20.98554,31.12602,44.25259,1,46,449
66fb343b7835ef5c35ec442b,66fb26d67835ef5c35ebc3ed,30/09/2024 17:28:59,2024,9,30,17,28,59,0.955847953216375,0.697957013746487,0.75,1,0,1,0,0,21,0,0,0,0,0,63.3363142705248,83.0366446419078,80.6550087339561,34.0380496696286,0,02:01:10 a.m.,1727733620.92052,214,20.95052,31.14548,44.2481,1,52,461
66fb34407835ef5c35ec445e,66fb26d67835ef5c35ebc3ed,30/09/2024 17:29:04,2024,9,30,17,29,5,0.986598440545809,0.671826625386997,0.678571428571429,1,0,1,0,0,19,0,0,0,0,0,61.7736539060068,80.3446422428621,77.03050518453,33.3699649450423,0,02:01:15 a.m.,1727733625.92528,214,20.96087,31.11076,44.22579,1,54,465
66fb34467835ef5c35ec4491,66fb26d67835ef5c35ebc3ed,30/09/2024 17:29:10,2024,9,30,17,29,10,0.995614035087719,0.729704162366701,0.678571428571429,1,0,1,0,0,19,0,0,0,0,0,62.8221288515406,81.9268145854833,77.8797483905843,34.0388962602585,0,02:01:20 a.m.,1727733630.93015,220,20.96485,31.10352,44.30418,1,49,456
66fb344b7835ef5c35ec44c4,66fb26d67835ef5c35ebc3ed,30/09/2024 17:29:15,2024,9,30,17,29,15,0.99066985645933,0.688225912374519,0.714285714285714,1,0,1,0,0,20,0,0,0,0,0,62.9939286719473,82.0656956562529,79.459497674668,33.9318148311956,0,02:01:25 a.m.,1727733635.93319,220,20.99231,31.13346,44.2771,1,39,435
66fb34507835ef5c35ec44f7,66fb26d67835ef5c35ebc3ed,30/09/2024 17:29:20,2024,9,30,17,29,21,0.97979797979798,0.752413844325609,0.642857142857143,1,0,1,0,0,18,0,0,0,0,0,61.9535958322723,81.0073158051099,75.4895064086241,33.7506896698073,0,02:01:30 a.m.,1727733640.9393,217,20.99351,31.12926,44.26746,1,51,459
66fb34557835ef5c35ec452a,66fb26d67835ef5c35ebc3ed,30/09/2024 17:29:25,2024,9,30,17,29,26,0.977941176470588,0.767899584076055,0.642857142857143,1,0,1,0,0,18,0,0,0,0,0,62.1487458619812,81.3666072489602,75.5886597063068,33.8869790340379,0,02:01:35 a.m.,1727733645.94318,217,21.02574,31.11649,44.27223,1,57,471
66fb345b7835ef5c35ec455d,66fb26d67835ef5c35ebc3ed,30/09/2024 17:29:31,2024,9,30,17,29,31,0.978070175438597,0.80161392042197,0.678571428571429,1,0,1,0,0,19,0,0,0,0,0,63.5498980293872,83.4614006421282,78.0725301816633,34.58255524432,0,02:01:40 a.m.,1727733650.94538,223,20.96405,31.1367,44.24038,1,49,454
66fb34607835ef5c35ec4590,66fb26d67835ef5c35ebc3ed,30/09/2024 17:29:36,2024,9,30,17,29,37,1,0.74537037037037,0.642857142857143,1,0,1,0,0,18,0,0,0,0,0,62.2519841269841,81.1342592592593,76.0251322751323,33.8822751322751,0,02:01:45 a.m.,1727733655.94789,216,20.99589,31.14929,44.30723,1,56,469
66fb34667835ef5c35ec45c3,66fb26d67835ef5c35ebc3ed,30/09/2024 17:29:42,2024,9,30,17,29,42,0.982456140350877,0.745614035087719,0.678571428571429,1,0,1,0,0,19,0,0,0,0,0,62.797619047619,82.1271929824561,77.6441102756892,34.0664160401003,0,02:01:50 a.m.,1727733660.955,213,20.94475,31.16875,44.32812,1,56,470
66fb346b7835ef5c35ec45f6,66fb26d67835ef5c35ebc3ed,30/09/2024 17:29:47,2024,9,30,17,29,48,0.964912280701755,0.722222222222222,0.678571428571429,1,0,1,0,0,19,0,0,0,0,0,62.0958646616541,81.2792397660819,76.8838763575606,33.6570593149541,0,02:01:55 a.m.,1727733665.96605,214,20.93599,31.16226,44.36188,1,46,449
66fb34717835ef5c35ec462a,66fb26d67835ef5c35ebc3ed,30/09/2024 17:29:53,2024,9,30,17,29,53,0.973684210526316,0.740497076023392,0.678571428571429,1,0,1,0,0,19,0,0,0,0,0,62.5454260651629,81.8676900584795,77.3297827903091,33.9275271512114,0,02:02:00 a.m.,1727733670.97443,210,20.98395,31.09608,44.42272,1,54,464
66fb34767835ef5c35ec465d,66fb26d67835ef5c35ebc3ed,30/09/2024 17:29:58,2024,9,30,17,29,59,1,0.803827751196172,0.678571428571429,1,0,1,0,0,19,0,0,0,0,0,64.0217019822283,83.8456937799043,78.7525632262475,34.823991797676,0,02:02:05 a.m.,1727733675.98429,216,20.96127,31.14128,44.50674,1,45,446
66fb347b7835ef5c35ec469e,66fb26d67835ef5c35ebc3ed,30/09/2024 17:30:03,2024,9,30,17,30,4,1,0.73444976076555,0.678571428571429,1,0,1,0,0,19,0,0,0,0,0,62.981032125769,82.1112440191388,78.0587833219412,34.1302118933698,0,02:02:10 a.m.,1727733680.99131,216,20.98077,31.11649,44.50626,1,42,440
66fb34817835ef5c35ec46d2,66fb26d67835ef5c35ebc3ed,30/09/2024 17:30:09,2024,9,30,17,30,9,0.966507177033493,0.681552365762892,0.678571428571429,1,0,1,0,0,19,0,0,0,0,0,61.517714741399,80.2864167995747,76.5250246829194,33.2663097136781,0,02:02:15 a.m.,1727733685.99752,208,20.93102,31.16684,44.53869,1,50,457
66fb34867835ef5c35ec4705,66fb26d67835ef5c35ebc3ed,30/09/2024 17:30:14,2024,9,30,17,30,14,0.975279106858054,0.738218094255246,0.678571428571429,1,0,1,0,0,19,0,0,0,0,0,62.5431392652755,81.834638959252,77.3548398625798,33.9206862968473,0,02:02:20 a.m.,1727733690.99975,214,20.89321,31.17504,44.49997,1,47,450
66fb348b7835ef5c35ec4738,66fb26d67835ef5c35ebc3ed,30/09/2024 17:30:19,2024,9,30,17,30,20,1,0.748740468409586,0.642857142857143,1,0,1,0,0,18,0,0,0,0,0,62.3025355975724,81.2185117102397,76.0588332555244,33.9159761126673,0,02:02:25 a.m.,1727733696.00428,220,20.9149,31.18477,44.45333,1,41,439
66fb34917835ef5c35ec476b,66fb26d67835ef5c35ebc3ed,30/09/2024 17:30:25,2024,9,30,17,30,25,0.965958605664488,0.847052015250545,0.642857142857143,1,0.009259259259259,0.990740740740741,0,0,18,0,0,0,0,0,63.327862394958,83.1656794662309,76.0207068938687,34.6512702303144,0,02:02:30 a.m.,1727733701.00882,218,20.98952,31.16913,44.45724,1,35,426
66fb34967835ef5c35ec479e,66fb26d67835ef5c35ebc3ed,30/09/2024 17:30:30,2024,9,30,17,30,31,0.965325077399381,0.842917956656347,0.678571428571429,1,0,1,0,0,19,0,0,0,0,0,63.9145566121185,84.3028250773994,78.1032176028306,34.8681446262716,0,02:02:35 a.m.,1727733706.01213,213,20.94853,31.1903,44.47641,1,37,429
66fb349c7835ef5c35ec47d1,66fb26d67835ef5c35ebc3ed,30/09/2024 17:30:36,2024,9,30,17,30,36,0.94275312464167,0.745986698773077,0.678571428571429,1,0,1,0,0,19,0,0,0,0,0,62.0091486887153,81.5409643389519,76.4567464412666,33.6731125198617,0,02:02:40 a.m.,1727733711.01636,211,20.96087,31.17065,44.46363,1,43,442
66fb34a17835ef5c35ec4804,66fb26d67835ef5c35ebc3ed,30/09/2024 17:30:41,2024,9,30,17,30,42,0.964818463270476,0.662741970791506,0.678571428571429,0.987878787878788,0.137620399036808,0.771470510054102,0,0,19,0,0,0.009569377990431,0,0,64.4604763356698,79.4877959158145,76.2862593203151,34.3163104954901,0,02:02:45 a.m.,1727733716.02012,210,20.97042,31.18992,44.43865,1,40,436
66fb34a67835ef5c35ec4837,66fb26d67835ef5c35ebc3ed,30/09/2024 17:30:46,2024,9,30,17,30,47,0.980861244019139,0.738968633705476,0.678571428571429,0.975324675324675,0.261259655377302,0.738740344622698,0,0,19,0,0,0.019138755980861,0,0,68.8274016145533,81.3202513860409,77.5298093719146,36.3498563699802,0,02:02:50 a.m.,1727733721.02367,210,20.9736,31.16531,44.38429,1,41,439
66fb34af7835ef5c35ec487a,66fb26d67835ef5c35ebc3ed,30/09/2024 17:30:55,2024,9,30,17,30,55,1,0.694444444444444,0.642857142857143,0.967708333333333,0.062622549019608,0.937377450980392,0,0,18,0,0,0.027777777777778,0,0,62.5692839635854,79.0538194444444,75.515873015873,33.6763246965453,0,02:02:55 a.m.,1727733726.02887,211,20.97679,31.15311,44.39535,1,50,457
66fb34b47835ef5c35ec48ad,66fb26d67835ef5c35ebc3ed,30/09/2024 17:31:00,2024,9,30,17,31,1,0.952341597796143,0.619146005509642,0.785714285714286,0.938799762329174,0.096483633325739,0.85274929748614,0,0.050767069188122,22,0,0,0.045454545454546,0,0,64.4709664495057,80.7337681629126,81.9045651318379,33.9248528467498,0,02:03:00 a.m.,1727733731.04022,214,20.98554,31.18229,44.35806,1,48,452
66fb34ba7835ef5c35ec48e0,66fb26d67835ef5c35ebc3ed,30/09/2024 17:31:06,2024,9,30,17,31,6,0.995670995670996,0.621918432444748,0.75,0.935128596893303,0.069375573921029,0.879017447199266,0,0.051606978879706,21,0,0,0.047619047619048,0,0,63.7535147015164,80.1112406685162,81.0893141945773,33.7209359893008,0,02:03:05 a.m.,1727733736.05165,214,21.00146,31.16264,44.3409,1,41,437
66fb34bf7835ef5c35ec4913,66fb26d67835ef5c35ebc3ed,30/09/2024 17:31:11,2024,9,30,17,31,11,0.991341991341991,0.656244951221028,0.785714285714286,0.93507448433919,0.038064859117491,0.908421678081121,0,0.053513462801389,22,0,0,0.045454545454546,0,0,64.2911099810375,82.1531157591353,83.4455663953272,34.0644057173399,0,02:03:10 a.m.,1727733741.06119,210,21.04922,31.18668,44.32592,1,52,461
66fb34c47835ef5c35ec4946,66fb26d67835ef5c35ebc3ed,30/09/2024 17:31:16,2024,9,30,17,31,17,1,0.673684210526316,0.714285714285714,0.942000891265597,0.078372498049532,0.885415070044257,0,0.036212431906212,20,0,0,0.045454545454546,0,0,64.0517318352598,80.3921275447978,79.593984962406,34.0834331412716,0,02:03:15 a.m.,1727733746.06893,219,21.04067,31.19907,44.35434,1,45,447
66fb34ca7835ef5c35ec4979,66fb26d67835ef5c35ebc3ed,30/09/2024 17:31:21,2024,9,30,17,31,22,0.973114604693552,0.66347687400319,0.75,0.901480137509549,0.107420410530458,0.860889827875474,0,0.031689761594068,21,0,0,0.047619047619048,0,0,64.3721575298236,79.9706443582218,80.8282068808385,33.9549202673675,0,02:03:20 a.m.,1727733751.07565,214,21.03092,31.18935,44.31438,1,47,451
66fb34cf7835ef5c35ec49ac,66fb26d67835ef5c35ebc3ed,30/09/2024 17:31:27,2024,9,30,17,31,28,0.945192526771474,0.73526999316473,0.785714285714286,0.914819387230026,0.037259242539991,0.962740757460009,0,0,22,0,0,0.041322314049587,0,0,64.2295294477078,82.930122411441,82.8513328776487,34.1825543542051,0,02:03:25 a.m.,1727733756.08029,208,21.0747,31.17924,44.41442,1,50,458
66fb34d47835ef5c35ec49df,66fb26d67835ef5c35ebc3ed,30/09/2024 17:31:32,2024,9,30,17,31,33,0.986580086580086,0.709694691273639,0.75,0.944453044375645,0,1,0,0,21,0,0,0,0.012987012987013,0,63.293817766341,82.4023946899334,81.694349510139,33.9072782222937,0,02:03:30 a.m.,1727733761.08748,219,21.1135,31.213,44.35558,1,52,461
66fb34da7835ef5c35ec4a12,66fb26d67835ef5c35ebc3ed,30/09/2024 17:31:37,2024,9,30,17,31,38,0.985885167464115,0.733625730994152,0.714285714285714,0.99040404040404,0,1,0,0,20,0,0,0,0,0,63.4352927773981,82.8890217969165,79.7699551910078,34.2420065314802,0,02:03:35 a.m.,1727733766.09415,208,21.11151,31.1676,44.35129,1,57,470
66fb34df7835ef5c35ec4a45,66fb26d67835ef5c35ebc3ed,30/09/2024 17:31:43,2024,9,30,17,31,43,1,0.800691121743753,0.714285714285714,1,0,1,0,0,20,0,0,0,0,0,64.8675096832992,85.0172780435938,80.8640540745804,35.1497683602947,0,02:03:40 a.m.,1727733770.09863,220,21.05161,31.15692,44.33775,1,49,455
66fb34e47835ef5c35ec4a87,66fb26d67835ef5c35ebc3ed,30/09/2024 17:31:48,2024,9,30,17,31,49,0.956359649122807,0.785428849902534,0.714285714285714,1,0,1,0,0,20,0,0,0,0,0,63.765768588137,83.9811159844055,79.4022208298524,34.5607421331106,0,02:03:45 a.m.,1727733775.10853,208,21.06116,31.16627,44.39402,1,62,480
66fb34e97835ef5c35ec4abb,66fb26d67835ef5c35ebc3ed,30/09/2024 17:31:53,2024,9,30,17,31,54,0.976076555023923,0.737373737373737,0.678571428571429,1,0,1,0,0,19,0,0,0,0,0,62.5464228753703,81.8254917597023,77.3703197387408,33.9202172096909,0,02:03:50 a.m.,1727733780.11591,217,21.03967,31.1739,44.45953,1,57,472
66fb34ef7835ef5c35ec4aee,66fb26d67835ef5c35ebc3ed,30/09/2024 17:31:59,2024,9,30,17,31,59,1,0.761828814460394,0.678571428571429,1,0,1,0,0,19,0,0,0,0,0,63.3917179311916,82.7957203615098,78.3325738588897,34.4040024303182,0,02:03:55 a.m.,1727733785.12567,211,21.07231,31.16951,44.43312,1,58,473
66fb34f47835ef5c35ec4b21,66fb26d67835ef5c35ebc3ed,30/09/2024 17:32:04,2024,9,30,17,32,5,1,0.722488038277512,0.678571428571429,0.989304812834225,0,1,0,0,19,0,0,0,0,0,62.6411784809618,81.5448212777934,77.9391660970608,33.9036427968317,0,02:04:00 a.m.,1727733790.13239,210,21.08584,31.19698,44.44437,1,50,457
66fb34fa7835ef5c35ec4b54,66fb26d67835ef5c35ebc3ed,30/09/2024 17:32:09,2024,9,30,17,32,10,0.995215311004785,0.683572567783094,0.714285714285714,0.985645933014354,0,1,0,0,20,0,0,0.009090909090909,0,0,62.7997265892003,81.658692185008,79.5493278651173,33.7871952608795,0,02:04:05 a.m.,1727733795.13905,220,21.07868,31.213,44.40918,1,49,454
66fb34ff7835ef5c35ec4b87,66fb26d67835ef5c35ebc3ed,30/09/2024 17:32:15,2024,9,30,17,32,15,0.977033492822966,0.740590111642743,0.785714285714286,0.895373419775334,0.018899521531101,0.9811004784689,0,0,22,0,0,0.045454545454546,0,0,64.1954680088651,83.0545906777964,83.8597630439736,34.1761083148643,0,02:04:10 a.m.,1727733800.14179,208,21.06276,31.21147,44.40842,1,46,448
66fb35047835ef5c35ec4bba,66fb26d67835ef5c35ebc3ed,30/09/2024 17:32:20,2024,9,30,17,32,21,1,0.794991973397546,0.75,0.887294830212787,0,1,0,0,21,0,0,0.047619047619048,0,0,63.984302054155,83.3071700902583,82.9499197339755,34.3228680361033,0,02:04:15 a.m.,1727733805.15158,208,21.04664,31.23055,44.3574,1,44,445
66fb35097835ef5c35ec4bed,66fb26d67835ef5c35ebc3ed,30/09/2024 17:32:25,2024,9,30,17,32,26,0.990430622009569,0.740297713981924,0.821428571428571,0.895938949679512,0,1,0,0,23,0,0,0.043478260869565,0,0,64.8878766808272,84.5123759216794,86.4016100858206,34.4809585709958,0,02:04:20 a.m.,1727733810.15491,208,21.02694,31.25286,44.30828,1,48,452
66fb350f7835ef5c35ec4c20,66fb26d67835ef5c35ebc3ed,30/09/2024 17:32:31,2024,9,30,17,32,31,1,0.704922027290449,0.75,0.904224204301604,0,1,0,0,21,0,0,0.047619047619048,0,0,62.8871934738808,81.4786557898013,82.0492202729045,33.5914623159205,0,02:04:25 a.m.,1727733815.15839,214,21.04445,31.21395,44.29865,1,49,456
66fb35147835ef5c35ec4c53,66fb26d67835ef5c35ebc3ed,30/09/2024 17:32:36,2024,9,30,17,32,37,1,0.707791537667699,0.75,0.944117144465442,0.076703532652731,0.92329646734727,0,0,21,0,0,0.047619047619048,0,0,65.4462185483154,82.5477170533285,82.077915376677,34.7861221478587,0,02:04:30 a.m.,1727733820.16611,216,21.05321,31.21185,44.28387,1,51,459
66fb351a7835ef5c35ec4c86,66fb26d67835ef5c35ebc3ed,30/09/2024 17:32:42,2024,9,30,17,32,42,1,0.713419913419914,0.785714285714286,0.951475796930342,0.167458446188393,0.821632462902516,0.010909090909091,0,22,0,0,0.045454545454546,0,0,68.8027539528208,84.1223927587564,84.2770562770563,36.1806844225293,0,02:04:35 a.m.,1727733825.16881,208,21.01818,31.20003,44.25993,1,48,452
66fb351f7835ef5c35ec4cb9,66fb26d67835ef5c35ebc3ed,30/09/2024 17:32:47,2024,9,30,17,32,48,1,0.737105263157895,0.75,0.949711779448622,0.145726049313006,0.770281855825334,0.08399209486166,0,21,0,0,0.047619047619048,0,0,67.6954068719229,83.4204260651629,82.3710526315789,35.8254309191952,0,02:04:40 a.m.,1727733830.17546,205,21.06415,31.1903,44.25755,1,36,428
66fb35257835ef5c35ec4cec,66fb26d67835ef5c35ebc3ed,30/09/2024 17:32:53,2024,9,30,17,32,53,0.995,0.73078947368421,0.785714285714286,0.950350117718539,0.065185574229692,0.910314425770308,0.0245,0,22,0,0,0.045454545454546,0,0,66.3895903696407,84.4534897850687,84.3007518796992,35.2703945134673,0,02:04:45 a.m.,1727733835.18871,207,21.06654,31.1903,44.24324,1,37,430
66fb352a7835ef5c35ec4d23,66fb26d67835ef5c35ebc3ed,30/09/2024 17:32:58,2024,9,30,17,32,59,1,0.772195640616693,0.714285714285714,0.946189448666229,0,1,0,0,20,0,0,0.05,0,0,63.6329191963867,82.9596272320731,80.5790992633098,34.3267080356864,0,02:04:50 a.m.,1727733840.20154,211,21.07291,31.18343,44.25869,1,37,429
66fb35307835ef5c35ec4d62,66fb26d67835ef5c35ebc3ed,30/09/2024 17:33:04,2024,9,30,17,33,4,1,0.715277777777778,0.75,0.948652882205514,0.00625,0.987797619047619,0.005952380952381,0,21,0,0,0.047619047619048,0,0,63.8652098997494,82.8482664995823,82.1527777777778,34.2018065998329,0,02:04:55 a.m.,1727733845.20745,213,21.05141,31.20003,44.27204,1,40,435
66fb35357835ef5c35ec4d95,66fb26d67835ef5c35ebc3ed,30/09/2024 17:33:09,2024,9,30,17,33,9,0.994949494949495,0.707729383619477,0.714285714285714,0.937335037683335,0.053996914678029,0.946003085321971,0,0,20,0,0,0.05,0,0,63.7820219426257,81.0508529568127,79.7829215418225,34.0829654521605,0,02:05:00 a.m.,1727733850.2236,207,21.03549,31.17905,44.31286,1,52,461
66fb353a7835ef5c35ec4dc8,66fb26d67835ef5c35ebc3ed,30/09/2024 17:33:14,2024,9,30,17,33,14,0.974419113737999,0.672326985020483,0.678571428571429,0.93507448433919,0.090818916205913,0.909181083794087,0,0,19,0,0,0.052631578947368,0,0,62.8341629345886,78.5513234400618,76.6701289766305,33.5121092787501,0,02:05:05 a.m.,1727733855.23073,216,21.00107,31.20766,44.2791,1,54,464
66fb353f7835ef5c35ec4dfb,66fb26d67835ef5c35ebc3ed,30/09/2024 17:33:19,2024,9,30,17,33,20,1,0.606858054226475,0.678571428571429,0.933785332314744,0.056572594072594,0.943427405927406,0,0,19,0,0,0.052631578947368,0,0,61.4882513642189,77.2660846635305,76.7828662565505,32.7578740918524,0,02:05:10 a.m.,1727733860.23495,208,20.98236,31.21109,44.29026,1,51,459
66fb35457835ef5c35ec4e2e,66fb26d67835ef5c35ebc3ed,30/09/2024 17:33:24,2024,9,30,17,33,25,0.994949494949495,0.718954248366013,0.785714285714286,0.930799503526776,0.04643327686806,0.941709015622059,0.007905138339921,0.00395256916996,22,0,0,0.045454545454546,0,0,65.4489852419404,83.6680862215622,84.1808844750021,34.7685080942463,0,02:05:15 a.m.,1727733865.25317,205,20.95888,31.22787,44.2749,1,55,467
66fb354a7835ef5c35ec4e61,66fb26d67835ef5c35ebc3ed,30/09/2024 17:33:30,2024,9,30,17,33,30,0.944444444444444,0.746913580246913,0.821428571428571,0.952792939749462,0.090415019762846,0.767018006148441,0.099674279022105,0.042892695066608,23,0,0,0.043478260869565,0,0,67.18057646862,85.409329666576,85.0881834215167,35.5599455563224,0,02:05:20 a.m.,1727733870.25765,214,21.00345,31.24523,44.26889,1,56,469
66fb354f7835ef5c35ec4e94,66fb26d67835ef5c35ebc3ed,30/09/2024 17:33:35,2024,9,30,17,33,36,0.945906432748538,0.761988304093567,0.821428571428571,0.9542913608131,0.319686335403727,0.374913043478261,0.203600414078675,0.101800207039337,23,0,0,0.043478260869565,0,0,73.1901962993782,85.8455881138947,85.2827903091061,38.033010044875,0,02:05:25 a.m.,1727733875.26369,208,21.04763,31.25553,44.26451,1,52,461
66fb35557835ef5c35ec4ec7,66fb26d67835ef5c35ebc3ed,30/09/2024 17:33:40,2024,9,30,17,33,41,0.945906432748538,0.751169590643275,0.821428571428571,0.953768462658623,0.360579333709768,0.349225296442688,0.198963579898363,0.091231789949181,23,0,0,0.043478260869565,0,0,74.0423970829577,85.5620478237755,85.1746031746032,38.3285239118878,0,02:05:30 a.m.,1727733880.26857,202,20.98495,31.23379,44.20872,1,54,465
66fb355a7835ef5c35ec4efa,66fb26d67835ef5c35ebc3ed,30/09/2024 17:33:46,2024,9,30,17,33,46,0.935501632870054,0.760765550239234,0.75,0.945981486693561,0.097180301034056,0.739029957014147,0.02946127946128,0.134328462490518,21,0,0,0.047619047619048,0,0,65.4907457372444,82.9512004163707,80.672704488494,34.8942897083691,0,02:05:35 a.m.,1727733885.2729,214,20.9947,31.25038,44.24019,1,51,459
66fb355f7835ef5c35ec4f2d,66fb26d67835ef5c35ebc3ed,30/09/2024 17:33:51,2024,9,30,17,33,52,0.948032961190856,0.706804891015417,0.785714285714286,0.949554326587819,0.059450136441411,0.844862236615684,0,0.095687626942904,22,0,0,0.045454545454546,0,0,64.9351580417581,83.1294748579438,82.651894888737,34.4955660094979,0,02:05:40 a.m.,1727733890.27891,212,20.95888,31.2664,44.28568,1,40,435
66fb35647835ef5c35ec4f60,66fb26d67835ef5c35ebc3ed,30/09/2024 17:33:56,2024,9,30,17,33,57,0.945773524720893,0.674906964380649,0.678571428571429,0.95019858022954,0.084654595490509,0.83603840260187,0,0.079307001907621,19,0,0,0.047846889952153,0,0,62.3727042651191,78.5642414860681,75.836561099719,33.3410509339302,0,02:05:45 a.m.,1727733895.29291,205,20.93579,31.23703,44.24038,1,52,460
66fb35697835ef5c35ec4f93,66fb26d67835ef5c35ebc3ed,30/09/2024 17:34:01,2024,9,30,17,34,2,0.936204146730463,0.734183944710261,0.678571428571429,0.939341948900773,0.055502392344498,0.843062200956938,0,0.101435406698565,19,0,0,0.052631578947368,0,0,62.1788168616729,79.6312095412328,76.1422495633022,33.4380386125742,0,02:05:50 a.m.,1727733900.30091,211,20.92306,31.22959,44.25535,1,46,448
66fb356f7835ef5c35ec4fc6,66fb26d67835ef5c35ebc3ed,30/09/2024 17:34:07,2024,9,30,17,34,7,0.937985114300904,0.719617224880383,0.714285714285714,0.943850267379679,0.211686285422503,0.606474774791813,0,0.181838939785684,20,0,0,0.05,0,0,66.8610146626244,80.6564640210151,78.1928685349738,35.2742460626918,0,02:05:55 a.m.,1727733905.3156,210,20.94137,31.20098,44.2461,1,48,453
66fb35767835ef5c35ec5009,66fb26d67835ef5c35ebc3ed,30/09/2024 17:34:14,2024,9,30,17,34,14,0.937985114300904,0.697554492291334,0.714285714285714,0.943850267379679,0.049894364009197,0.898976232511273,0,0.05112940347953,20,0,0,0.05,0,0,62.4852756384561,80.1048957062889,77.9722412090833,33.4356995226683,0,02:06:00 a.m.,1727733910.34701,199,20.96366,31.19316,44.26498,1,48,453
66fb357b7835ef5c35ec503c,66fb26d67835ef5c35ebc3ed,30/09/2024 17:34:19,2024,9,30,17,34,19,0.935853894987022,0.691306251368171,0.714285714285714,0.936595185859892,0.141191127712867,0.82367263171611,0,0.035136240571023,20,0,0,0.05,0,0,64.5225205081259,79.7353443555069,77.8458222204352,34.1923217421367,0,02:06:05 a.m.,1727733915.35806,205,20.9953,31.21185,44.26699,1,47,452
66fb35807835ef5c35ec506f,66fb26d67835ef5c35ebc3ed,30/09/2024 17:34:24,2024,9,30,17,34,25,0.946248638344227,0.761540032679739,0.642857142857143,0.921321733821734,0.453332115009747,0.546667884990253,0,0,18,0,0,0.055555555555556,0,0,71.5726307110789,78.7652737377002,74.5742880485527,37.2529966271259,0,02:06:10 a.m.,1727733920.36295,208,20.97301,31.20975,44.30609,1,44,444
66fb35867835ef5c35ec50a2,66fb26d67835ef5c35ebc3ed,30/09/2024 17:34:30,2024,9,30,17,34,30,0.986111111111111,0.749183006535948,0.642857142857143,0.921382783882784,0.137278705341786,0.819936636935476,0,0.042784657722738,18,0,0,0.055555555555556,0,0,64.2841052834764,79.055811427135,75.6465919701214,34.3681274972877,0,02:06:15 a.m.,1727733925.37524,204,20.93201,31.19545,44.25554,1,49,455
66fb358b7835ef5c35ec50d5,66fb26d67835ef5c35ebc3ed,30/09/2024 17:34:35,2024,9,30,17,34,36,0.985294117647059,0.671956699346405,0.607142857142857,0.908504921004921,0.146279761904762,0.841815476190476,0,0.011904761904762,17,0,0,0.058823529411765,0,0,62.2483721344015,75.540952273489,72.7069619514472,33.19178357046,0,02:06:20 a.m.,1727733930.38356,207,20.97142,31.20708,44.23132,1,45,446
66fb35957835ef5c35ec5118,66fb26d67835ef5c35ebc3ed,30/09/2024 17:34:45,2024,9,30,17,34,46,0.938921377517869,0.748538011695907,0.678571428571429,0.909652076318743,0.578983516483516,0.414843644010311,0,0.006172839506173,19,0,0,0.046783625730994,0,0,75.0901524969508,79.2885728631343,76.3673071567808,38.5466641058746,0,02:06:25 a.m.,1727733935.38777,211,20.96027,31.18,44.24267,1,51,460
66fb359b7835ef5c35ec514b,66fb26d67835ef5c35ebc3ed,30/09/2024 17:34:51,2024,9,30,17,34,51,0.994152046783626,0.575503573749188,0.714285714285714,0.945017773191148,0.09065364937398,0.903498397409646,0,0.005847953216374,20,0,0,0.05,0,0,62.8143452312699,77.9253143752628,78.4367399981435,33.1961275738366,0,02:06:30 a.m.,1727733940.39335,202,20.97938,31.20289,44.2276,1,52,461
66fb35a07835ef5c35ec517e,66fb26d67835ef5c35ebc3ed,30/09/2024 17:34:56,2024,9,30,17,34,56,0.988562091503268,0.566460268317854,0.678571428571429,0.945029239766082,0.113658779301194,0.875814904909332,0.010526315789474,0,19,0,0,0.052631578947368,0,0,62.24933964814,76.3656690746474,76.0357511425623,32.9228180745983,0,02:06:35 a.m.,1727733945.39729,205,21.02395,31.20975,44.23714,1,38,432
66fb35a57835ef5c35ec51b1,66fb26d67835ef5c35ebc3ed,30/09/2024 17:35:01,2024,9,30,17,35,1,1,0.580634920634921,0.75,0.946198830409357,0.103014705882353,0.85609477124183,0.034640522875817,0.00625,21,0,0,0.047619047619048,0,0,64.227873912723,79.4208437761069,80.8063492063492,33.7984845692663,0,02:06:40 a.m.,1727733950.40552,211,21.02793,31.2376,44.29579,1,37,429
66fb35aa7835ef5c35ec51e4,66fb26d67835ef5c35ebc3ed,30/09/2024 17:35:06,2024,9,30,17,35,7,1,0.681969696969697,0.785714285714286,0.948395989974937,0.090437972759954,0.899298869345309,0,0.010263157894737,22,0,0,0.045454545454546,0,0,66.3592917660255,83.2591421736159,83.9625541125541,35.0651794541887,0,02:06:45 a.m.,1727733955.41278,204,21.05738,31.23856,44.20309,1,44,444
66fb35af7835ef5c35ec5217,66fb26d67835ef5c35ebc3ed,30/09/2024 17:35:11,2024,9,30,17,35,12,1,0.69377990430622,0.75,0.949931647300068,0.125935828877005,0.874064171122995,0,0,21,0,0,0.047619047619048,0,0,66.5540689960195,82.3427887901572,81.9377990430622,35.1964738048329,0,02:06:50 a.m.,1727733960.42094,201,21.05102,31.22978,44.27853,1,42,441
66fb35b57835ef5c35ec524a,66fb26d67835ef5c35ebc3ed,30/09/2024 17:35:17,2024,9,30,17,35,17,1,0.728947368421053,0.714285714285714,0.94708853238265,0.079849970291147,0.920150029708853,0,0,20,0,0,0.05,0,0,64.9939306264771,81.9008975200926,80.1466165413534,34.7017158538056,0,02:06:55 a.m.,1727733965.42797,205,21.03689,31.23398,44.21635,1,50,457
66fb35ba7835ef5c35ec527d,66fb26d67835ef5c35ebc3ed,30/09/2024 17:35:22,2024,9,30,17,35,22,1,0.686363636363636,0.714285714285714,0.944147355912062,0.092153434800494,0.907846565199506,0,0,20,0,0,0.05,0,0,64.6186436112907,80.7627748068925,79.7207792207792,34.3695014136191,0,02:07:00 a.m.,1727733970.43146,211,21.04286,31.21281,44.18831,1,51,460
66fb35bf7835ef5c35ec52b0,66fb26d67835ef5c35ebc3ed,30/09/2024 17:35:27,2024,9,30,17,35,28,1,0.77024892891766,0.714285714285714,0.942593504706508,0.078138528138528,0.921861471861472,0,0,20,0,0,0.05,0,0,65.5032425649686,82.8210608406042,80.5596321463194,35.0526667604841,0,02:07:05 a.m.,1727733975.43625,209,21.06753,31.22082,44.23866,1,51,458
66fb35c57835ef5c35ec52e3,66fb26d67835ef5c35ebc3ed,30/09/2024 17:35:33,2024,9,30,17,35,33,1,0.702020202020202,0.678571428571429,0.936742424242424,0.062009803921569,0.937990196078431,0,0,19,0,0,0.052631578947368,0,0,63.0959702062643,79.7190656565657,77.7344877344877,33.7934385875562,0,02:07:10 a.m.,1727733980.43931,205,21.08604,31.16035,44.14444,1,58,474
66fb35ca7835ef5c35ec5316,66fb26d67835ef5c35ebc3ed,30/09/2024 17:35:38,2024,9,30,17,35,38,0.994949494949495,0.717703349282296,0.678571428571429,0.94110219845514,0.080221330956625,0.919778669043375,0,0,19,0,0,0.052631578947368,0,0,63.7508921032528,80.1443811176783,77.7398040555935,34.1254780221498,0,02:07:15 a.m.,1727733985.44383,210,21.07072,31.16112,44.21577,1,59,476
66fb35cf7835ef5c35ec534a,66fb26d67835ef5c35ebc3ed,30/09/2024 17:35:43,2024,9,30,17,35,44,0.98083466241361,0.687480063795853,0.714285714285714,0.933928571428572,0.068631695102283,0.926317799847212,0.005050505050505,0,20,0,0,0.05,0,0,63.5107580113385,80.2477358168148,79.1569833675097,33.8516070702603,0,02:07:20 a.m.,1727733990.448,201,21.06435,31.14967,44.25087,1,52,460
66fb35d57835ef5c35ec538c,66fb26d67835ef5c35ebc3ed,30/09/2024 17:35:49,2024,9,30,17,35,49,0.970823708570744,0.653075196074988,0.821428571428571,0.939639037433155,0.098338258748476,0.880797135441098,0.010732323232323,0.010132282578103,23,0,0,0.043478260869565,0,0,66.3013584284632,83.1302114662648,84.9411775035865,34.8330477225593,0,02:07:25 a.m.,1727733995.45497,227,21.04525,31.11839,44.3449,1,45,447
66fb35da7835ef5c35ec53bf,66fb26d67835ef5c35ebc3ed,30/09/2024 17:35:54,2024,9,30,17,35,55,0.946212548979348,0.646762657632223,0.821428571428571,0.942264752791069,0.085162533976151,0.870012398804357,0,0.044825067219492,23,0,0,0.043478260869565,0,0,65.4244397710544,82.6688734952725,84.139717331417,34.4183106480736,0,02:07:30 a.m.,1727734000.45942,207,21.07868,31.13804,44.43188,1,45,447
66fb35df7835ef5c35ec53f2,66fb26d67835ef5c35ebc3ed,30/09/2024 17:35:59,2024,9,30,17,35,0,1,0.699760765550239,0.714285714285714,1,0.076383106526647,0.911023426334431,0,0.012593467138922,20,0,0,0,0,0,65.2631320035626,82.494019138756,79.8547505126452,34.904295863626,0,02:07:35 a.m.,1727734005.46418,199,21.05639,31.13766,44.48996,1,36,427
66fb35e47835ef5c35ec5425,66fb26d67835ef5c35ebc3ed,30/09/2024 17:36:04,2024,9,30,17,36,5,1,0.728894205209995,0.714285714285714,1,0.056010179191294,0.943989820808706,0,0,20,0,0,0,0,0,65.1908104150751,83.2223551302499,80.1460849092428,34.99190098687,0,02:07:40 a.m.,1727734010.46805,210,21.02455,31.10352,44.46001,1,44,445
66fb35ea7835ef5c35ec5458,66fb26d67835ef5c35ebc3ed,30/09/2024 17:36:10,2024,9,30,17,36,10,1,0.767331206804891,0.714285714285714,1,0.0292663476874,0.966188197767145,0,0.004545454545455,20,0,0,0,0,0,65.0987696514012,84.1832801701223,80.5304549251918,35.1088326877801,0,02:07:45 a.m.,1727734015.47171,196,21.00226,31.12545,44.50932,1,46,449
66fb35ef7835ef5c35ec548b,66fb26d67835ef5c35ebc3ed,30/09/2024 17:36:15,2024,9,30,17,36,16,0.937368421052632,0.737894736842105,0.714285714285714,0.966013071895425,0.030898078529658,0.918496240601504,0.050605680868839,0,20,0,0,0,0,0,62.9355803724999,81.6582215342277,78.3571428571429,33.8646002260553,0,02:07:50 a.m.,1727734020.47926,208,20.98634,31.15768,44.50922,1,38,431
66fb35f57835ef5c35ec54be,66fb26d67835ef5c35ebc3ed,30/09/2024 17:36:21,2024,9,30,17,36,21,0.967676767676768,0.723099415204678,0.714285714285714,1,0.049207242705695,0.950792757294305,0,0,20,0,0,0,0,0,64.2873505063908,82.5926368952685,79.1184400394927,34.5426913987286,0,02:07:55 a.m.,1727734025.50118,196,20.95848,31.17065,44.52248,1,47,450
66fb35fa7835ef5c35ec54f1,66fb26d67835ef5c35ebc3ed,30/09/2024 17:36:26,2024,9,30,17,36,26,0.94120148856991,0.707309941520468,0.714285714285714,1,0.073928135847641,0.916502486161929,0,0.009569377990431,20,0,0,0,0,0,64.1390251475391,81.8007708665603,78.1662869294448,34.3672528022373,0,02:08:00 a.m.,1727734030.50363,204,20.94913,31.17313,44.4932,1,50,457
66fb35ff7835ef5c35ec5524,66fb26d67835ef5c35ebc3ed,30/09/2024 17:36:31,2024,9,30,17,36,32,0.901450596187439,0.68915090757196,0.75,0.979735434843794,0.064983801263002,0.881183269305982,0,0.053832929431016,21,0,0,0,0,0,63.4369020915601,81.4939175032054,78.9350269613428,33.8532073986619,0,02:08:05 a.m.,1727734035.50932,204,20.95629,31.21338,44.38934,1,44,446
66fb36047835ef5c35ec5557,66fb26d67835ef5c35ebc3ed,30/09/2024 17:36:36,2024,9,30,17,36,37,0.929220779220779,0.698051948051948,0.75,0.994949494949495,0.104827297745254,0.885337508209025,0,0.00983519404572,21,0,0,0,0,0,65.3501196730686,82.5133477633478,79.8571428571429,34.7704951996748,0,02:08:10 a.m.,1727734040.51554,198,20.96425,31.21529,44.3572,1,42,440
66fb360a7835ef5c35ec558a,66fb26d67835ef5c35ebc3ed,30/09/2024 17:36:42,2024,9,30,17,36,42,0.973553719008265,0.764462809917356,0.785714285714286,1,0.102113237639553,0.893341307814992,0,0.004545454545455,22,0,0,0,0,0,68.1337046127716,86.2148760330578,83.9940968122786,36.2584405227946,0,02:08:15 a.m.,1727734045.53151,208,20.94236,31.19125,44.3759,1,44,444
66fb360f7835ef5c35ec55bd,66fb26d67835ef5c35ebc3ed,30/09/2024 17:36:47,2024,9,30,17,36,47,1,0.704545454545455,0.714285714285714,1,0.063316993464052,0.936683006535948,0,0,20,0,0,0,0,0,65.008249511926,82.6136363636364,79.9025974025974,34.8214816229522,0,02:08:20 a.m.,1727734050.53566,199,20.93361,31.20708,44.36789,1,45,446
66fb36147835ef5c35ec55f0,66fb26d67835ef5c35ebc3ed,30/09/2024 17:36:52,2024,9,30,17,36,53,0.957363104731526,0.706645401382244,0.714285714285714,1,0.088548018888576,0.911451981111424,0,0,20,0,0,0,0,0,64.8177864447215,82.026581605529,78.6444900129111,34.6684223928806,0,02:08:25 a.m.,1727734055.54128,201,20.94913,31.20613,44.36331,1,48,452
66fb361a7835ef5c35ec5623,66fb26d67835ef5c35ebc3ed,30/09/2024 17:36:58,2024,9,30,17,36,58,0.949977215766689,0.640487582592846,0.75,1,0.105263157894737,0.894736842105263,0,0,21,0,0,0,0,0,64.9884370015949,81.5118478013215,79.9041922989291,34.4572795625427,0,02:08:30 a.m.,1727734060.54521,207,20.99132,31.18896,44.30208,1,44,445
66fb361f7835ef5c35ec5656,66fb26d67835ef5c35ebc3ed,30/09/2024 17:37:03,2024,9,30,17,37,3,0.954545454545455,0.625598086124402,0.714285714285714,1,0.054889060887513,0.945110939112487,0,0,20,0,0,0,0,0,62.7042497621058,79.9581339712919,77.7494873547505,33.4931831584308,0,02:08:35 a.m.,1727734065.54973,213,20.98176,31.2212,44.28511,1,33,420
66fb36247835ef5c35ec568a,66fb26d67835ef5c35ebc3ed,30/09/2024 17:37:08,2024,9,30,17,37,9,0.949760765550239,0.634688995215311,0.714285714285714,1,0.026737967914439,0.973262032085562,0,0,20,0,0,0,0,0,62.0411422942383,80.1136363636364,77.6968557758031,33.254734429657,0,02:08:40 a.m.,1727734070.56224,199,20.95709,31.24428,44.26661,1,32,419
66fb36297835ef5c35ec56bd,66fb26d67835ef5c35ebc3ed,30/09/2024 17:37:13,2024,9,30,17,37,14,0.953827751196172,0.653349282296651,0.714285714285714,1,0,1,0,0,20,0,0,0,0,0,61.7339371155161,80.6411483253588,78.0054682159945,33.2146274777854,0,02:08:45 a.m.,1727734075.56497,207,20.9953,31.19869,44.34004,1,31,417
66fb362f7835ef5c35ec56ff,66fb26d67835ef5c35ebc3ed,30/09/2024 17:37:19,2024,9,30,17,37,19,1,0.719298245614035,0.678571428571429,1,0,1,0,0,19,0,0,0,0,0,62.7537593984962,81.7324561403509,77.9072681704261,33.9786967418546,0,02:08:50 a.m.,1727734080.56836,204,20.98913,31.12984,44.31105,1,41,439
66fb36357835ef5c35ec5732,66fb26d67835ef5c35ebc3ed,30/09/2024 17:37:25,2024,9,30,17,37,25,1,0.662280701754386,0.678571428571429,1,0,1,0,0,19,0,0,0,0,0,61.8984962406015,80.3070175438596,77.3370927318296,33.4085213032581,0,02:08:55 a.m.,1727734085.57664,198,20.98594,31.14052,44.26708,1,35,425
66fb363a7835ef5c35ec5765,66fb26d67835ef5c35ebc3ed,30/09/2024 17:37:30,2024,9,30,17,37,30,0.995454545454545,0.700239234449761,0.714285714285714,1,0,1,0,0,20,0,0,0,0,0,63.2698222829802,82.4377990430622,79.7231715652768,34.0997949419002,0,02:09:00 a.m.,1727734090.5879,201,20.96485,31.15826,44.25974,1,38,432
66fb363f7835ef5c35ec5798,66fb26d67835ef5c35ebc3ed,30/09/2024 17:37:35,2024,9,30,17,37,36,0.986363636363637,0.666267942583732,0.714285714285714,1,0,1,0,0,20,0,0,0,0,0,62.5784347231716,81.4521531100479,79.1107313738893,33.6691729323308,0,02:09:05 a.m.,1727734095.59164,202,20.98515,31.17199,44.24448,1,39,433
66fb36457835ef5c35ec57cb,66fb26d67835ef5c35ebc3ed,30/09/2024 17:37:41,2024,9,30,17,37,41,1,0.684928229665072,0.714285714285714,0.995454545454545,0,1,0,0,20,0,0,0.004545454545455,0,0,63.0628844839371,82.0095693779904,79.7064251537936,33.9466848940533,0,02:09:10 a.m.,1727734100.59783,198,20.98196,31.16016,44.29846,1,39,434
66fb364a7835ef5c35ec57fe,66fb26d67835ef5c35ebc3ed,30/09/2024 17:37:46,2024,9,30,17,37,46,0.990909090909091,0.724823422191843,0.75,0.953804966962862,0,1,0,0,21,0,0,0.038961038961039,0,0,63.7476076555024,83.079346092504,81.9755069491912,34.195374800638,0,02:09:15 a.m.,1727734105.61005,195,20.95689,31.13995,44.35368,1,34,422
66fb364f7835ef5c35ec5831,66fb26d67835ef5c35ebc3ed,30/09/2024 17:37:51,2024,9,30,17,37,52,1,0.694497607655503,0.714285714285714,1,0.011363636363636,0.988636363636364,0,0,20,0,0,0,0,0,63.5586978810663,82.3624401913876,79.8021189336979,34.2014695830485,0,02:09:20 a.m.,1727734110.61457,204,20.92465,31.16264,44.39821,1,38,431
66fb36557835ef5c35ec5864,66fb26d67835ef5c35ebc3ed,30/09/2024 17:37:56,2024,9,30,17,37,57,0.959307359307359,0.634745955798587,0.75,1,0.069333036244801,0.925616458704694,0,0.005050505050505,21,0,0,0,0,0,64.190662429246,81.5082592845751,80.1266803372067,34.1338635135075,0,02:09:25 a.m.,1727734115.62616,201,20.90873,31.17676,44.36874,1,33,420
66fb365a7835ef5c35ec5897,66fb26d67835ef5c35ebc3ed,30/09/2024 17:38:02,2024,9,30,17,38,2,0.946969696969697,0.637229437229437,0.75,1,0.14800879609492,0.803726257793243,0,0.048264946111836,21,0,0,0,0,0,65.9480554002085,81.3852813852814,79.7813852813853,34.8220793029406,0,02:09:30 a.m.,1727734120.63536,195,20.975,31.17447,44.3141,1,36,427
66fb365f7835ef5c35ec58ca,66fb26d67835ef5c35ebc3ed,30/09/2024 17:38:07,2024,9,30,17,38,8,0.974203069657615,0.632133018496655,0.785714285714286,1,0.136714781606423,0.814132864977222,0,0.049152353416356,22,0,0,0,0,0,67.0267833536199,82.9163715072806,82.6902794175522,35.2876515547498,0,02:09:35 a.m.,1727734125.64212,205,20.96067,31.2067,44.29674,1,29,413
66fb36647835ef5c35ec58fd,66fb26d67835ef5c35ebc3ed,30/09/2024 17:38:12,2024,9,30,17,38,13,0.986796536796537,0.647186147186147,0.75,1,0.153206210713951,0.785670560090065,0,0.061123229195985,21,0,0,0,0,0,67.0238782115717,82.2316017316017,81.0757575757576,35.3718889469663,0,02:09:40 a.m.,1727734130.64702,202,20.94455,31.17905,44.29321,1,20,400
66fb366a7835ef5c35ec5930,66fb26d67835ef5c35ebc3ed,30/09/2024 17:38:18,2024,9,30,17,38,18,1,0.676315789473684,0.714285714285714,1,0.114949807674266,0.843320980704882,0,0.041729211620853,20,0,0,0,0,0,65.8756248911048,81.9078947368421,79.6203007518797,35.0555131143366,0,02:09:45 a.m.,1727734135.65633,195,20.92624,31.16722,44.30933,1,34,423
66fb366f7835ef5c35ec5964,66fb26d67835ef5c35ebc3ed,30/09/2024 17:38:23,2024,9,30,17,38,24,1,0.706459330143541,0.714285714285714,1,0.114988116458705,0.821457219251337,0,0.063554664289958,20,0,0,0,0,0,66.3287357207636,82.6614832535885,79.9217361585783,35.3573316088796,0,02:09:50 a.m.,1727734140.66118,202,20.94575,31.19869,44.31725,1,38,433
66fb36757835ef5c35ec59a5,66fb26d67835ef5c35ebc3ed,30/09/2024 17:38:29,2024,9,30,17,38,29,0.977922077922078,0.688323080428344,0.75,1,0.086675579322638,0.902592097445039,0,0.010732323232323,21,0,0,0,0,0,65.8001772479327,83.1269081795398,81.2208931419458,35.0292073767306,0,02:09:55 a.m.,1727734145.66746,204,20.96644,31.16589,44.28902,1,43,442
66fb367a7835ef5c35ec59d9,66fb26d67835ef5c35ebc3ed,30/09/2024 17:38:34,2024,9,30,17,38,35,0.983077528532074,0.658697363242818,0.785714285714286,1,0.076485442661913,0.923514557338087,0,0,22,0,0,0,0,0,66.0970042286887,83.7135970090515,83.2221566312476,35.0397462015109,0,02:10:00 a.m.,1727734150.67292,196,20.97599,31.19869,44.26823,1,43,443
66fb36807835ef5c35ec5a0c,66fb26d67835ef5c35ebc3ed,30/09/2024 17:38:40,2024,9,30,17,38,40,1,0.718201754385965,0.714285714285714,1,0.104779104624306,0.895220895375694,0,0,20,0,0,0,0,0,66.24964678854,82.9550438596491,80.0391604010025,35.3726657329599,0,02:10:05 a.m.,1727734155.67647,198,21.02714,31.17409,44.18135,1,42,440
66fb36857835ef5c35ec5a3f,66fb26d67835ef5c35ebc3ed,30/09/2024 17:38:45,2024,9,30,17,38,45,0.995670995670996,0.606732740943267,0.75,1,0.104918754510649,0.895081245489351,0,0,21,0,0,0,0,0,65.3873798903351,81.3533834586466,80.9374572795625,34.5732249112491,0,02:10:10 a.m.,1727734160.68327,201,21.01918,31.17771,44.21358,1,34,422
66fb368a7835ef5c35ec5a72,66fb26d67835ef5c35ebc3ed,30/09/2024 17:38:50,2024,9,30,17,38,50,0.987012987012987,0.629573934837093,0.75,1,0.098044698523167,0.901955301476833,0,0,21,0,0,0,0,0,65.3849862258953,81.7945431761221,80.9061289587605,34.6463162037325,0,02:10:15 a.m.,1727734165.69104,202,21.05102,31.15387,44.19012,1,40,436
66fb368f7835ef5c35ec5aa5,66fb26d67835ef5c35ebc3ed,30/09/2024 17:38:55,2024,9,30,17,38,56,1,0.722488038277512,0.714285714285714,1,0.102969545074808,0.897030454925192,0,0,20,0,0,0,0,0,66.2687020581758,83.0622009569378,80.082023239918,35.3974329763804,0,02:10:20 a.m.,1727734170.69671,205,21.03808,31.1945,44.16609,1,35,425
66fb36957835ef5c35ec5ad8,66fb26d67835ef5c35ebc3ed,30/09/2024 17:39:01,2024,9,30,17,39,1,1,0.712918660287081,0.75,1,0.082964988228146,0.917035011771854,0,0,21,0,0,0,0,0,66.5179046100099,84.072966507177,82.1291866028708,35.4588364851523,0,02:10:25 a.m.,1727734175.70332,207,21.03967,31.18343,44.16513,1,40,435
66fb369a7835ef5c35ec5b0b,66fb26d67835ef5c35ebc3ed,30/09/2024 17:39:06,2024,9,30,17,39,6,1,0.691866028708134,0.75,1,0.117576099789539,0.882423900210461,0,0,21,0,0,0,0,0,67.0673929253605,83.5466507177034,81.9186602870813,35.5944212849767,0,02:10:30 a.m.,1727734180.7093,205,21.04962,31.16341,44.14196,1,44,445
66fb369f7835ef5c35ec5b3e,66fb26d67835ef5c35ebc3ed,30/09/2024 17:39:11,2024,9,30,17,39,12,1,0.72177033492823,0.714285714285714,1,0.146231280681041,0.853768719318959,0,0,20,0,0,0,0,0,67.3394798980923,83.0442583732058,80.0748462064252,35.8228732989499,0,02:10:35 a.m.,1727734185.71499,208,21.07112,31.17313,44.1534,1,53,462
66fb36a57835ef5c35ec5b71,66fb26d67835ef5c35ebc3ed,30/09/2024 17:39:17,2024,9,30,17,39,17,0.986580086580086,0.720414673046252,0.75,1,0.119396902244832,0.822123040263253,0,0.058480057491915,21,0,0,0,0,0,67.2727443834163,84.0590681248576,81.8015493278651,35.7639166187117,0,02:10:40 a.m.,1727734190.72187,204,21.0743,31.13823,44.17791,1,34,422
66fb36aa7835ef5c35ec5ba4,66fb26d67835ef5c35ebc3ed,30/09/2024 17:39:22,2024,9,30,17,39,23,0.974795955033109,0.664678044374321,0.821428571428571,1,0.138296288691546,0.769702958438136,0,0.092000752870318,23,0,0,0,0,0,68.4592112692799,84.9888904348547,85.1763733804508,35.9919885952755,0,02:10:45 a.m.,1727734195.7278,195,21.07768,31.19411,44.14053,1,37,430
66fb36b57835ef5c35ec5be7,66fb26d67835ef5c35ebc3ed,30/09/2024 17:39:33,2024,9,30,17,39,33,0.9704472734117,0.668709322713899,0.821428571428571,1,0.33124967917458,0.521970124736923,0,0.146780196088496,23,0,0,0,0,0,73.2565415740213,85.024442169023,85.0862257152043,37.9183484672875,0,02:10:50 a.m.,1727734200.73465,199,21.02992,31.20785,44.12012,1,33,420
66fb36ba7835ef5c35ec5c1a,66fb26d67835ef5c35ebc3ed,30/09/2024 17:39:38,2024,9,30,17,39,39,0.936557302346776,0.721998177261335,0.75,1,0.192563628322142,0.695870692774718,0,0.11156567890314,21,0,0,0,0,0,68.1252094139091,83.348313966735,80.3167008430166,36.0111910793025,0,02:10:55 a.m.,1727734205.74029,204,20.9947,31.19583,44.10877,1,38,431
66fb36c07835ef5c35ec5c4e,66fb26d67835ef5c35ebc3ed,30/09/2024 17:39:43,2024,9,30,17,39,44,0.987698412698413,0.761225981620719,0.75,0.996031746031746,0.306186868686869,0.064393939393939,0,0.629419191919192,21,0,0,0.003968253968254,0,0,72.5175058859269,84.9969193817878,82.2432121971596,38.0114300903775,0,02:11:00 a.m.,1727734210.74968,198,21.03709,31.20575,44.03133,1,53,462
66fb36c57835ef5c35ec5c8f,66fb26d67835ef5c35ebc3ed,30/09/2024 17:39:49,2024,9,30,17,39,49,0.95995670995671,0.715595807701071,0.785714285714286,0.950128420224114,0.057351607549236,0.843802508427014,0,0.09884588402375,22,0,0,0.045454545454546,0,0,65.2616449496,83.5424563474803,83.0975165185692,34.6874683114542,0,02:11:05 a.m.,1727734215.75437,201,21.05301,31.23894,43.95151,1,49,455
66fb36ca7835ef5c35ec5cc3,66fb26d67835ef5c35ebc3ed,30/09/2024 17:39:54,2024,9,30,17,39,55,0.91441404445357,0.65028831511045,0.821428571428571,0.944558588985834,0.045831175735482,0.885545130042738,0,0.06862369422178,23,0,0,0.043478260869565,0,0,63.892478129617,82.3373832692106,83.2210187704259,33.7652069571391,0,02:11:10 a.m.,1727734220.75959,205,21.0343,31.23856,43.98003,1,46,449
66fb36d07835ef5c35ec5cf6,66fb26d67835ef5c35ebc3ed,30/09/2024 17:40:00,2024,9,30,17,40,0,0.857679277244495,0.66034255599473,0.821428571428571,0.947217062263502,0.074562815626216,0.83964531572285,0.016437908496732,0.069353960154202,23,0,0,0.043478260869565,0,0,63.6667644951331,81.8041796151232,81.6195181629964,33.6123028255751,0,02:11:15 a.m.,1727734225.77147,196,21.01838,31.2254,43.98527,1,43,443
66fb36d57835ef5c35ec5d29,66fb26d67835ef5c35ebc3ed,30/09/2024 17:40:05,2024,9,30,17,40,6,0.95179311916154,0.686185919343814,0.785714285714286,0.944702442380461,0.059949690402477,0.830150928792569,0.054949690402477,0.054949690402477,22,0,0,0.045454545454546,0,0,64.640787212014,82.54910583053,82.5585099111415,34.2834545700258,0,02:11:20 a.m.,1727734230.78202,195,21.0142,31.21891,43.94331,1,46,448
66fb36da7835ef5c35ec5d5c,66fb26d67835ef5c35ebc3ed,30/09/2024 17:40:10,2024,9,30,17,40,11,0.955238095238095,0.705112781954887,0.75,0.942202442380461,0.055214729501814,0.843284061457604,0.056621147730988,0.044880061309594,21,0,0,0.047619047619048,0,0,63.9448585073375,81.7614520369551,80.7082706766917,34.0776804907526,0,02:11:25 a.m.,1727734235.78573,198,20.98594,31.1903,43.98346,1,48,453
66fb36e07835ef5c35ec5d8f,66fb26d67835ef5c35ebc3ed,30/09/2024 17:40:16,2024,9,30,17,40,17,0.948030303030303,0.663961038961039,0.785714285714286,0.941965514275886,0.051190476190476,0.851457811194653,0.045898078529658,0.051453634085213,22,0,0,0.045454545454546,0,0,63.972123406779,81.8686183763777,82.2233766233766,33.9086161817199,0,02:11:30 a.m.,1727734240.78932,199,20.98276,31.20117,44.01264,1,37,431
66fb36e67835ef5c35ec5dc2,66fb26d67835ef5c35ebc3ed,30/09/2024 17:40:22,2024,9,30,17,40,22,0.947522847522848,0.688985088985089,0.785714285714286,0.944435366739288,0.034595748630836,0.83764039728952,0.075299359509886,0.052464494569758,22,0,0,0.045454545454546,0,0,63.9595146449507,82.5483541059521,82.4583934583935,34.0125333759235,0,02:11:35 a.m.,1727734245.79243,195,20.97301,31.21891,43.97306,1,41,437
66fb36eb7835ef5c35ec5df5,66fb26d67835ef5c35ebc3ed,30/09/2024 17:40:27,2024,9,30,17,40,27,0.978835978835979,0.689417989417989,0.75,0.947827903091061,0.033416875522139,0.868535035846697,0.062504436472445,0.035543652158719,21,0,0,0.047619047619048,0,0,63.7208298524088,81.8636869952659,81.2592592592593,33.9949874686717,0,02:11:40 a.m.,1727734250.79867,198,21.01758,31.19774,44.03372,1,44,444
66fb36f07835ef5c35ec5e28,66fb26d67835ef5c35ebc3ed,30/09/2024 17:40:32,2024,9,30,17,40,33,0.959114959114959,0.662337662337663,0.785714285714286,0.951559454191033,0.085689813759989,0.80065061644009,0.064525792595968,0.049133777203953,22,0,0,0.04040404040404,0,0,65.1758584170865,82.2341522999418,82.5396825396826,34.4441617511793,0,02:11:45 a.m.,1727734255.80447,205,21.00883,31.21891,44.1411,1,51,460
66fb36f67835ef5c35ec5e5b,66fb26d67835ef5c35ebc3ed,30/09/2024 17:40:37,2024,9,30,17,40,38,0.956028961292119,0.726148705096074,0.75,0.986928104575163,0.031590413943355,0.865922294843864,0.057416485112564,0.045070806100218,21,0,0,0.010582010582011,0,0,64.3564917194948,83.4173546611627,80.9423558897243,34.5069618490671,0,02:11:50 a.m.,1727734260.80812,202,21.01301,31.24123,44.08226,1,56,469
66fb36fb7835ef5c35ec5e8e,66fb26d67835ef5c35ebc3ed,30/09/2024 17:40:43,2024,9,30,17,40,43,0.968831168831169,0.684973798131693,0.75,0.946251993620415,0.104743643869031,0.846193357725865,0.019191919191919,0.029871079213185,21,0,0,0.047619047619048,0,0,65.2136013496308,81.5631123262702,80.914673046252,34.5480060445231,0,02:11:55 a.m.,1727734265.81278,199,21.00604,31.21529,44.10238,1,55,468
66fb37017835ef5c35ec5ec2,66fb26d67835ef5c35ebc3ed,30/09/2024 17:40:49,2024,9,30,17,40,49,1,0.733918128654971,0.75,0.946729773780858,0.059882191180566,0.886569262207807,0,0.053548546611627,21,0,0,0.047619047619048,0,0,65.4567733160516,83.2661975608957,82.3391812865497,34.9053009361639,0,02:12:00 a.m.,1727734270.822,196,20.99569,31.17828,44.05746,1,56,469
66fb37067835ef5c35ec5f04,66fb26d67835ef5c35ebc3ed,30/09/2024 17:40:54,2024,9,30,17,40,55,0.986842105263158,0.753167641325536,0.678571428571429,0.941619008714597,0.051430659983292,0.863739209133946,0,0.084830130882763,19,0,0,0.052631578947368,0,0,63.4086940697332,80.9222978299507,77.8512252854358,34.1163084385801,0,02:12:05 a.m.,1727734275.83116,195,20.97221,31.19926,44.01503,1,42,440
66fb370b7835ef5c35ec5f37,66fb26d67835ef5c35ebc3ed,30/09/2024 17:40:59,2024,9,30,17,40,0,0.96140350877193,0.676659786721706,0.75,0.945754091110128,0.045206411945542,0.846190162494511,0.068952569169961,0.039650856389987,21,0,0,0.047619047619048,0,0,63.4444386415547,81.2313995773748,80.6087031303749,33.7902379854931,0,02:12:10 a.m.,1727734280.83593,190,20.98236,31.20441,44.04745,1,49,455
66fb37117835ef5c35ec5f6a,66fb26d67835ef5c35ebc3ed,30/09/2024 17:41:05,2024,9,30,17,41,5,1,0.647715545548363,0.785714285714286,0.97874852420307,0.062150728059819,0.892268347095254,0,0.045580924844927,22,0,0,0.016528925619835,0,0,65.5935863906241,83.1616017437858,83.6200125983408,34.7432908352554,0,02:12:15 a.m.,1727734285.85124,195,20.99669,31.20518,44.03238,1,49,455
66fb37167835ef5c35ec5f9d,66fb26d67835ef5c35ebc3ed,30/09/2024 17:41:10,2024,9,30,17,41,11,0.99537037037037,0.626633986928105,0.678571428571429,1,0.059292665127905,0.917423251805403,0,0.023284083066692,19,0,0,0,0,0,62.7535195538123,79.3464052287582,76.8417366946779,33.5986845099781,0,02:12:20 a.m.,1727734290.85836,196,20.9935,31.21471,43.95447,1,50,458
66fb371c7835ef5c35ec5fd0,66fb26d67835ef5c35ebc3ed,30/09/2024 17:41:16,2024,9,30,17,41,16,0.994949494949495,0.685383244206774,0.678571428571429,0.995215311004785,0.047848983760155,0.816735942443244,0.087566090036446,0.047848983760155,19,0,0,0.004784688995215,0,0,63.2684785354529,80.6892063045314,77.4166030048383,34.0196846249264,0,02:12:25 a.m.,1727734295.86337,193,20.93301,31.19774,43.96763,1,43,442
66fb37217835ef5c35ec6003,66fb26d67835ef5c35ebc3ed,30/09/2024 17:41:21,2024,9,30,17,41,22,1,0.724441004471964,0.678571428571429,0.947076023391813,0.029887977519557,0.821988683830789,0.097972203235361,0.050151135414293,19,0,0,0.052631578947368,0,0,62.7842405702313,80.5379256965944,77.9586957590054,33.7997643395476,0,02:12:30 a.m.,1727734300.87021,204,20.93619,31.17294,43.94579,1,55,467
66fb37277835ef5c35ec6036,66fb26d67835ef5c35ebc3ed,30/09/2024 17:41:27,2024,9,30,17,41,27,0.968391812865497,0.661704506363949,0.714285714285714,1,0.005,0.780704420316077,0.161049907377139,0.053245672306784,20,0,0,0,0,0,62.275546709912,81.0684898520812,78.5259423067473,33.4938203351516,0,02:12:35 a.m.,1727734305.87651,205,20.97699,31.20346,43.97182,1,56,469
66fb372c7835ef5c35ec6069,66fb26d67835ef5c35ebc3ed,30/09/2024 17:41:32,2024,9,30,17,41,33,0.99537037037037,0.655701754385965,0.678571428571429,1,0.056045416571732,0.891297372218425,0,0.052657211209843,19,0,0,0,0,0,63.1083548517759,80.0730994152047,77.1324143692565,33.856889698995,0,02:12:40 a.m.,1727734310.88545,201,20.95749,31.20766,43.91298,1,58,472
66fb37327835ef5c35ec609c,66fb26d67835ef5c35ebc3ed,30/09/2024 17:41:37,2024,9,30,17,41,38,0.944944804077931,0.638239984989211,0.678571428571429,1,0.004545454545455,0.93356787691153,0.004545454545455,0.057341213997561,19,0,0,0,0,0,60.5504179343189,78.8801716858992,75.4450296865158,32.6630167218403,0,02:12:45 a.m.,1727734315.89264,196,20.94575,31.22272,43.92548,2,71,497
66fb373d7835ef5c35ec6112,66fb26d67835ef5c35ebc3ed,30/09/2024 17:41:49,2024,9,30,17,41,50,0.831152882205514,0.672857142857143,0.75,0.885693400167085,0.148608474219727,0.821802592973948,0,0.029588932806324,21,0,0,0.080952380952381,0,0,62.4665276449669,77.6810568086884,76.6631578947368,32.8831189944947,0,02:12:55 a.m.,1727734325.90392,202,21.02415,31.24046,43.85996,1,47,450
66fb37437835ef5c35ec6145,66fb26d67835ef5c35ebc3ed,30/09/2024 17:41:55,2024,9,30,17,41,55,0.832262474367737,0.650934153565733,0.75,0.885539606592238,0.139152250911144,0.810331434046849,0,0.050516315042007,21,0,0,0.069264069264069,0,0,61.9211621625029,77.1457811194653,76.4772157666894,32.5788848543685,0,02:13:00 a.m.,1727734330.91358,198,21.02415,31.25229,43.79597,1,48,452
66fb37487835ef5c35ec6178,66fb26d67835ef5c35ebc3ed,30/09/2024 17:42:00,2024,9,30,17,42,1,0.845454545454545,0.677272727272727,0.75,0.946843490187144,0.144106359566351,0.841808788685586,0,0.014084851748064,21,0,0,0.047619047619048,0,0,63.6234931601477,79.534723618315,77.1363636363636,33.6367712248077,0,02:13:05 a.m.,1727734335.9171,193,21.04127,31.24866,43.78204,1,48,454
66fb374e7835ef5c35ec61ab,66fb26d67835ef5c35ebc3ed,30/09/2024 17:42:05,2024,9,30,17,42,6,0.844306845545236,0.685946148794446,0.75,0.95021645021645,0.145977186948687,0.833327434648425,0,0.020695378402888,21,0,0,0.047619047619048,0,0,63.8280055697853,79.8186676584509,77.1886668543015,33.7644663150482,0,02:13:10 a.m.,1727734340.9278,192,21.04445,31.24847,43.70222,1,37,429
66fb37537835ef5c35ec61de,66fb26d67835ef5c35ebc3ed,30/09/2024 17:42:11,2024,9,30,17,42,12,0.87719298245614,0.703460038986355,0.75,0.948593706488443,0.144692883394256,0.823384919809405,0,0.031922196796339,21,0,0,0.047619047619048,0,0,64.6919879161012,80.7092383737121,78.3503898635478,34.2393961132519,0,02:13:15 a.m.,1727734345.93362,195,21.08903,31.22597,43.73074,1,41,439
66fb37587835ef5c35ec6211,66fb26d67835ef5c35ebc3ed,30/09/2024 17:42:16,2024,9,30,17,42,17,0.888888888888889,0.671717171717172,0.714285714285714,0.930356193514088,0.107809184279772,0.887861811391223,0,0.004329004329004,20,0,0,0.068181818181818,0,0,62.3612507203839,78.3851674641148,76.2409812409812,33.1305715268564,0,02:13:20 a.m.,1727734350.93737,199,21.09738,31.20861,43.81142,1,37,429
66fb375e7835ef5c35ec6244,66fb26d67835ef5c35ebc3ed,30/09/2024 17:42:22,2024,9,30,17,42,22,0.893141945773525,0.641148325358852,0.75,0.935528214475583,0.102942333958377,0.897057666041623,0,0,21,0,0,0.060606060606061,0,0,62.8365453619464,79.0640426824637,78.2057416267943,33.2276081956634,0,02:13:25 a.m.,1727734355.94982,202,21.07171,31.19831,43.81256,1,38,433
66fb37637835ef5c35ec6277,66fb26d67835ef5c35ebc3ed,30/09/2024 17:42:27,2024,9,30,17,42,28,0.893141945773525,0.669590643274854,0.714285714285714,0.948325358851674,0.082093379616599,0.9179066203834,0,0,20,0,0,0.05,0,0,62.0410562949263,78.8450292397661,76.3473076630971,33.0743704180237,0,02:13:30 a.m.,1727734360.9597,202,21.03669,31.19125,43.84184,1,46,449
66fb37687835ef5c35ec62aa,66fb26d67835ef5c35ebc3ed,30/09/2024 17:42:32,2024,9,30,17,42,33,0.888888888888889,0.661616161616162,0.714285714285714,0.936177565124934,0.055256944012925,0.944743055987075,0,0,20,0,0,0.054545454545455,0,0,60.9832501363602,78.2781765018607,76.1399711399712,32.5622527392862,0,02:13:35 a.m.,1727734365.96764,199,21.04266,31.20384,43.84232,1,36,427
66fb376e7835ef5c35ec62dd,66fb26d67835ef5c35ebc3ed,30/09/2024 17:42:38,2024,9,30,17,42,38,0.924257897603486,0.688214869281046,0.678571428571429,0.935803305240225,0.073735695188784,0.906914753396447,0,0.019349551414769,19,0,0,0.052631578947368,0,0,61.6531086638941,78.214322827084,75.3241713352008,33.0058319588497,0,02:13:40 a.m.,1727734370.9794,199,21.01042,31.19602,43.89935,1,38,432
66fb37737835ef5c35ec6310,66fb26d67835ef5c35ebc3ed,30/09/2024 17:42:43,2024,9,30,17,42,43,0.939171122994653,0.667780748663102,0.642857142857143,0.898262032085562,0.135722323235325,0.811296454395061,0,0.052981222369614,18,0,0,0.070707070707071,0,0,61.7385508234347,75.7386363636364,73.4243697478992,32.8379336983578,0,02:13:45 a.m.,1727734375.98669,198,21.01679,31.18706,43.855,1,46,449
66fb37797835ef5c35ec6344,66fb26d67835ef5c35ebc3ed,30/09/2024 17:42:48,2024,9,30,17,42,49,0.941414760348584,0.678206699346405,0.642857142857143,0.935714285714286,0.121926240852072,0.831663156039755,0,0.046410603108173,18,0,0,0.055555555555556,0,0,62.1566945756124,76.969246031746,73.5959383753501,33.2011912911849,0,02:13:50 a.m.,1727734380.99622,198,21.014,31.1903,43.86063,1,54,465
66fb377e7835ef5c35ec6386,66fb26d67835ef5c35ebc3ed,30/09/2024 17:42:54,2024,9,30,17,42,55,0.937091503267974,0.748366013071895,0.642857142857143,0.932032203907204,0.118271950737626,0.823705563865747,0,0.058022485396627,18,0,0,0.055555555555556,0,0,62.9760306599152,78.5663279734971,74.1678338001867,33.7861881384184,0,02:13:55 a.m.,1727734386.0001,201,20.98495,31.18,43.85366,1,40,436
66fb37847835ef5c35ec63b9,66fb26d67835ef5c35ebc3ed,30/09/2024 17:43:00,2024,9,30,17,43,0,0.937459150326797,0.698366013071895,0.714285714285714,0.940295335970646,0.11470532391585,0.843481177691704,0,0.041813498392446,20,0,0,0.05,0,0,64.0538791972132,80.0284209809655,77.9645774976657,34.051115375709,0,02:14:00 a.m.,1727734391.00738,195,20.9754,31.06804,43.80655,1,42,440
66fb37897835ef5c35ec63ec,66fb26d67835ef5c35ebc3ed,30/09/2024 17:43:05,2024,9,30,17,43,5,0.937789661319073,0.716065062388592,0.75,0.949908863066758,0.138945639340896,0.797779888096093,0,0.06327447256301,21,0,0,0.047619047619048,0,0,65.9690430917341,81.9661930561698,80.2943404634581,34.9270922611532,0,02:14:05 a.m.,1727734396.02035,190,20.9945,31.14319,43.83249,1,36,428
66fb378e7835ef5c35ec641f,66fb26d67835ef5c35ebc3ed,30/09/2024 17:43:10,2024,9,30,17,43,11,0.942661913250149,0.749851455733809,0.857142857142857,0.929963810892665,0.133996971408039,0.817008367126944,0,0.048994661465017,24,0,0,0.045454545454546,0,0,68.8289629781725,86.1353103644141,87.206943383414,36.1361700842752,0,02:14:10 a.m.,1727734401.02575,199,20.99569,31.13079,43.8283,1,39,433
66fb37947835ef5c35ec6452,66fb26d67835ef5c35ebc3ed,30/09/2024 17:43:16,2024,9,30,17,43,16,0.943256090314914,0.675282234105764,0.75,0.923160173160173,0.137360237764061,0.821303962261695,0,0.041335799974244,21,0,0,0.069264069264069,0,0,65.0257638593889,80.3599015363721,80.050505050505,34.2905873534491,0,02:14:15 a.m.,1727734406.03198,192,21.00405,31.13022,43.87236,1,50,458
66fb37997835ef5c35ec6485,66fb26d67835ef5c35ebc3ed,30/09/2024 17:43:21,2024,9,30,17,43,21,0.941473559120618,0.729055258467023,0.75,0.940119237487659,0.094693344932579,0.84667669518148,0,0.058629959885941,21,0,0,0.047619047619048,0,0,64.9844222450471,82.1014657856763,80.5347593582888,34.5534140000788,0,02:14:20 a.m.,1727734411.03603,187,21.02594,31.14796,43.84279,1,44,445
66fb379e7835ef5c35ec64b8,66fb26d67835ef5c35ebc3ed,30/09/2024 17:43:26,2024,9,30,17,43,27,0.941473559120618,0.813428401663696,0.785714285714286,0.926223616893473,0.104296442369901,0.828646680507784,0,0.067056877122315,22,0,0,0.045454545454546,0,0,67.1745196628746,85.1134038507385,83.5213479331127,35.7113630576197,0,02:14:25 a.m.,1727734416.03944,198,21.04226,31.14376,43.82582,1,62,480
66fb37a47835ef5c35ec64eb,66fb26d67835ef5c35ebc3ed,30/09/2024 17:43:32,2024,9,30,17,43,32,0.887197569086114,0.780329090700608,0.785714285714286,0.937914862914863,0.102112344140208,0.848164864031737,0,0.049722791828055,22,0,0,0.045454545454546,0,0,65.7132764323167,83.7640623766785,81.5620751224466,34.9326815255608,0,02:14:30 a.m.,1727734421.04358,187,21.03629,31.17867,43.86129,1,46,448
66fb37a97835ef5c35ec651e,66fb26d67835ef5c35ebc3ed,30/09/2024 17:43:37,2024,9,30,17,43,37,0.935344153610408,0.725662194702442,0.821428571428571,0.872628030730798,0.06266222597492,0.912882696938424,0,0.024455077086656,23,0,0,0.08695652173913,0,0,64.783506388794,82.7374179399871,84.6026608410509,34.1772517644714,0,02:14:35 a.m.,1727734426.0472,196,21.02674,31.15406,43.84766,1,49,456
66fb37ae7835ef5c35ec6551,66fb26d67835ef5c35ebc3ed,30/09/2024 17:43:42,2024,9,30,17,43,42,0.941473559120618,0.781937017231135,0.857142857142857,0.889986599628788,0.06610692994031,0.909793362030907,0,0.024099708028782,24,0,0,0.083333333333333,0,0,66.9895701123904,85.9201938083073,87.4921483745013,35.3664696306371,0,02:14:40 a.m.,1727734431.05367,192,21.03231,31.13632,43.8303,1,52,461
66fb37b37835ef5c35ec6584,66fb26d67835ef5c35ebc3ed,30/09/2024 17:43:47,2024,9,30,17,43,48,0.930887825624668,0.721158958001063,0.821428571428571,0.899273426109291,0.178465927665012,0.752785665205054,0,0.068748407129934,23,0,0,0.08695652173913,0,0,67.9216047514882,83.2241269871289,84.423938634465,35.5121470882861,0,02:14:45 a.m.,1727734436.05822,186,21.08126,31.16856,43.83144,1,41,438
66fb37b97835ef5c35ec65b7,66fb26d67835ef5c35ebc3ed,30/09/2024 17:43:52,2024,9,30,17,43,53,0.933155080213904,0.72311348781937,0.75,0.896605149236728,0.20583132282737,0.73463032356313,0,0.0595383536095,21,0,0,0.095238095238095,0,0,66.8546642308038,80.740292129611,80.2257872846108,35.0870504009737,0,02:14:50 a.m.,1727734441.06447,198,21.0749,31.1903,43.78805,1,48,452
66fb37be7835ef5c35ec65ea,66fb26d67835ef5c35ebc3ed,30/09/2024 17:43:58,2024,9,30,17,43,58,0.943025455796354,0.714854947827084,0.75,0.896790587580061,0.197239475500345,0.730369847543761,0,0.072390676955894,21,0,0,0.095238095238095,0,0,66.7161790345429,80.6865202221239,80.4393131521615,35.0191046670384,0,02:14:55 a.m.,1727734446.06968,190,21.07171,31.16264,43.82715,1,58,473
66fb37c37835ef5c35ec661d,66fb26d67835ef5c35ebc3ed,30/09/2024 17:44:03,2024,9,30,17,44,4,0.942067736185383,0.72756981580511,0.714285714285714,0.89611908559277,0.171802439984258,0.758205430932704,0,0.069992129083038,20,0,0,0.1,0,0,65.3488921014252,79.7232385777277,78.3948731007555,34.5184479185324,0,02:15:00 a.m.,1727734451.07425,192,21.07171,31.10485,43.82057,1,60,477
66fb37c97835ef5c35ec6659,66fb26d67835ef5c35ebc3ed,30/09/2024 17:44:09,2024,9,30,17,44,9,0.931696479761495,0.691981997477354,0.75,0.901147886055007,0.143065110899779,0.770110780079315,0,0.086824109020905,21,0,0,0.091269841269841,0,0,64.8575056207098,80.0536942847314,79.8707143676184,34.1789147419364,0,02:15:05 a.m.,1727734456.07929,187,21.03191,31.14243,43.80817,1,57,472
66fb37ce7835ef5c35ec6693,66fb26d67835ef5c35ebc3ed,30/09/2024 17:44:14,2024,9,30,17,44,15,0.991228070175439,0.725194931773879,0.785714285714286,0.908008658008658,0.166666666666667,0.775999025341131,0,0.057334307992203,22,0,0,0.090909090909091,0,0,68.1321390597706,83.198510797195,84.1316485658591,35.7681261233893,0,02:15:10 a.m.,1727734461.08502,196,20.99689,31.07624,43.77203,1,58,473
66fb37d47835ef5c35ec66c6,66fb26d67835ef5c35ebc3ed,30/09/2024 17:44:20,2024,9,30,17,44,20,0.985645933014354,0.667198298777246,0.857142857142857,0.906676163099088,0.152350918618861,0.754162610382706,0,0.093486470998433,24,0,0,0.083333333333333,0.003787878787879,0,68.558379982475,84.1315505421237,87.6699324067745,35.6901417065241,0,02:15:15 a.m.,1727734466.09093,192,20.96465,31.11382,43.81294,1,53,463
66fb37d97835ef5c35ec66f9,66fb26d67835ef5c35ebc3ed,30/09/2024 17:44:25,2024,9,30,17,44,25,0.967676767676768,0.767715858273134,0.75,0.90706311232627,0.178825852510063,0.711152882205514,0,0.110021265284423,21,0,0,0.086580086580087,0,0,67.695866225278,82.6346257801366,81.7074616130344,35.7128159078623,0,02:15:20 a.m.,1727734471.09795,190,20.98375,31.13289,43.79835,1,49,455
66fb37df7835ef5c35ec672c,66fb26d67835ef5c35ebc3ed,30/09/2024 17:44:30,2024,9,30,17,44,31,0.954283435862383,0.760628844839371,0.785714285714286,0.905076741440378,0.172466034531772,0.733229438430187,0,0.094304527038041,22,0,0,0.090909090909091,0,0,68.0257605175953,83.4568911949295,83.3776486671223,35.7816934238819,0,02:15:25 a.m.,1727734476.10167,187,21.00266,31.0936,43.77451,1,57,472
66fb37e47835ef5c35ec675f,66fb26d67835ef5c35ebc3ed,30/09/2024 17:44:36,2024,9,30,17,44,36,0.977272727272727,0.760765550239234,0.857142857142857,0.910823366356963,0.139769428962273,0.790968528039466,0,0.069262042998261,24,0,0,0.083333333333333,0,0,69.5420954470258,86.4488138239959,88.3544087491456,36.4577392997406,0,02:15:30 a.m.,1727734480.10535,192,20.99948,31.09837,43.72053,1,57,471
66fb37e97835ef5c35ec6792,66fb26d67835ef5c35ebc3ed,30/09/2024 17:44:41,2024,9,30,17,44,42,0.995454545454545,0.766507177033493,0.892857142857143,0.911130674332255,0.14558595554643,0.725291480587923,0,0.129122563865647,25,0,0,0.08,0,0,71.0347361396665,88.1227644659619,91.1001367053999,37.1153549522387,0,02:15:35 a.m.,1727734485.11094,190,20.93619,31.0133,43.67924,1,49,454
66fb37ef7835ef5c35ec67c5,66fb26d67835ef5c35ebc3ed,30/09/2024 17:44:47,2024,9,30,17,44,47,0.987406532861079,0.732823795024752,0.821428571428571,0.910887531440891,0.175938521294253,0.733101055729514,0,0.090960422976233,23,0,0,0.08695652173913,0,0,69.3379778722768,84.6538811545573,86.2361482217942,36.2848495204955,0,02:15:40 a.m.,1727734490.11748,186,20.89122,31.03905,43.78834,1,43,443
66fb37f47835ef5c35ec67f8,66fb26d67835ef5c35ebc3ed,30/09/2024 17:44:52,2024,9,30,17,44,52,0.948997493734336,0.646639325586694,0.857142857142857,0.907423472443235,0.142778231060944,0.741700415249406,0,0.11552135368965,24,0,0,0.083333333333333,0,0,67.2889190502307,83.0865323567633,86.3648894964684,35.0298137996807,0,02:15:45 a.m.,1727734495.12523,196,20.8554,31.08883,43.84375,1,61,478
66fb37f97835ef5c35ec682b,66fb26d67835ef5c35ebc3ed,30/09/2024 17:44:57,2024,9,30,17,44,58,0.947368421052632,0.669856459330144,0.892857142857143,0.913730814639905,0.059518676317095,0.832891022021457,0,0.107590301661448,25,0,0,0.08,0,0,66.5105730099593,85.0502081650407,88.691045796309,34.8333151419692,0,02:15:50 a.m.,1727734500.13279,186,20.82993,31.11591,43.75553,1,59,474
66fb37fe7835ef5c35ec685e,66fb26d67835ef5c35ebc3ed,30/09/2024 17:45:02,2024,9,30,17,45,3,0.957177033492823,0.669643806485912,0.821428571428571,0.912324829320877,0.039515650426822,0.839147020143484,0,0.121337329429695,23,0,0,0.08695652173913,0,0,64.3966757533431,82.6568713975621,84.6974633553581,34.00089891155,0,02:15:55 a.m.,1727734505.14241,195,20.87411,31.13194,43.79597,2,67,491
66fb38047835ef5c35ec6891,66fb26d67835ef5c35ebc3ed,30/09/2024 17:45:08,2024,9,30,17,45,8,1,0.633492822966507,0.857142857142857,0.912949369471109,0.084290271132376,0.801913875598086,0,0.113795853269538,24,0,0,0.083333333333333,0,0,66.7324610934451,83.6610548109404,87.7634996582365,34.8787532071285,0,02:16:00 a.m.,1727734510.14821,183,20.91231,31.15768,43.79444,1,63,482
66fb38097835ef5c35ec68c4,66fb26d67835ef5c35ebc3ed,30/09/2024 17:45:13,2024,9,30,17,45,14,1,0.617224880382775,0.857142857142857,0.909711171568879,0.074739880003038,0.873991797676008,0,0.051268322320954,24,0,0,0.083333333333333,0,0,66.2011092079222,83.1734012987913,87.6008202323992,34.5881878909755,0,02:16:05 a.m.,1727734515.15516,183,20.89958,31.15273,43.72444,2,69,494
66fb380f7835ef5c35ec68f8,66fb26d67835ef5c35ebc3ed,30/09/2024 17:45:19,2024,9,30,17,45,19,1,0.707655502392345,0.892857142857143,0.913586058210564,0.04605154008827,0.871021211877531,0,0.0829272480342,25,0,0,0.08,0,0,67.7913404826789,86.7810390150727,90.647983595352,35.6015024354832,0,02:16:10 a.m.,1727734520.16344,192,20.90594,31.15673,43.65215,2,70,495
66fb38147835ef5c35ec692b,66fb26d67835ef5c35ebc3ed,30/09/2024 17:45:24,2024,9,30,17,45,24,1,0.736842105263158,0.928571428571429,0.917170365866018,0.032456922162805,0.946115567439097,0,0.021427510398099,26,0,0,0.076923076923077,0,0,68.8358958352935,88.8503117782294,93.0827067669173,36.1504082186341,0,02:16:15 a.m.,1727734525.17155,187,20.88664,31.1594,43.68467,1,62,482
66fb38197835ef5c35ec696c,66fb26d67835ef5c35ebc3ed,30/09/2024 17:45:29,2024,9,30,17,45,30,1,0.698564593301435,0.928571428571429,0.918738218303436,0,1,0,0,26,0,0,0.076923076923077,0,0,67.4738278883588,87.9325702901218,92.6999316473001,35.458742401763,0,02:16:20 a.m.,1727734530.18351,183,20.90236,31.17104,43.67046,1,59,476
66fb381e7835ef5c35ec69a0,66fb26d67835ef5c35ebc3ed,30/09/2024 17:45:34,2024,9,30,17,45,35,1,0.662679425837321,0.928571428571429,0.917170365866018,0,0.974122025205617,0,0.025877974794384,26,0,0,0.076923076923077,0,0,66.9120325898358,86.9962447925835,92.3410799726589,35.0842122027477,0,02:16:25 a.m.,1727734535.18905,207,20.9549,31.1451,43.61334,1,49,455
66fb38237835ef5c35ec69d3,66fb26d67835ef5c35ebc3ed,30/09/2024 17:45:39,2024,9,30,17,45,40,0.995454545454545,0.731578947368421,0.892857142857143,0.911596256181237,0.011363636363636,0.929367201426025,0,0.059269162210339,25,0,0,0.08,0,0,67.1622384428552,87.2611982705596,90.7508544087491,35.4285052822498,0,02:16:30 a.m.,1727734540.19547,189,20.96366,31.14243,43.60895,1,54,464
66fb382a7835ef5c35ec6a06,66fb26d67835ef5c35ebc3ed,30/09/2024 17:45:45,2024,9,30,17,45,46,1,0.727352472089314,0.75,0.896400091136933,0.03445534513646,0.871344303271548,0,0.094200351591993,21,0,0,0.095238095238095,0,0,63.9676720768052,81.8438140806562,82.2735247208931,34.0820790836271,0,02:16:35 a.m.,1727734545.20125,183,21.00266,31.15158,43.60771,1,46,449
66fb382f7835ef5c35ec6a39,66fb26d67835ef5c35ebc3ed,30/09/2024 17:45:51,2024,9,30,17,45,51,1,0.745096866497795,0.714285714285714,0.889627701160209,0.080976784653255,0.847136278753926,0.01010101010101,0.061785926491809,20,0,0,0.1,0,0,64.4024309883443,80.8681141914501,80.3081115221208,34.2998706659697,0,02:16:40 a.m.,1727734550.20571,177,20.96366,31.18229,43.57224,1,47,450
66fb38357835ef5c35ec6a6c,66fb26d67835ef5c35ebc3ed,30/09/2024 17:45:57,2024,9,30,17,45,57,1,0.757678571428571,0.678571428571429,0.89109047127623,0.112073726926668,0.748343209078503,0.086975687710982,0.052607376283847,19,0,0,0.105263157894737,0,0,64.4976645280244,79.96922606762,78.2910714285714,34.394141982029,0,02:16:45 a.m.,1727734555.21706,177,20.94137,31.10676,43.58864,1,38,431
66fb383a7835ef5c35ec6a9f,66fb26d67835ef5c35ebc3ed,30/09/2024 17:46:02,2024,9,30,17,46,2,1,0.827514005602241,0.678571428571429,0.881303749570003,0.130425942306747,0.746052938719347,0.093427195439579,0.030093923534326,19,0,0,0.105263157894737,0,0,65.8572005995381,81.4704438793061,78.9894257703081,35.1781512605042,0,02:16:50 a.m.,1727734560.22146,180,20.96047,31.11973,43.64424,1,43,443
66fb383f7835ef5c35ec6ad2,66fb26d67835ef5c35ebc3ed,30/09/2024 17:46:07,2024,9,30,17,46,8,0.981764069264069,0.748218448218448,0.607142857142857,0.882938629997454,0.128439742076106,0.817341749159931,0.054218508763963,0,17,0,0,0.106951871657754,0,0,62.492202538994,76.7553879943586,73.363677988678,33.4850374669893,0,02:16:55 a.m.,1727734565.22577,185,20.97321,31.1594,43.71529,1,58,472
66fb38457835ef5c35ec6b05,66fb26d67835ef5c35ebc3ed,30/09/2024 17:46:13,2024,9,30,17,46,13,0.950357448422464,0.754163642515036,0.678571428571429,0.885649794105677,0.133757129809761,0.764195624064045,0,0.102047246126194,19,0,0,0.092105263157895,0,0,63.9125644772897,79.0006976418548,76.76664559211,34.0249944342437,0,02:17:00 a.m.,1727734570.23183,180,20.98913,31.15406,43.71166,1,53,464
66fb384a7835ef5c35ec6b38,66fb26d67835ef5c35ebc3ed,30/09/2024 17:46:18,2024,9,30,17,46,19,0.98172514619883,0.670909299392272,0.678571428571429,0.886999105197635,0.073953507506139,0.823257006151743,0,0.102789486342118,19,0,0,0.096491228070175,0,0,61.8162523947644,77.4235873077301,76.8751330941733,32.921584868663,0,02:17:05 a.m.,1727734575.23948,173,20.97997,31.14891,43.67304,1,53,463
66fb38507835ef5c35ec6b6c,66fb26d67835ef5c35ebc3ed,30/09/2024 17:46:24,2024,9,30,17,46,24,1,0.681372549019608,0.678571428571429,0.889027562779498,0.091760775456428,0.816478449087145,0,0.091760775456428,19,0,0.013157894736842,0.087719298245614,0,0,62.814306777683,78.0100027949777,77.5280112044818,33.4073231582696,0,02:17:10 a.m.,1727734580.2467,174,20.91371,31.17771,43.62803,1,59,476
66fb38557835ef5c35ec6b9f,66fb26d67835ef5c35ebc3ed,30/09/2024 17:46:29,2024,9,30,17,46,29,0.946524064171123,0.625668449197861,0.607142857142857,0.933505220269926,0.069777389935493,0.839176633643037,0,0.091045976421471,17,0,0,0.058823529411765,0,0,59.241092502398,74.4272026992615,71.0809778456837,31.8261798071726,0,02:17:15 a.m.,1727734585.25071,177,20.86953,31.12354,43.65549,1,56,469
66fb385a7835ef5c35ec6be0,66fb26d67835ef5c35ebc3ed,30/09/2024 17:46:34,2024,9,30,17,46,34,0.941643323996265,0.640989729225023,0.642857142857143,0.936084433773509,0.086103896103896,0.821839826839827,0,0.092056277056277,18,0,0,0.055555555555556,0,0,60.7130048989293,76.0515039349073,73.2306255835668,32.4767852595584,0,02:17:20 a.m.,1727734590.25342,177,20.91888,31.14891,43.62898,1,55,466
66fb385f7835ef5c35ec6c14,66fb26d67835ef5c35ebc3ed,30/09/2024 17:46:39,2024,9,30,17,46,40,0.948603683897802,0.664587046939988,0.678571428571429,0.943416361760015,0.077916254284051,0.794725705148006,0,0.127358040567943,19,0,0,0.052631578947368,0,0,62.0043168798431,78.1791404759671,75.8182667006196,33.1309477545328,0,02:17:25 a.m.,1727734595.25987,171,20.89102,31.14605,43.6657,1,59,476
66fb38657835ef5c35ec6c47,66fb26d67835ef5c35ebc3ed,30/09/2024 17:46:45,2024,9,30,17,46,45,0.967592592592593,0.699618736383442,0.678571428571429,0.94124312005504,0.052051083591331,0.852618679050567,0,0.095330237358101,19,0,0,0.052631578947368,0,0,62.2303425024981,79.2854352998509,76.7382508558979,33.3907696119383,0,02:17:30 a.m.,1727734600.27039,171,20.91729,31.15673,43.64538,1,61,480
66fb386a7835ef5c35ec6c7a,66fb26d67835ef5c35ebc3ed,30/09/2024 17:46:50,2024,9,30,17,46,51,1,0.684789067142008,0.678571428571429,0.946381383494387,0.061583772264887,0.832564700521357,0,0.105851527213756,19,0,0,0.047846889952153,0,0,62.9714367804538,79.5292612659099,77.5621763857058,33.7132565147271,0,02:17:35 a.m.,1727734605.27428,173,20.90774,31.13956,43.61258,1,55,467
66fb386f7835ef5c35ec6cad,66fb26d67835ef5c35ebc3ed,30/09/2024 17:46:55,2024,9,30,17,46,56,1,0.703267973856209,0.642857142857143,0.953154761904762,0.061608187134503,0.804122807017544,0.031052631578947,0.103216374269006,18,0,0,0.038888888888889,0,0,62.4579742862057,78.9105683940243,75.6041083099907,33.6088806575262,0,02:17:40 a.m.,1727734610.27928,176,20.88863,31.17294,43.63708,2,67,491
66fb38757835ef5c35ec6ce0,66fb26d67835ef5c35ebc3ed,30/09/2024 17:47:01,2024,9,30,17,47,1,1,0.709823271413829,0.714285714285714,0.942629551820728,0.055973266499582,0.835839598997494,0.010526315789474,0.09766081871345,20,0,0,0.045,0,0,64.0432668681508,81.3113205808639,79.9553755712811,34.2271180401985,0,02:17:45 a.m.,1727734615.28628,183,20.92366,31.13632,43.63852,2,69,494
66fb387a7835ef5c35ec6d13,66fb26d67835ef5c35ebc3ed,30/09/2024 17:47:06,2024,9,30,17,47,6,1,0.675837320574163,0.714285714285714,0.882400240798074,0.063861302096596,0.936138697903404,0,0,20,0,0,0.090909090909091,0,0,62.8272388301413,78.9559390343059,79.6155160628845,33.3638457775455,0,02:17:50 a.m.,1727734620.29315,185,20.92206,31.14223,43.59188,2,67,490
66fb387f7835ef5c35ec6d46,66fb26d67835ef5c35ebc3ed,30/09/2024 17:47:11,2024,9,30,17,47,11,1,0.751754385964912,0.714285714285714,0.921225490196079,0.065088702147526,0.934911297852474,0,0,20,0,0,0.065,0,0,64.5790585532459,81.8244969040248,80.374686716792,34.5235429259423,0,02:17:55 a.m.,1727734625.29798,176,20.90535,31.13995,43.52055,1,50,456
66fb38857835ef5c35ec6d79,66fb26d67835ef5c35ebc3ed,30/09/2024 17:47:16,2024,9,30,17,47,17,1,0.747474747474748,0.678571428571429,0.97722816399287,0.070629370629371,0.92937062937063,0,0,19,0,0,0.019138755980861,0,0,64.6005636520342,81.8675727866904,78.1890331890332,34.7390371066842,0,02:18:00 a.m.,1727734630.30291,171,20.934,31.14433,43.58797,1,64,485
66fb388a7835ef5c35ec6dac,66fb26d67835ef5c35ebc3ed,30/09/2024 17:47:22,2024,9,30,17,47,22,0.972593582887701,0.765905963661382,0.75,0.946740815084468,0.036971361971362,0.910604239242011,0,0.052424398786628,21,0,0,0.043290043290043,0,0,64.8158573882258,83.6550732119617,81.8368671232448,34.7221172360491,0,02:18:05 a.m.,1727734635.31112,170,20.95072,31.12545,43.58931,1,61,479
,,,2024,9,30,17,47,27,,,,,,,,,,,,,,,,,,,,02:18:10 a.m.,1727734640.3164,171,20.94913,31.09093,43.56728,1,62,481
,,,2024,9,30,17,47,32,,,,,,,,,,,,,,,,,,,,02:18:15 a.m.,1727734645.31988,177,20.94913,31.03428,43.57042,1,64,485
,,,2024,9,30,17,47,37,,,,,,,,,,,,,,,,,,,,02:18:20 a.m.,1727734650.32695,165,20.98734,31.04973,43.62421,1,62,480
,,,2024,9,30,17,47,42,,,,,,,,,,,,,,,,,,,,02:18:25 a.m.,1727734655.33739,164,20.99967,31.07719,43.66779,2,69,494
,,,2024,9,30,17,47,47,,,,,,,,,,,,,,,,,,,,02:18:30 a.m.,1727734660.34481,164,21.01559,31.09226,43.6841,2,66,489
,,,2024,9,30,17,47,52,,,,,,,,,,,,,,,,,,,,02:18:35 a.m.,1727734665.34978,161,20.99768,31.0936,43.71576,1,61,479
,,,2024,9,30,17,47,57,,,,,,,,,,,,,,,,,,,,02:18:40 a.m.,1727734670.35832,162,20.98594,31.02722,43.70708,2,69,493
,,,2024,9,30,17,48,2,,,,,,,,,,,,,,,,,,,,02:18:45 a.m.,1727734675.36203,168,21.03709,31.01234,43.71815,2,70,496
,,,2024,9,30,17,48,7,,,,,,,,,,,,,,,,,,,,02:18:50 a.m.,1727734680.36852,171,21.03311,30.99194,43.76144,2,65,486
,,,2024,9,30,17,48,12,,,,,,,,,,,,,,,,,,,,02:18:55 a.m.,1727734685.37957,168,21.06435,31.03867,43.75219,1,58,473
,,,2024,9,30,17,48,17,,,,,,,,,,,,,,,,,,,,02:19:00 a.m.,1727734690.38892,177,21.0745,31.04744,43.7314,1,63,483
,,,2024,9,30,17,48,22,,,,,,,,,,,,,,,,,,,,02:19:05 a.m.,1727734695.39997,176,21.12485,31.04515,43.75334,1,49,455
,,,2024,9,30,17,48,27,,,,,,,,,,,,,,,,,,,,02:19:10 a.m.,1727734700.40446,171,21.12365,31.04706,43.75343,1,55,466
,,,2024,9,30,17,48,32,,,,,,,,,,,,,,,,,,,,02:19:15 a.m.,1727734705.40695,180,21.14654,31.01273,43.85071,1,52,461
,,,2024,9,30,17,48,37,,,,,,,,,,,,,,,,,,,,02:19:20 a.m.,1727734710.41184,183,21.14614,30.9885,43.90135,1,59,475
,,,2024,9,30,17,48,42,,,,,,,,,,,,,,,,,,,,02:19:25 a.m.,1727734715.41931,180,21.15211,31.03142,44.02275,1,60,477
,,,2024,9,30,17,48,47,,,,,,,,,,,,,,,,,,,,02:19:30 a.m.,1727734720.42234,176,21.13002,31.0276,44.03343,1,53,463
,,,2024,9,30,17,48,52,,,,,,,,,,,,,,,,,,,,02:19:35 a.m.,1727734725.42556,180,21.09559,31.02169,43.93883,1,52,462
,,,2024,9,30,17,48,57,,,,,,,,,,,,,,,,,,,,02:19:40 a.m.,1727734730.42953,184,21.12504,31.03142,43.99147,1,64,485
,,,2024,9,30,17,49,2,,,,,,,,,,,,,,,,,,,,02:19:45 a.m.,1727734735.43556,177,21.08345,30.98717,43.99843,1,57,471
,,,2024,9,30,17,49,7,,,,,,,,,,,,,,,,,,,,02:19:50 a.m.,1727734740.44095,181,21.04903,31.02627,43.98947,1,52,460
,,,2024,9,30,17,49,12,,,,,,,,,,,,,,,,,,,,02:19:55 a.m.,1727734745.45595,180,21.02336,31.01196,43.99624,1,56,468
,,,2024,9,30,17,49,17,,,,,,,,,,,,,,,,,,,,02:20:00 a.m.,1727734750.46306,184,21.01142,31.01521,44.00482,1,56,468
,,,2024,9,30,17,49,22,,,,,,,,,,,,,,,,,,,,02:20:05 a.m.,1727734755.4689,184,20.96664,31.01559,44.03067,1,55,466
,,,2024,9,30,17,49,27,,,,,,,,,,,,,,,,,,,,02:20:10 a.m.,1727734760.47727,186,20.95032,31.05583,43.98956,1,47,451
,,,2024,9,30,17,49,32,,,,,,,,,,,,,,,,,,,,02:20:15 a.m.,1727734765.48616,182,20.92127,31.06194,44.01436,1,54,464
,,,2024,9,30,17,49,37,,,,,,,,,,,,,,,,,,,,02:20:20 a.m.,1727734770.49089,177,20.9551,31.0955,43.9661,1,52,461
,,,2024,9,30,17,49,42,,,,,,,,,,,,,,,,,,,,02:20:25 a.m.,1727734775.49706,180,20.9539,31.08559,43.98088,1,59,475
,,,2024,9,30,17,49,47,,,,,,,,,,,,,,,,,,,,02:20:30 a.m.,1727734780.51214,177,20.92525,31.05068,43.98851,1,54,466
,,,2024,9,30,17,49,52,,,,,,,,,,,,,,,,,,,,02:20:35 a.m.,1727734785.52174,171,20.94435,31.07071,44.00911,1,50,458
,,,2024,9,30,17,49,57,,,,,,,,,,,,,,,,,,,,02:20:40 a.m.,1727734790.54346,175,20.97938,31.09035,43.94846,1,51,459
,,,2024,9,30,17,50,2,,,,,,,,,,,,,,,,,,,,02:20:45 a.m.,1727734795.54737,175,20.98574,31.07433,43.95714,1,59,475
,,,2024,9,30,17,50,7,,,,,,,,,,,,,,,,,,,,02:20:50 a.m.,1727734800.55555,183,20.99569,31.07719,43.96048,1,44,444
,,,2024,9,30,17,50,12,,,,,,,,,,,,,,,,,,,,02:20:55 a.m.,1727734805.56257,180,21.04027,31.09188,43.96172,1,38,432
,,,2024,9,30,17,50,17,,,,,,,,,,,,,,,,,,,,02:21:00 a.m.,1727734810.57701,177,21.05699,31.09722,43.97602,1,33,422
,,,2024,9,30,17,50,22,,,,,,,,,,,,,,,,,,,,02:21:05 a.m.,1727734815.58635,174,21.09679,31.11515,43.94999,1,42,441
,,,2024,9,30,17,50,27,,,,,,,,,,,,,,,,,,,,02:21:10 a.m.,1727734820.5895,176,21.09519,31.09188,43.94035,1,40,436
,,,2024,9,30,17,50,32,,,,,,,,,,,,,,,,,,,,02:21:15 a.m.,1727734825.59468,180,21.08047,31.07567,43.96162,1,48,454
,,,2024,9,30,17,50,37,,,,,,,,,,,,,,,,,,,,02:21:20 a.m.,1727734830.60188,176,21.08047,31.00872,43.90879,1,48,452
,,,2024,9,30,17,50,42,,,,,,,,,,,,,,,,,,,,02:21:25 a.m.,1727734835.60514,181,21.08365,31.01883,43.91947,1,42,441
,,,2024,9,30,17,50,47,,,,,,,,,,,,,,,,,,,,02:21:30 a.m.,1727734840.60812,173,21.07131,30.98488,43.90087,1,44,443
,,,2024,9,30,17,50,52,,,,,,,,,,,,,,,,,,,,02:21:35 a.m.,1727734845.61148,175,21.06614,30.98621,43.93206,1,43,442
,,,2024,9,30,17,50,57,,,,,,,,,,,,,,,,,,,,02:21:40 a.m.,1727734850.61737,182,21.02156,31.03333,43.94369,1,52,461
,,,2024,9,30,17,51,2,,,,,,,,,,,,,,,,,,,,02:21:45 a.m.,1727734855.6264,171,21.014,31.00376,43.95142,1,53,464
,,,2024,9,30,17,51,7,,,,,,,,,,,,,,,,,,,,02:21:50 a.m.,1727734860.63317,173,21.00763,31.01788,43.97049,1,56,468
,,,2024,9,30,17,51,12,,,,,,,,,,,,,,,,,,,,02:21:55 a.m.,1727734865.63834,171,20.99291,31.01616,43.96305,1,59,474
,,,2024,9,30,17,51,17,,,,,,,,,,,,,,,,,,,,02:22:00 a.m.,1727734870.6516,171,20.94196,31.04706,43.96648,2,66,489
,,,2024,9,30,17,51,22,,,,,,,,,,,,,,,,,,,,02:22:05 a.m.,1727734875.65727,176,20.9738,31.06384,43.94379,1,57,471
,,,2024,9,30,17,51,27,,,,,,,,,,,,,,,,,,,,02:22:10 a.m.,1727734880.66618,180,20.99609,31.07281,43.96944,2,68,493
,,,2024,9,30,17,51,32,,,,,,,,,,,,,,,,,,,,02:22:15 a.m.,1727734885.69193,171,21.00286,31.05907,43.95046,1,59,475
,,,2024,9,30,17,51,37,,,,,,,,,,,,,,,,,,,,02:22:20 a.m.,1727734890.70133,174,21.01201,31.02303,44.04612,1,49,454
,,,2024,9,30,17,51,42,,,,,,,,,,,,,,,,,,,,02:22:25 a.m.,1727734895.70853,176,20.96306,31.03008,44.0589,1,42,441
,,,2024,9,30,17,51,47,,,,,,,,,,,,,,,,,,,,02:22:30 a.m.,1727734900.71978,168,21.014,31.03466,44.09313,1,45,446
,,,2024,9,30,17,51,52,,,,,,,,,,,,,,,,,,,,02:22:35 a.m.,1727734905.72669,170,20.98017,31.05354,44.07816,1,43,443
,,,2024,9,30,17,51,57,,,,,,,,,,,,,,,,,,,,02:22:40 a.m.,1727734910.73154,168,20.96982,31.07529,44.02714,1,48,453
,,,2024,9,30,17,52,2,,,,,,,,,,,,,,,,,,,,02:22:45 a.m.,1727734915.73706,168,20.9947,31.0894,44.0135,1,45,447
,,,2024,9,30,17,52,7,,,,,,,,,,,,,,,,,,,,02:22:50 a.m.,1727734920.73973,171,21.03012,31.04153,43.9888,1,54,464
,,,2024,9,30,17,52,12,,,,,,,,,,,,,,,,,,,,02:22:55 a.m.,1727734925.74439,167,21.00664,31.03199,43.91718,1,49,454
,,,2024,9,30,17,52,17,,,,,,,,,,,,,,,,,,,,02:23:00 a.m.,1727734930.75139,168,21.00027,31.04877,43.95065,1,55,467
,,,2024,9,30,17,52,22,,,,,,,,,,,,,,,,,,,,02:23:05 a.m.,1727734935.75561,173,20.96803,31.05965,43.91088,1,51,460
,,,2024,9,30,17,52,27,,,,,,,,,,,,,,,,,,,,02:23:10 a.m.,1727734940.75982,177,20.93978,31.06117,43.93435,1,54,465
,,,2024,9,30,17,52,32,,,,,,,,,,,,,,,,,,,,02:23:15 a.m.,1727734945.76375,174,20.94933,31.06232,43.93997,1,54,465
,,,2024,9,30,17,52,37,,,,,,,,,,,,,,,,,,,,02:23:20 a.m.,1727734950.7751,168,20.92704,31.05907,43.95075,1,47,452
,,,2024,9,30,17,52,42,,,,,,,,,,,,,,,,,,,,02:23:25 a.m.,1727734955.78171,167,20.94933,31.08845,43.91994,1,44,444
,,,2024,9,30,17,52,47,,,,,,,,,,,,,,,,,,,,02:23:30 a.m.,1727734960.78663,174,20.96604,31.07319,43.90631,1,51,460
,,,2024,9,30,17,52,52,,,,,,,,,,,,,,,,,,,,02:23:35 a.m.,1727734965.79012,177,20.95012,31.07948,43.9249,1,34,423
,,,2024,9,30,17,52,57,,,,,,,,,,,,,,,,,,,,02:23:40 a.m.,1727734970.79425,174,20.95609,31.07529,43.89801,1,41,437
,,,2024,9,30,17,53,2,,,,,,,,,,,,,,,,,,,,02:23:45 a.m.,1727734975.80194,171,20.96007,31.06327,43.8694,1,40,437
,,,2024,9,30,17,53,7,,,,,,,,,,,,,,,,,,,,02:23:50 a.m.,1727734980.81719,168,20.96963,31.07605,43.83745,1,49,454
,,,2024,9,30,17,53,12,,,,,,,,,,,,,,,,,,,,02:23:55 a.m.,1727734985.82413,168,21.02554,31.07395,43.82086,1,51,458
,,,2024,9,30,17,53,17,,,,,,,,,,,,,,,,,,,,02:24:00 a.m.,1727734990.83153,167,21.06037,31.06251,43.81733,1,49,454
,,,2024,9,30,17,53,22,,,,,,,,,,,,,,,,,,,,02:24:05 a.m.,1727734995.83964,168,21.10494,31.04095,43.76545,1,44,446
,,,2024,9,30,17,53,27,,,,,,,,,,,,,,,,,,,,02:24:10 a.m.,1727735000.84573,165,21.09181,31.01597,43.76364,1,53,462
,,,2024,9,30,17,53,32,,,,,,,,,,,,,,,,,,,,02:24:15 a.m.,1727735005.86482,167,21.10455,30.98869,43.77623,1,48,453
,,,2024,9,30,17,53,37,,,,,,,,,,,,,,,,,,,,02:24:20 a.m.,1727735010.87185,174,21.10136,30.99003,43.80541,1,52,462
,,,2024,9,30,17,53,42,,,,,,,,,,,,,,,,,,,,02:24:25 a.m.,1727735015.88154,174,21.11489,30.99918,43.80322,1,48,453
,,,2024,9,30,17,53,47,,,,,,,,,,,,,,,,,,,,02:24:30 a.m.,1727735020.89641,167,21.1533,30.99823,43.83173,1,48,453
,,,2024,9,30,17,53,52,,,,,,,,,,,,,,,,,,,,02:24:35 a.m.,1727735025.90955,165,21.18255,30.99804,43.90163,1,61,478
,,,2024,9,30,17,53,57,,,,,,,,,,,,,,,,,,,,02:24:40 a.m.,1727735030.91795,165,21.18852,30.93376,43.84804,1,52,462
,,,2024,9,30,17,54,2,,,,,,,,,,,,,,,,,,,,02:24:45 a.m.,1727735035.92465,168,21.11708,30.90591,43.92653,1,59,475
,,,2024,9,30,17,54,7,,,,,,,,,,,,,,,,,,,,02:24:50 a.m.,1727735040.92925,167,21.07589,30.92728,43.95285,1,60,477
,,,2024,9,30,17,54,12,,,,,,,,,,,,,,,,,,,,02:24:55 a.m.,1727735045.93405,165,21.07927,30.91736,43.95218,2,69,494
,,,2024,9,30,17,54,17,,,,,,,,,,,,,,,,,,,,02:25:00 a.m.,1727735050.9406,167,21.10236,30.87692,43.98508,1,58,472
,,,2024,9,30,17,54,22,,,,,,,,,,,,,,,,,,,,02:25:05 a.m.,1727735055.94516,174,21.09917,30.90267,44.01484,2,66,488
,,,2024,9,30,17,54,27,,,,,,,,,,,,,,,,,,,,02:25:10 a.m.,1727735060.95372,165,21.04584,30.91164,43.96219,1,62,481
,,,2024,9,30,17,54,32,,,,,,,,,,,,,,,,,,,,02:25:15 a.m.,1727735065.95814,171,21.02574,30.89294,43.98241,1,60,476
,,,2024,9,30,17,54,37,,,,,,,,,,,,,,,,,,,,02:25:20 a.m.,1727735070.96323,174,20.98097,30.91545,44.03601,1,58,473
,,,2024,9,30,17,54,42,,,,,,,,,,,,,,,,,,,,02:25:25 a.m.,1727735075.9769,171,20.91709,30.92537,44.03248,1,59,475
,,,2024,9,30,17,54,47,,,,,,,,,,,,,,,,,,,,02:25:30 a.m.,1727735080.98162,171,20.86973,30.92098,44.03334,1,56,468
,,,2024,9,30,17,54,52,,,,,,,,,,,,,,,,,,,,02:25:35 a.m.,1727735085.9879,174,20.90117,30.90076,44.14206,1,52,460
,,,2024,9,30,17,54,57,,,,,,,,,,,,,,,,,,,,02:25:40 a.m.,1727735090.99104,170,20.93261,30.92346,44.15007,1,55,466
,,,2024,9,30,17,55,2,,,,,,,,,,,,,,,,,,,,02:25:45 a.m.,1727735096.00136,167,20.91968,30.90687,44.16361,1,55,466
,,,2024,9,30,17,55,7,,,,,,,,,,,,,,,,,,,,02:25:50 a.m.,1727735101.00638,165,20.93201,30.93109,44.14186,1,49,456
,,,2024,9,30,17,55,12,,,,,,,,,,,,,,,,,,,,02:25:55 a.m.,1727735106.01183,171,20.93798,30.96333,44.11907,1,59,476
,,,2024,9,30,17,55,17,,,,,,,,,,,,,,,,,,,,02:26:00 a.m.,1727735111.01939,174,21.00107,30.98068,44.09285,1,60,477
,,,2024,9,30,17,55,22,,,,,,,,,,,,,,,,,,,,02:26:05 a.m.,1727735116.02414,170,20.97679,31.00567,44.06996,1,52,461
,,,2024,9,30,17,55,27,,,,,,,,,,,,,,,,,,,,02:26:10 a.m.,1727735121.02987,164,21.00246,30.99155,44.04297,1,49,455
,,,2024,9,30,17,55,32,,,,,,,,,,,,,,,,,,,,02:26:15 a.m.,1727735126.04271,165,21.05659,30.98354,44.09695,1,56,469
,,,2024,9,30,17,55,37,,,,,,,,,,,,,,,,,,,,02:26:20 a.m.,1727735131.06193,168,21.09519,31.00243,44.08388,1,51,459
,,,2024,9,30,17,55,42,,,,,,,,,,,,,,,,,,,,02:26:25 a.m.,1727735136.07158,168,21.08883,30.9864,44.09266,1,48,453
66fb3a817835ef5c35ec6e13,66fb3a5d7835ef5c35ec6dcb,30/09/2024 17:55:45,2024,9,30,17,55,46,0.923076923076923,0.692307692307692,0.464285714285714,1,0.666666666666667,0.333333333333333,0,0,13,0,0,0,0,0,72.1199633699634,72.4038461538462,62.4725274725275,37.46336996337,0,02:26:30 a.m.,1727735141.07738,175,21.04385,31.00433,44.08493,1,53,463
66fb3a867835ef5c35ec6e46,66fb3a5d7835ef5c35ec6dcb,30/09/2024 17:55:50,2024,9,30,17,55,51,0.923076923076923,0.775641025641026,0.5,1,0.472222222222222,0.527777777777778,0,0,14,0,0,0,0,0,76.0897435897436,80.6730769230769,72.4358974358974,36.7094017094017,0,02:26:35 a.m.,1727735146.08529,173,21.03669,30.97782,44.06004,1,56,469
66fb3a8c7835ef5c35ec6e79,66fb3a5d7835ef5c35ec6dcb,30/09/2024 17:55:56,2024,9,30,17,55,56,0.891025641025641,0.781135531135531,0.5,1,0.208333333333333,0.791666666666667,0,0,14,0,0,0,0,0,75.3983516483517,76.0233516483517,71.2637362637363,33.804945054945,0,02:26:40 a.m.,1727735151.08911,168,21.01639,30.97038,44.08684,1,50,456
66fb3a917835ef5c35ec6eac,66fb3a5d7835ef5c35ec6dcb,30/09/2024 17:56:01,2024,9,30,17,56,1,0.917357001972387,0.761228515074669,0.535714285714286,1,0.179487179487179,0.67948717948718,0,0.141025641025641,15,0,0,0,0,0,74.7839532262609,76.5650887573965,73.3474218089603,33.9378698224852,0,02:26:45 a.m.,1727735156.09684,168,21.00007,30.99632,44.07606,1,59,475
66fb3a967835ef5c35ec6edf,66fb3a5d7835ef5c35ec6dcb,30/09/2024 17:56:06,2024,9,30,17,56,7,0.923076923076923,0.769230769230769,0.5,1,0.064102564102564,0.833333333333333,0,0.102564102564103,14,0,0,0,0,0,74.9358974358974,74.4230769230769,72.3076923076923,32.5641025641026,0,02:26:50 a.m.,1727735161.10113,171,20.93659,30.97,44.07358,1,54,465
66fb3a9c7835ef5c35ec6f12,66fb3a5d7835ef5c35ec6dcb,30/09/2024 17:56:11,2024,9,30,17,56,12,0.927303465765005,0.726542688081149,0.5,1,0.525641025641026,0.474358974358974,0,0,14,0,0,0,0,0,75.2134404057481,80.5980557903635,71.6229923922232,36.7948717948718,0,02:26:55 a.m.,1727735166.10372,171,20.97122,30.9597,44.13042,1,56,469
66fb3aa17835ef5c35ec6f45,66fb3a5d7835ef5c35ec6dcb,30/09/2024 17:56:17,2024,9,30,17,56,17,0.93003663003663,0.715384615384616,0.535714285714286,1,0.523076923076923,0.293589743589744,0,0.183333333333333,15,0,0,0,0,0,73.760989010989,81.1190476190476,72.9377289377289,37.0421245421245,0,02:27:00 a.m.,1727735170.10603,171,20.91371,30.98068,44.10048,1,57,471
66fb3aa67835ef5c35ec6f78,66fb3a5d7835ef5c35ec6dcb,30/09/2024 17:56:22,2024,9,30,17,56,22,0.928571428571429,0.725274725274725,0.5,1,0.430769230769231,0.215384615384615,0,0.353846153846154,14,0,0,0,0,0,71.6813186813187,79.1813186813187,71.6483516483517,35.8461538461538,0,02:27:05 a.m.,1727735176.10933,162,20.88545,30.95303,44.14082,1,54,466
66fb3aab7835ef5c35ec6fab,66fb3a5d7835ef5c35ec6dcb,30/09/2024 17:56:27,2024,9,30,17,56,28,0.921315863623556,0.706748379825303,0.5,1,0.438461538461539,0.219230769230769,0,0.342307692307692,14,0,0,0,0,0,71.244787264018,78.744787264018,70.9876021414483,35.665257819104,0,02:27:10 a.m.,1727735180.11141,171,20.88803,30.933,44.1432,1,51,459
66fb3ab17835ef5c35ec6fde,66fb3a5d7835ef5c35ec6dcb,30/09/2024 17:56:33,2024,9,30,17,56,33,0.914694280078895,0.719921104536489,0.464285714285714,1,0.525641025641026,0.262820512820513,0,0.211538461538462,13,0,0,0,0,0,72.1146801916033,79.4361087630318,69.5576218653142,36.2454212454212,0,02:27:15 a.m.,1727735185.12591,171,20.92007,30.94635,44.16389,1,57,471
66fb3ab67835ef5c35ec7011,66fb3a5d7835ef5c35ec6dcb,30/09/2024 17:56:38,2024,9,30,17,56,39,0.987637362637363,0.730311355311355,0.5,1,0.544444444444444,0.293055555555556,0.033333333333333,0.129166666666667,14,0,0,0,0,0,75.1721611721612,82.4638278388278,74.1117216117216,37.6239316239316,0,02:27:20 a.m.,1727735190.12985,162,20.97858,30.94368,44.20614,1,53,463
66fb3abb7835ef5c35ec7044,66fb3a5d7835ef5c35ec6dcb,30/09/2024 17:56:43,2024,9,30,17,56,44,1,0.763567202028741,0.535714285714286,1,0.387179487179487,0.291025641025641,0,0.321794871794872,15,0,0,0,0,0,75.0891096083404,81.7933220625528,76.6999154691462,36.8646097492251,0,02:27:25 a.m.,1727735195.13536,162,20.94754,30.95169,44.26622,1,61,479
66fb3ac17835ef5c35ec7077,66fb3a5d7835ef5c35ec6dcb,30/09/2024 17:56:49,2024,9,30,17,56,49,1,0.730769230769231,0.5,1,0.338461538461538,0.338461538461538,0,0.323076923076923,14,0,0,0,0,0,73.8846153846154,79.6923076923077,74.6153846153846,35.6923076923077,0,02:27:30 a.m.,1727735200.14401,170,20.9746,30.9309,44.41109,1,57,471
66fb3ac67835ef5c35ec70aa,66fb3a5d7835ef5c35ec6dcb,30/09/2024 17:56:54,2024,9,30,17,56,54,1,0.714285714285714,0.5,1,0.384615384615384,0.307692307692308,0,0.307692307692308,14,0,0,0,0,0,73.7087912087912,80.0549450549451,74.2857142857143,35.989010989011,0,02:27:35 a.m.,1727735205.1484,171,20.99132,30.93529,44.49577,1,52,461
66fb3acb7835ef5c35ec70dd,66fb3a5d7835ef5c35ec6dcb,30/09/2024 17:56:59,2024,9,30,17,56,0,1,0.73469387755102,0.5,1,0.333333333333333,0.666666666666667,0,0,14,0,0,0,0,0,77.1938775510204,79.6938775510204,74.6938775510204,35.6802721088435,0,02:27:40 a.m.,1727735210.15234,168,21.01639,30.89714,44.56043,1,54,465
66fb3ad17835ef5c35ec7111,66fb3a5d7835ef5c35ec6dcb,30/09/2024 17:57:05,2024,9,30,17,57,5,1,0.802197802197802,0.5,1,0,0.897435897435898,0.102564102564103,0,14,0,0,0,0,0,77.518315018315,76.043956043956,76.043956043956,33.021978021978,0,02:27:45 a.m.,1727735215.16065,165,21.01957,30.95589,44.61107,1,52,462
66fb3ad67835ef5c35ec7153,66fb3a5d7835ef5c35ec6dcb,30/09/2024 17:57:10,2024,9,30,17,57,11,0.908953226260919,0.821879402648633,0.571428571428571,1,0.269230769230769,0.730769230769231,0,0,16,0,0,0,0,0,77.7328472809242,79.6284516765286,75.6528599605523,35.7149196956889,0,02:27:50 a.m.,1727735220.16427,161,21.0546,30.97095,44.62376,1,54,465
66fb3adc7835ef5c35ec7186,66fb3a5d7835ef5c35ec6dcb,30/09/2024 17:57:16,2024,9,30,17,57,16,0.923499577345731,0.841081994928149,0.5,1,0.474358974358974,0.474358974358974,0,0.051282051282051,14,0,0,0,0,0,76.8963088193858,82.0245139475909,73.7616229923922,37.3894054663285,0,02:27:55 a.m.,1727735225.16936,162,21.09281,30.99995,44.58923,1,48,453
66fb3ae17835ef5c35ec71b9,66fb3a5d7835ef5c35ec6dcb,30/09/2024 17:57:21,2024,9,30,17,57,22,0.923076923076923,0.858974358974359,0.464285714285714,1,0.402777777777778,0.402777777777778,0.194444444444444,0,13,0,0,0,0,0,75.2762515262515,80.5837912087912,72.6739926739927,36.4911477411477,0,02:28:00 a.m.,1727735230.1762,168,21.09002,30.98679,44.42043,1,45,446
66fb3ae77835ef5c35ec71ec,66fb3a5d7835ef5c35ec6dcb,30/09/2024 17:57:27,2024,9,30,17,57,27,0.934065934065934,0.862179487179487,0.5,1,0.375,0.375,0.25,0,14,0,0,0,0,0,75.5952380952381,81.2202380952381,74.6062271062271,36.7124542124542,0,02:28:05 a.m.,1727735235.1837,164,21.08385,30.99194,44.37561,1,57,470
66fb3aec7835ef5c35ec721f,66fb3a5d7835ef5c35ec6dcb,30/09/2024 17:57:32,2024,9,30,17,57,32,0.928571428571429,0.824675324675325,0.5,1,0.356060606060606,0.356060606060606,0.287878787878788,0,14,0,0,0,0,0,74.3290043290044,80.0487012987013,73.6363636363636,36.0930735930736,0,02:28:10 a.m.,1727735240.1914,162,21.03927,31.02398,44.33346,1,56,470
66fb3af17835ef5c35ec7252,66fb3a5d7835ef5c35ec6dcb,30/09/2024 17:57:37,2024,9,30,17,57,38,0.994082840236687,0.872781065088758,0.464285714285714,1,0.435897435897436,0.435897435897436,0.051282051282051,0.076923076923077,13,0,0,0,0,0,77.9899267399267,83.1318681318681,75.7903634826712,37.6704705550859,0,02:28:15 a.m.,1727735245.21545,168,21.03211,31.03905,44.2523,1,50,457
66fb3af67835ef5c35ec7285,66fb3a5d7835ef5c35ec6dcb,30/09/2024 17:57:42,2024,9,30,17,57,43,0.942765567765568,0.822344322344322,0.5,1,0.361111111111111,0.361111111111111,0,0.277777777777778,14,0,0,0,0,0,74.7382478632479,80.4326923076923,74.1575091575092,36.26221001221,0,02:28:20 a.m.,1727735250.22261,171,20.98913,31.0194,44.23609,1,53,463
66fb3afc7835ef5c35ec72b8,66fb3a5d7835ef5c35ec6dcb,30/09/2024 17:57:48,2024,9,30,17,57,48,1,0.782051282051282,0.5,1,0.208333333333333,0.416666666666667,0.375,0,14,0,0,0,0,0,74.3910256410257,78.7660256410256,75.6410256410256,34.9038461538462,0,02:28:25 a.m.,1727735255.22799,167,20.97957,31.01788,44.20185,1,50,456
66fb3b017835ef5c35ec72eb,66fb3a5d7835ef5c35ec6dcb,30/09/2024 17:57:53,2024,9,30,17,57,54,1,0.794871794871795,0.5,1,0,0.347222222222222,0.319444444444444,0.333333333333333,14,0,0,0,0,0,71.8696581196581,75.8974358974359,75.8974358974359,32.948717948718,0,02:28:30 a.m.,1727735260.23701,159,20.98913,31.00529,44.17629,1,45,447
66fb3b077835ef5c35ec731e,66fb3a5d7835ef5c35ec6dcb,30/09/2024 17:57:59,2024,9,30,17,57,59,1,0.802197802197802,0.5,1,0,0,0.628205128205128,0.294871794871795,14,0,0,0,0,0,68.543956043956,76.0439560439561,76.043956043956,33.021978021978,0,02:28:35 a.m.,1727735265.24335,159,20.96684,31.01082,44.12899,1,43,441
66fb3b0c7835ef5c35ec7351,66fb3a5d7835ef5c35ec6dcb,30/09/2024 17:58:04,2024,9,30,17,58,5,1,0.808114961961116,0.5,1,0,0,0.769230769230769,0,14,0,0,0,0,0,68.6622992392223,76.1622992392223,76.1622992392223,33.0811496196112,0,02:28:40 a.m.,1727735270.24888,165,20.96684,31.02455,44.11287,1,42,440
66fb3b127835ef5c35ec7384,66fb3a5d7835ef5c35ec6dcb,30/09/2024 17:58:10,2024,9,30,17,58,10,1,0.755952380952381,0.5,1,0,0,0.583333333333333,0.166666666666667,14,0,0,0,0,0,67.6190476190476,75.1190476190476,75.1190476190476,32.5595238095238,0,02:28:45 a.m.,1727735275.25728,170,20.95689,31.00872,44.08684,1,36,427
66fb3b177835ef5c35ec73b8,66fb3a5d7835ef5c35ec6dcb,30/09/2024 17:58:15,2024,9,30,17,58,15,0.994047619047619,0.81547619047619,0.535714285714286,1,0.363888888888889,0.075,0.263888888888889,0.297222222222222,15,0,0,0,0,0,73.5853174603175,82.3333333333333,77.5,37.0912698412698,0,02:28:50 a.m.,1727735280.26139,161,20.92167,30.99213,44.07272,1,31,417
66fb3b1c7835ef5c35ec73fa,66fb3a5d7835ef5c35ec6dcb,30/09/2024 17:58:20,2024,9,30,17,58,21,1,0.82967032967033,0.535714285714286,1,0.423076923076923,0.221794871794872,0,0.355128205128205,15,0,0,0,0,0,76.0778388278388,83.6538461538462,78.021978021978,37.8846153846154,0,02:28:55 a.m.,1727735285.26756,161,20.91808,31.01196,44.10486,1,36,428
66fb3b217835ef5c35ec742d,66fb3a5d7835ef5c35ec6dcb,30/09/2024 17:58:25,2024,9,30,17,58,26,1,0.774725274725275,0.535714285714286,1,0.344871794871795,0.283333333333333,0,0.371794871794872,15,0,0,0,0,0,74.8122710622711,81.3818681318681,76.9230769230769,36.5531135531136,0,02:29:00 a.m.,1727735290.27363,170,20.94913,31.02818,44.12155,1,43,443
66fb3b277835ef5c35ec7460,66fb3a5d7835ef5c35ec6dcb,30/09/2024 17:58:31,2024,9,30,17,58,31,1,0.785714285714286,0.571428571428571,1,0.283333333333333,0.298484848484848,0.256060606060606,0.162121212121212,16,0,0,0,0,0,75.1038961038961,81.3928571428571,78.5714285714286,36.4047619047619,0,02:29:05 a.m.,1727735295.29153,170,21.00485,31.02436,44.16723,1,41,439
66fb3b2c7835ef5c35ec7493,66fb3a5d7835ef5c35ec6dcb,30/09/2024 17:58:36,2024,9,30,17,58,36,1,0.785714285714286,0.571428571428571,1,0.136363636363636,0.681818181818182,0.181818181818182,0,16,0,0,0,0,0,77.4675324675325,79.1883116883117,78.5714285714286,34.9350649350649,0,02:29:10 a.m.,1727735300.29766,168,20.98933,31.0236,44.17334,1,45,446
66fb3b317835ef5c35ec74c6,66fb3a5d7835ef5c35ec6dcb,30/09/2024 17:58:41,2024,9,30,17,58,42,1,0.806846999154692,0.5,1,0,0.865384615384615,0.038461538461539,0.096153846153846,14,0,0,0,0,0,77.29078613694,76.1369399830938,76.1369399830938,33.0684699915469,0,02:29:15 a.m.,1727735305.30344,168,20.96704,31.01921,44.13881,1,42,441
66fb3b377835ef5c35ec74f9,66fb3a5d7835ef5c35ec6dcb,30/09/2024 17:58:47,2024,9,30,17,58,47,1,0.792207792207792,0.5,1,0,0.439393939393939,0.515151515151515,0.045454545454546,14,0,0,0,0,0,72.7380952380952,75.8441558441559,75.8441558441559,32.9220779220779,0,02:29:20 a.m.,1727735310.32563,165,20.99251,31.0503,44.13109,1,45,446
66fb3b3c7835ef5c35ec752c,66fb3a5d7835ef5c35ec6dcb,30/09/2024 17:58:52,2024,9,30,17,58,52,1,0.805433455433455,0.535714285714286,1,0,0.458333333333333,0.083333333333333,0.458333333333333,15,0,0,0,0,0,73.7277167277167,76.8229548229548,77.5372405372405,33.4114774114774,0,02:29:25 a.m.,1727735315.33258,161,20.97102,31.06232,44.17171,1,47,451
66fb3b417835ef5c35ec755f,66fb3a5d7835ef5c35ec6dcb,30/09/2024 17:58:57,2024,9,30,17,58,58,0.973260073260073,0.783037475345168,0.535714285714286,1,0.061538461538462,0.484615384615385,0.064102564102564,0.312820512820513,15,0,0,0,0,0,73.4895040856579,76.6296139757678,76.0197238658777,33.5355029585799,0,02:29:30 a.m.,1727735320.34423,158,20.99012,31.04286,44.09399,1,47,450
66fb3b467835ef5c35ec7592,66fb3a5d7835ef5c35ec6dcb,30/09/2024 17:59:02,2024,9,30,17,59,3,0.980612244897959,0.833176347462062,0.535714285714286,0.989010989010989,0,0.238095238095238,0,0.404761904761905,15,0,0,0.00952380952381,0,0,71.3757195185767,76.6183935112507,77.316588173731,33.385138670853,0,02:29:35 a.m.,1727735325.35497,165,20.99331,31.02398,44.05899,1,46,448
66fb3b4c7835ef5c35ec75c5,66fb3a5d7835ef5c35ec6dcb,30/09/2024 17:59:08,2024,9,30,17,59,8,0.985714285714286,0.909863945578231,0.535714285714286,0.926216640502355,0,0.190476190476191,0,0.380952380952381,15,0,0,0.066666666666667,0,0,71.3049450549451,76.7098377812664,79.0544217687075,33.5750915750916,0,02:29:40 a.m.,1727735330.363,164,21.00525,31.05965,44.02599,1,47,451
66fb3b517835ef5c35ec75f8,66fb3a5d7835ef5c35ec6dcb,30/09/2024 17:59:13,2024,9,30,17,59,13,0.934929356357928,0.877577184720042,0.571428571428571,0.930857535321821,0.43452380952381,0.035714285714286,0,0.529761904761905,16,0,0,0.0625,0,0,72.815737833595,82.1426445578232,77.8058608058608,37.4931645735217,0,02:29:45 a.m.,1727735335.37211,158,20.97102,31.0318,44.05556,1,47,451
66fb3b567835ef5c35ec762b,66fb3a5d7835ef5c35ec6dcb,30/09/2024 17:59:18,2024,9,30,17,59,19,0.964965986394558,0.827734170591314,0.535714285714286,0.928636839351125,0.428571428571429,0,0,0.571428571428571,15,0,0,0.066666666666667,0,0,71.5729984301413,81.0376111983255,76.58189429618,36.8562271062271,0,02:29:50 a.m.,1727735340.37578,156,20.97142,31.02951,44.01541,1,46,449
66fb3b5b7835ef5c35ec765e,66fb3a5d7835ef5c35ec6dcb,30/09/2024 17:59:23,2024,9,30,17,59,24,1,0.806122448979592,0.5,0.921358403501261,0.678571428571429,0,0,0.321428571428571,14,0,0,0.071428571428571,0,0,73.8353313353313,84.3349804956948,76.1224489795918,39.0605228105228,0,02:29:55 a.m.,1727735345.38434,161,20.92286,31.0297,43.99042,1,35,424
66fb3b617835ef5c35ec7691,66fb3a5d7835ef5c35ec6dcb,30/09/2024 17:59:29,2024,9,30,17,59,29,0.934285714285715,0.817460317460318,0.535714285714286,0.921245421245421,0.955555555555556,0,0,0.044444444444444,15,0,0,0.066666666666667,0,0,75.7225274725275,87.7851037851038,75.1492063492064,41.642612942613,0,02:30:00 a.m.,1727735350.39463,167,20.96505,31.01788,43.995,1,39,434
66fb3b667835ef5c35ec76c4,66fb3a5d7835ef5c35ec6dcb,30/09/2024 17:59:34,2024,9,30,17,59,35,0.971428571428572,0.785714285714286,0.5,0.91988566988567,0.977777777777778,0,0,0.022222222222222,14,0,0,0.071428571428571,0,0,75.6754911754912,87.6638084138084,74.5714285714286,41.5480630480631,0,02:30:05 a.m.,1727735355.39933,167,20.94356,31.02493,43.93969,1,38,431
66fb3b6b7835ef5c35ec76f7,66fb3a5d7835ef5c35ec6dcb,30/09/2024 17:59:39,2024,9,30,17,59,40,1,0.766666666666667,0.5,0.922771672771673,0.477777777777778,0.066666666666667,0,0.455555555555556,14,0,0,0.071428571428571,0,0,71.7332112332113,80.5692918192918,75.3333333333333,36.6721611721612,0,02:30:10 a.m.,1727735360.40341,159,20.88943,30.96237,43.93091,1,39,435
66fb3b717835ef5c35ec772b,66fb3a5d7835ef5c35ec6dcb,30/09/2024 17:59:45,2024,9,30,17,59,45,0.994871794871795,0.754578754578755,0.535714285714286,0.91565485796255,0.365384615384615,0.423076923076923,0,0.211538461538462,15,0,0,0.066666666666667,0,0,74.1967967929506,79.0497963574887,76.3150183150183,35.66204308512,0,02:30:15 a.m.,1727735365.40898,158,20.93321,30.9454,43.93463,1,26,406
66fb3b767835ef5c35ec776d,66fb3a5d7835ef5c35ec6dcb,30/09/2024 17:59:50,2024,9,30,17,59,51,1,0.719387755102041,0.535714285714286,0.929147043432758,0.476190476190476,0.285714285714286,0,0.238095238095238,15,0,0,0.066666666666667,0,0,73.6254578754579,80.4735740450026,75.8163265306122,36.6043956043956,0,02:30:20 a.m.,1727735370.4197,162,20.92963,30.9597,43.96687,1,32,418
66fb3b7c7835ef5c35ec77a0,66fb3a5d7835ef5c35ec6dcb,30/09/2024 17:59:55,2024,9,30,17,59,56,1,0.807692307692308,0.535714285714286,0.92571146801916,0.676923076923077,0.215384615384615,0,0.107692307692308,15,0,0,0.066666666666667,0,0,76.6268667230206,85.164764722457,77.5824175824176,39.4604113834883,0,02:30:25 a.m.,1727735375.43337,165,20.91052,30.97382,43.99567,1,43,442
66fb3b817835ef5c35ec77d3,66fb3a5d7835ef5c35ec6dcb,30/09/2024 18:00:01,2024,9,30,18,0,1,0.945833333333333,0.861692176870748,0.571428571428571,0.916666666666666,0.878571428571429,0.092857142857143,0,0.028571428571429,16,0,0,0.0625,0,0,77.4987244897959,88.4034863945578,77.9243197278912,41.7419217687075,0,02:30:30 a.m.,1727735380.43919,167,20.92405,30.9906,43.98069,1,31,416
66fb3b867835ef5c35ec7806,66fb3a5d7835ef5c35ec6dcb,30/09/2024 18:00:06,2024,9,30,18,0,7,0.896794871794872,0.782692307692308,0.571428571428571,0.920118343195266,0.330769230769231,0.446153846153846,0,0.223076923076923,16,0,0,0.0625,0,0,72.8167441532826,77.4667864187095,74.3827838827839,35.0180332488025,0,02:30:35 a.m.,1727735385.44349,161,20.94833,31.0091,44.01903,1,33,421
66fb3b8c7835ef5c35ec7839,66fb3a5d7835ef5c35ec6dcb,30/09/2024 18:00:12,2024,9,30,18,0,12,0.928937728937729,0.852014652014652,0.535714285714286,0.924344885883348,0.505128205128205,0.312820512820513,0,0.182051282051282,15,0,0,0.066666666666667,0,0,74.9658354466047,81.6635672020288,75.6263736263737,37.4613975767822,0,02:30:40 a.m.,1727735390.44778,156,20.94793,30.99308,43.995,1,41,438
66fb3b917835ef5c35ec786c,66fb3a5d7835ef5c35ec6dcb,30/09/2024 18:00:17,2024,9,30,18,0,17,0.952380952380952,0.804395604395605,0.5,0.925518925518926,0.9,0,0,0.1,14,0,0,0.071428571428571,0,0,74.9078144078144,86.535409035409,74.1831501831502,40.8229548229548,0,02:30:45 a.m.,1727735395.46077,162,20.99569,31.00681,43.98308,1,35,426
66fb3b967835ef5c35ec789f,66fb3a5d7835ef5c35ec6dcb,30/09/2024 18:00:22,2024,9,30,18,0,23,1,0.771428571428572,0.5,0.923687423687424,0.95,0.05,0,0,14,0,0,0.071428571428571,0,0,76.4023199023199,87.770757020757,75.4285714285714,41.45115995116,0,02:30:50 a.m.,1727735400.46897,162,20.99888,30.97458,43.89639,1,34,423
66fb3b9c7835ef5c35ec78d2,66fb3a5d7835ef5c35ec6dcb,30/09/2024 18:00:28,2024,9,30,18,0,28,1,0.790476190476191,0.5,0.924358974358974,0.8,0.2,0,0,14,0,0,0.071428571428571,0,0,76.7967032967033,85.9184981684982,75.8095238095238,40.1483516483517,0,02:30:55 a.m.,1727735405.47299,153,21.04266,30.99442,43.84279,1,31,418
66fb3ba17835ef5c35ec7905,66fb3a5d7835ef5c35ec6dcb,30/09/2024 18:00:33,2024,9,30,18,0,34,1,0.804761904761905,0.5,0.922527472527472,1,0,0,0,14,0,0,0.071428571428571,0,0,77.0457875457876,89.1584249084249,76.0952380952381,42.2728937728938,0,02:31:00 a.m.,1727735410.47935,161,21.07768,30.96066,43.86892,1,38,432
66fb3ba67835ef5c35ec7938,66fb3a5d7835ef5c35ec6dcb,30/09/2024 18:00:38,2024,9,30,18,0,39,0.930805206698064,0.800526556776557,0.571428571428571,0.916874791874792,0.75,0,0,0.25,16,0,0,0.0625,0,0,73.6895857119071,84.881102528424,76.0998822605966,39.6963512677798,0,02:31:05 a.m.,1727735415.48992,165,21.0739,30.94463,43.87035,1,42,440
66fb3bac7835ef5c35ec796b,66fb3a5d7835ef5c35ec6dcb,30/09/2024 18:00:44,2024,9,30,18,0,44,0.923861852433281,0.799450549450549,0.571428571428571,0.926907021549879,0.5,0,0,0.5,16,0,0,0.0625,0,0,71.1951263022692,81.1868042671614,75.8006279434851,37.2164799486228,0,02:31:10 a.m.,1727735420.49708,155,21.0739,30.96676,43.84975,1,42,440
66fb3bb17835ef5c35ec799e,66fb3a5d7835ef5c35ec6dcb,30/09/2024 18:00:49,2024,9,30,18,0,49,0.847121925693354,0.755808477237049,0.535714285714286,0.917607392607392,0.607142857142857,0,0,0.392857142857143,15,0,0,0.066666666666667,0,0,68.7535083963655,79.0558310736882,70.4296180010466,36.6339493839494,0,02:31:15 a.m.,1727735425.50219,155,21.05798,30.96905,43.84832,1,39,434
66fb3bb67835ef5c35ec79d1,66fb3a5d7835ef5c35ec6dcb,30/09/2024 18:00:54,2024,9,30,18,0,54,0.913679909833756,0.794463229078614,0.535714285714286,0.898036578805809,0.483333333333333,0.297435897435897,0,0.219230769230769,15,0,0,0.066666666666667,0,0,72.535400496939,79.1464625118471,73.8650324034939,36.252273367658,0,02:31:20 a.m.,1727735430.50819,162,21.02614,30.92346,43.81275,1,32,418
66fb3bbc7835ef5c35ec7a04,66fb3a5d7835ef5c35ec6dcb,30/09/2024 18:01:00,2024,9,30,18,1,0,0.930723443223443,0.727747252747253,0.571428571428571,0.916980455441994,0.333333333333333,0.666666666666667,0,0,16,0,0,0.0625,0,0,74.7340688157996,77.1761139501524,74.6410256410257,34.8021305617459,0,02:31:25 a.m.,1727735435.51569,164,21.03569,30.93204,43.8055,1,41,438
66fb3bc17835ef5c35ec7a38,66fb3a5d7835ef5c35ec6dcb,30/09/2024 18:01:05,2024,9,30,18,1,6,0.889705882352941,0.811368778280543,0.607142857142857,0.921597633136095,0.423076923076923,0.576923076923077,0,0,17,0,0,0.058823529411765,0,0,76.0091181442992,79.9989744418478,76.1013251454428,36.5289207398936,0,02:31:30 a.m.,1727735440.52179,155,21.02216,30.96657,43.82429,1,43,442
66fb3bc77835ef5c35ec7a7a,66fb3a5d7835ef5c35ec6dcb,30/09/2024 18:01:11,2024,9,30,18,1,11,0.859150326797386,0.754411764705882,0.607142857142857,0.92954822954823,0.5,0.5,0,0,17,0,0,0.058823529411765,0,0,74.2651009121597,79.4485563456152,73.7399626517274,36.5025317819435,0,02:31:35 a.m.,1727735445.52602,158,20.9549,30.99308,43.7932,1,41,438
66fb3bcc7835ef5c35ec7aad,66fb3a5d7835ef5c35ec6dcb,30/09/2024 18:01:16,2024,9,30,18,1,17,0.836011904761905,0.680952380952381,0.607142857142857,0.932120925293194,0.726190476190476,0.142857142857143,0,0.130952380952381,17,0,0,0.058823529411765,0,0,70.9593827915782,80.8580826561394,71.3452380952381,37.8241854434081,0,02:31:40 a.m.,1727735450.53467,161,20.9549,30.98679,43.80474,1,44,445
66fb3bd27835ef5c35ec7ae0,66fb3a5d7835ef5c35ec6dcb,30/09/2024 18:01:22,2024,9,30,18,1,22,0.889998691784406,0.643072998430141,0.571428571428571,0.920554445554446,0.732142857142857,0.244047619047619,0,0.023809523809524,16,0,0,0.058035714285714,0,0,71.8558495076352,80.5360026877884,71.3185504971219,37.5719756434042,0,02:31:45 a.m.,1727735455.53944,164,20.96903,30.9206,43.84537,1,47,451
66fb3bd77835ef5c35ec7b13,66fb3a5d7835ef5c35ec6dcb,30/09/2024 18:01:27,2024,9,30,18,1,28,0.934294871794872,0.706410256410257,0.571428571428571,0.893006993006993,0.276923076923077,0.461538461538462,0,0.261538461538462,16,0,0,0.072115384615385,0,0,71.3017607392607,75.3931693306693,74.3571428571429,33.8206376956377,0,02:31:50 a.m.,1727735460.54305,165,20.98176,30.91412,43.88657,1,36,427
66fb3bdd7835ef5c35ec7b46,66fb3a5d7835ef5c35ec6dcb,30/09/2024 18:01:33,2024,9,30,18,1,33,0.932554945054945,0.74010989010989,0.571428571428571,0.911915008068854,0.261538461538462,0.492307692307692,0,0.246153846153846,16,0,0,0.0625,0,0,72.4642616998386,76.2655949819411,74.9615384615385,34.1754687620072,0,02:31:55 a.m.,1727735465.54556,162,20.96047,30.95207,43.94712,1,42,439
66fb3be27835ef5c35ec7b79,66fb3a5d7835ef5c35ec6dcb,30/09/2024 18:01:38,2024,9,30,18,1,39,1,0.723443223443223,0.678571428571429,0.943103185943743,0.25,0.5,0,0.25,19,0,0,0.052631578947368,0,0,76.0094996163108,80.3678726888866,81.6117216117216,35.951178379584,0,02:32:00 a.m.,1727735470.55268,161,20.96883,30.93204,43.97898,1,47,450
66fb3be87835ef5c35ec7bac,66fb3a5d7835ef5c35ec6dcb,30/09/2024 18:01:44,2024,9,30,18,1,44,1,0.73956043956044,0.607142857142857,0.935135207929326,0.233333333333333,0.466666666666667,0.066666666666667,0.233333333333333,17,0,0,0.058823529411765,0,0,74.6010558069382,78.8124461322991,79.0769230769231,35.1517183796596,0,02:32:05 a.m.,1727735475.55758,158,20.98475,30.93815,44.00692,1,47,452
66fb3bed7835ef5c35ec7bdf,66fb3a5d7835ef5c35ec6dcb,30/09/2024 18:01:49,2024,9,30,18,1,50,1,0.714285714285714,0.642857142857143,0.938875272331155,0.258333333333333,0.475,0.225,0.041666666666667,18,0,0,0.055555555555556,0,0,75.0394102085279,79.489738951136,80,35.5435146280735,0,02:32:10 a.m.,1727735480.56451,152,21.00385,30.95493,44.00034,1,43,443
66fb3bf37835ef5c35ec7c13,66fb3a5d7835ef5c35ec6dcb,30/09/2024 18:01:55,2024,9,30,18,1,55,1,0.791047188106012,0.607142857142857,0.990950226244344,0.030769230769231,0.253846153846154,0.061538461538462,0.192307692307692,17,0,0,0.009049773755656,0,0,72.5932449903038,78.1990950226244,80.1066580478345,34.1990950226244,0,02:32:15 a.m.,1727735485.58482,156,21.02375,30.96676,43.97745,1,55,467
66fb3bf87835ef5c35ec7c46,66fb3a5d7835ef5c35ec6dcb,30/09/2024 18:02:00,2024,9,30,18,2,0,1,0.883884803921569,0.607142857142857,1,0,0.916666666666667,0,0,17,0,0,0,0,0,80.9515056022409,79.8205532212885,81.9634103641457,34.9102766106443,0,02:32:20 a.m.,1727735490.59886,162,21.00226,30.96352,43.95161,1,55,467
66fb3bfe7835ef5c35ec7c88,66fb3a5d7835ef5c35ec6dcb,30/09/2024 18:02:05,2024,9,30,18,2,6,1,0.808823529411765,0.607142857142857,1,0,0.347222222222222,0,0.402777777777778,17,0,0,0,0,0,73.7558356676004,78.3193277310924,80.4621848739496,34.1596638655462,0,02:32:25 a.m.,1727735495.60544,153,21.06992,30.99117,43.92471,1,52,460
66fb3c037835ef5c35ec7cbb,66fb3a5d7835ef5c35ec6dcb,30/09/2024 18:02:11,2024,9,30,18,2,11,1,0.805287114845939,0.607142857142857,0.982142857142857,0,0.625,0,0.208333333333333,17,0,0,0.014705882352941,0,0,76.1057422969188,77.8021708683473,80.3914565826331,33.9457282913165,0,02:32:30 a.m.,1727735500.61714,159,21.04445,30.99213,43.92052,1,58,472
66fb3c087835ef5c35ec7cee,66fb3a5d7835ef5c35ec6dcb,30/09/2024 18:02:16,2024,9,30,18,2,17,0.93444976076555,0.789724310776942,0.714285714285714,0.920946270791472,0.166666666666667,0.106060606060606,0.166666666666667,0.560606060606061,20,0,0,0.068181818181818,0,0,71.0162140920655,78.9651012901787,81.7439052175895,35.2607272328635,0,02:32:35 a.m.,1727735505.62256,162,20.98893,31.00491,43.88514,1,55,467
66fb3c0e7835ef5c35ec7d21,66fb3a5d7835ef5c35ec6dcb,30/09/2024 18:02:22,2024,9,30,18,2,22,0.898307042115092,0.76515430733697,0.714285714285714,0.882399626517274,0.028571428571429,0.042857142857143,0,0.928571428571429,20,0,0,0.092857142857143,0,0,66.8373261585336,74.5350385768343,79.8067964027716,32.8871811882648,0,02:32:40 a.m.,1727735510.62557,155,20.98893,30.99766,43.86892,1,54,466
66fb3c137835ef5c35ec7d54,66fb3a5d7835ef5c35ec6dcb,30/09/2024 18:02:27,2024,9,30,18,2,27,1,0.745272904483431,0.714285714285714,1,0.373611111111111,0.570833333333333,0,0.055555555555556,20,0,0,0,0,0,80.0641882483988,84.7953390420496,83.4768866610972,38.3316972988026,0,02:32:45 a.m.,1727735515.63024,152,21.00206,31.01006,43.84632,1,53,464
66fb3c187835ef5c35ec7d87,66fb3a5d7835ef5c35ec6dcb,30/09/2024 18:02:32,2024,9,30,18,2,33,1,0.76067824790735,0.678571428571429,1,0.175396825396825,0.53531746031746,0,0.289285714285714,19,0,0,0,0,0,77.4992792438613,81.415945910528,82.3564221010042,36.146465018756,0,02:32:50 a.m.,1727735520.63426,155,20.95589,31.01521,43.82296,1,39,433
66fb3c1d7835ef5c35ec7dba,66fb3a5d7835ef5c35ec6dcb,30/09/2024 18:02:37,2024,9,30,18,2,38,1,0.767543859649123,0.678571428571429,1,0.131944444444444,0.763888888888889,0,0.104166666666667,19,0,0,0,0,0,79.4877819548872,80.9014724310777,82.4937343358396,35.78059732665,0,02:32:55 a.m.,1727735525.64281,161,20.98216,31.02951,43.79597,1,32,418
66fb3c237835ef5c35ec7ded,66fb3a5d7835ef5c35ec6dcb,30/09/2024 18:02:43,2024,9,30,18,2,43,1,0.778752436647174,0.678571428571429,1,0,0.944444444444444,0,0.055555555555556,19,0,0,0,0,0,80.1980646059593,79.1464773043721,82.7179058758006,34.573238652186,0,02:33:00 a.m.,1727735530.64752,150,21.02694,31.00281,43.78271,1,43,442
66fb3c287835ef5c35ec7e20,66fb3a5d7835ef5c35ec6dcb,30/09/2024 18:02:48,2024,9,30,18,2,49,1,0.730462519936204,0.678571428571429,1,0.075757575757576,0.637878787878788,0.093939393939394,0.192424242424242,19,0,0,0,0,0,76.9241854636591,79.3170426065163,81.7521075415812,34.8479152426521,0,02:33:05 a.m.,1727735535.656,161,20.98833,30.95016,43.79063,1,35,426
66fb3c2e7835ef5c35ec7e53,66fb3a5d7835ef5c35ec6dcb,30/09/2024 18:02:54,2024,9,30,18,2,54,1,0.725877192982456,0.678571428571429,1,0,1,0,0,19,0,0,0,0,0,79.6961152882206,78.0889724310777,81.6604010025063,34.0444862155388,0,02:33:10 a.m.,1727735540.66552,155,21.02017,30.9412,43.89458,1,33,421
66fb3c337835ef5c35ec7e86,66fb3a5d7835ef5c35ec6dcb,30/09/2024 18:02:59,2024,9,30,18,2,59,0.991228070175439,0.703632037610366,0.678571428571429,1,0.111111111111111,0.888888888888889,0,0,19,0,0,0,0,0,79.0319139351647,79.0914377446885,80.864620702082,34.8454264746834,0,02:33:15 a.m.,1727735545.67025,152,20.99987,30.9412,44.01131,1,31,417
66fb3c397835ef5c35ec7eb9,66fb3a5d7835ef5c35ec6dcb,30/09/2024 18:03:04,2024,9,30,18,3,5,0.965534121880871,0.761069103754862,0.678571428571429,1,0.337179487179487,0.458974358974359,0,0.203846153846154,19,0,0,0,0,0,77.4998450122289,82.9888560012399,80.9856040931892,37.4235414138665,0,02:33:20 a.m.,1727735550.67871,161,21.02256,30.93853,44.14482,1,33,420
66fb3c3e7835ef5c35ec7eed,66fb3a5d7835ef5c35ec6dcb,30/09/2024 18:03:10,2024,9,30,18,3,10,1,0.780433006535948,0.642857142857143,1,0.529761904761905,0.085714285714286,0,0.38452380952381,18,0,0,0,0,0,76.406279178338,86.4122315592904,81.3229458450047,39.53052054155,0,02:33:25 a.m.,1727735555.68294,156,21.05719,30.97229,44.11764,1,39,434
66fb3c437835ef5c35ec7f20,66fb3a5d7835ef5c35ec6dcb,30/09/2024 18:03:15,2024,9,30,18,3,16,1,0.784722222222222,0.642857142857143,1,0.331135531135531,0.29029304029304,0,0.378571428571428,18,0,0,0,0,0,76.5515873015873,83.5186202686203,81.4087301587302,37.587148962149,0,02:33:30 a.m.,1727735560.69092,152,21.03171,30.99918,44.1206,1,39,434
66fb3c487835ef5c35ec7f61,66fb3a5d7835ef5c35ec6dcb,30/09/2024 18:03:20,2024,9,30,18,3,21,1,0.769675925925926,0.642857142857143,0.994791666666667,0.433333333333333,0.377777777777778,0,0.188888888888889,18,0,0,0.00462962962963,0,0,78.0433201058201,84.620453042328,81.1078042328042,38.4065806878307,0,02:33:35 a.m.,1727735565.69671,152,21.0154,30.99213,44.03038,1,42,441
66fb3c4e7835ef5c35ec7f95,66fb3a5d7835ef5c35ec6dcb,30/09/2024 18:03:26,2024,9,30,18,3,26,1,0.721337145969499,0.642857142857143,1,0.4,0.4,0,0.2,18,0,0,0,0,0,77.0696000622471,83.2838857765328,80.1410286336757,37.6419428882664,0,02:33:40 a.m.,1727735570.7022,158,21.00584,30.98354,44.04068,1,42,441
66fb3c537835ef5c35ec7fc8,66fb3a5d7835ef5c35ec6dcb,30/09/2024 18:03:31,2024,9,30,18,3,32,1,0.732570806100218,0.642857142857143,1,0.39265873015873,0.359920634920635,0,0.247420634920635,18,0,0,0,0,0,76.8200669156552,83.3984399315282,80.3657018362901,37.6808667911609,0,02:33:45 a.m.,1727735575.70789,164,20.96167,31.02493,43.96229,1,42,441
66fb3c597835ef5c35ec7ffb,66fb3a5d7835ef5c35ec6dcb,30/09/2024 18:03:37,2024,9,30,18,3,37,1,0.744343891402715,0.607142857142857,1,0.070512820512821,0.653846153846154,0,0.275641025641026,17,0,0,0,0,0,76.2376104287869,78.0874272786038,79.1725921137686,34.2199956905839,0,02:33:50 a.m.,1727735580.72098,162,20.94913,31.02169,43.91956,1,46,449
66fb3c5e7835ef5c35ec802e,66fb3a5d7835ef5c35ec6dcb,30/09/2024 18:03:42,2024,9,30,18,3,42,1,0.651892701525054,0.642857142857143,1,0.130555555555556,0.4,0,0.469444444444444,18,0,0,0,0,0,72.9862667289138,77.8533302209773,78.7521397447868,34.2530539993775,0,02:33:55 a.m.,1727735585.72778,162,20.97778,30.9864,43.92033,1,56,468
66fb3c637835ef5c35ec8061,66fb3a5d7835ef5c35ec6dcb,30/09/2024 18:03:47,2024,9,30,18,3,48,1,0.675070028011204,0.642857142857143,1,0.303571428571429,0,0,0.696428571428571,18,0,0,0,0,0,71.1799719887955,80.9121148459384,79.2156862745098,36.2149859943978,0,02:34:00 a.m.,1727735590.73276,156,20.96783,31.02455,43.86959,1,51,460
66fb3c697835ef5c35ec8094,66fb3a5d7835ef5c35ec6dcb,30/09/2024 18:03:53,2024,9,30,18,3,53,0.951732886136911,0.669965354562878,0.678571428571429,1,0.071428571428571,0,0,0.071428571428571,19,0,0,0,0,0,68.0854863875375,76.8354863875375,78.6114796795911,33.7169824069979,0,02:34:05 a.m.,1727735595.73969,152,20.98674,30.98354,43.89153,1,44,445
66fb3c6e7835ef5c35ec80c7,66fb3a5d7835ef5c35ec6dcb,30/09/2024 18:03:58,2024,9,30,18,3,58,0.921451914098973,0.755368814192344,0.642857142857143,1,0.571428571428571,0,0,0,18,0,0,0,0,0,73.5008169934641,84.5722455648926,77.6797385620915,38.9110644257703,0,02:34:10 a.m.,1727735600.74748,155,20.99072,30.97363,43.94913,1,51,459
66fb3c737835ef5c35ec80fa,66fb3a5d7835ef5c35ec6dcb,30/09/2024 18:04:03,2024,9,30,18,4,3,0.974358974358974,0.78456510809452,0.642857142857143,1,0,0,0,0,18,0,0,0,0,0,69.6931336637219,77.9074193780076,80.3799468505351,34.0178122531064,0,02:34:15 a.m.,1727735605.75721,153,21.00067,30.98946,43.91708,1,47,452
66fb3c787835ef5c35ec812d,66fb3a5d7835ef5c35ec6dcb,30/09/2024 18:04:08,2024,9,30,18,4,9,0.954543409806568,0.721380752030907,0.714285714285714,1,0,0,0,0.076923076923077,20,0,0,0,0,0,69.0054860000681,77.5769145714966,81.1807800043094,33.9020987612319,0,02:34:20 a.m.,1727735610.76477,150,21.03211,30.96333,43.962,1,51,459
66fb3c7e7835ef5c35ec8160,66fb3a5d7835ef5c35ec6dcb,30/09/2024 18:04:13,2024,9,30,18,4,14,0.946918578497526,0.653396311291048,0.678571428571429,1,0,0,0,0.076923076923077,19,0,0,0,0,0,66.9194621168306,75.3123192596877,78.0875265085791,32.7888631836,0,02:34:25 a.m.,1727735615.77535,151,21.02853,30.94826,43.98327,1,59,475
66fb3c837835ef5c35ec8193,66fb3a5d7835ef5c35ec6dcb,30/09/2024 18:04:19,2024,9,30,18,4,19,0.947556390977443,0.648308270676692,0.714285714285714,1,0,0,0,0.071428571428571,20,0,0,0,0,0,67.3693609022557,75.9407894736842,79.4398496240602,33.1015037593985,0,02:34:30 a.m.,1727735620.7814,156,21.06296,30.97801,43.94817,2,66,488
66fb3c887835ef5c35ec81c6,66fb3a5d7835ef5c35ec6dcb,30/09/2024 18:04:24,2024,9,30,18,4,25,0.948178137651822,0.653643724696356,0.714285714285714,1,0,0,0,0,20,0,0,0,0,0,67.4916136495084,76.063042220937,79.5714285714286,33.1610757663389,0,02:34:35 a.m.,1727735625.78417,159,21.08087,30.99079,43.94751,1,56,469
66fb3c8d7835ef5c35ec81f9,66fb3a5d7835ef5c35ec6dcb,30/09/2024 18:04:29,2024,9,30,18,4,30,0.945633971291866,0.640131578947369,0.714285714285714,1,0.272727272727273,0,0,0,20,0,0,0,0,0,69.8850393028025,79.8201042378674,79.1994190020506,35.7277853725222,0,02:34:40 a.m.,1727735630.79115,159,21.05499,30.99499,43.94112,1,57,471
66fb3c937835ef5c35ec822d,66fb3a5d7835ef5c35ec6dcb,30/09/2024 18:04:35,2024,9,30,18,4,35,0.9375,0.625,0.571428571428571,1,1,0,0,0,16,0,0,0,0,0,74.5089285714286,87.3660714285714,72.8571428571429,41.3392857142857,0,02:34:45 a.m.,1727735635.79429,159,21.06534,30.97706,43.91909,1,56,470
66fb3c987835ef5c35ec8260,66fb3a5d7835ef5c35ec6dcb,30/09/2024 18:04:40,2024,9,30,18,4,41,0.904087301587302,0.72281746031746,0.571428571428571,0.968070448070448,1,0,0,0,16,0,0,0,0,0,74.9913692788693,87.6888643763644,73.4769841269841,41.6640378140378,0,02:34:50 a.m.,1727735640.79826,161,21.06574,31.00128,43.92262,1,51,459
66fb3c9e7835ef5c35ec82a2,66fb3a5d7835ef5c35ec6dcb,30/09/2024 18:04:46,2024,9,30,18,4,47,0.889027149321267,0.651263197586727,0.607142857142857,1,1,0,0,0,17,0,0,0,0,0,74.3580855419091,87.3937998276234,72.8720642102995,41.4743320405085,0,02:34:55 a.m.,1727735645.80102,161,21.07151,31.01616,43.91012,2,65,486
66fb3ca77835ef5c35ec82d5,66fb3a5d7835ef5c35ec6dcb,30/09/2024 18:04:55,2024,9,30,18,4,55,0.903947368421053,0.732894736842105,0.678571428571429,1,0.9,0,0,0.1,19,0,0,0,0,0,76.4351503759399,89.328007518797,77.9586466165414,42.1541353383459,0,02:35:00 a.m.,1727735650.80664,156,21.0735,31.00948,43.94503,1,51,458
66fb3cac7835ef5c35ec8309,66fb3a5d7835ef5c35ec6dcb,30/09/2024 18:05:00,2024,9,30,18,5,1,1,0.777360066833751,0.678571428571429,1,1,0,0,0,19,0,0,0,0,0,80.7257727652464,94.1186299081036,82.6900584795322,44.5593149540518,0,02:35:05 a.m.,1727735655.81409,150,21.02256,30.97324,43.94999,1,47,451
66fb3cb27835ef5c35ec834a,66fb3a5d7835ef5c35ec6dcb,30/09/2024 18:05:05,2024,9,30,18,5,6,1,0.767656320287899,0.678571428571429,1,1,0,0,0,19,0,0,0,0,0,80.5316978343294,93.9245549771866,82.4959835486152,44.4622774885933,0,02:35:10 a.m.,1727735660.81957,152,20.9943,31.00224,44.01417,1,53,462
66fb3cb77835ef5c35ec837e,66fb3a5d7835ef5c35ec6dcb,30/09/2024 18:05:11,2024,9,30,18,5,11,0.992481203007519,0.747702589807853,0.678571428571429,1,0.285714285714286,0,0,0,19,0,0,0,0,0,72.8017961570593,82.6232247284879,81.796157059315,37.0446950710109,0,02:35:15 a.m.,1727735665.82823,155,20.98793,31.00853,43.9621,1,35,425
66fb3cbc7835ef5c35ec83b1,66fb3a5d7835ef5c35ec6dcb,30/09/2024 18:05:16,2024,9,30,18,5,17,0.977443609022557,0.764598997493734,0.714285714285714,1,0,0,0,0.357142857142857,20,0,0,0,0,0,70.4423558897243,79.0137844611529,82.9611528822055,34.5632832080201,0,02:35:20 a.m.,1727735670.83744,159,21.00485,30.98392,43.95933,1,38,431
66fb3cc27835ef5c35ec83e4,66fb3a5d7835ef5c35ec6dcb,30/09/2024 18:05:21,2024,9,30,18,5,22,0.984981684981685,0.850800077115867,0.75,1,0,0,0,1,21,0,0,0,0,0,72.8905436668595,81.6405436668595,86.4152689415847,35.8578176209755,0,02:35:25 a.m.,1727735675.84237,156,20.97181,31.02264,43.97736,1,43,442
66fb3cc77835ef5c35ec8417,66fb3a5d7835ef5c35ec6dcb,30/09/2024 18:05:27,2024,9,30,18,5,28,1,0.775091575091575,0.75,1,0,0,0,1,21,0,0,0,0,0,71.7518315018315,80.5018315018315,85.5018315018315,35.2509157509158,0,02:35:30 a.m.,1727735680.84693,156,20.9754,31.0297,44.0011,1,47,451
66fb3ccd7835ef5c35ec844a,66fb3a5d7835ef5c35ec6dcb,30/09/2024 18:05:32,2024,9,30,18,5,33,1,0.81007326007326,0.75,1,0,0,0,0.384615384615385,21,0,0,0,0,0,72.4514652014652,81.2014652014652,86.2014652014652,35.6007326007326,0,02:35:35 a.m.,1727735685.86054,158,20.934,31.02818,43.97993,1,37,430
66fb3cd27835ef5c35ec847d,66fb3a5d7835ef5c35ec6dcb,30/09/2024 18:05:38,2024,9,30,18,5,38,0.985347985347985,0.805494505494506,0.75,1,0,0,0,0.923076923076923,21,0,0,0,0,0,71.9935897435897,80.7435897435898,85.5238095238095,35.4084249084249,0,02:35:40 a.m.,1727735690.86325,159,20.92127,30.98259,43.94493,1,44,444
66fb3cd77835ef5c35ec84b0,66fb3a5d7835ef5c35ec6dcb,30/09/2024 18:05:43,2024,9,30,18,5,43,1,0.770879120879121,0.75,1,0,0,0,0.461538461538462,21,0,0,0,0,0,71.6675824175824,80.4175824175824,85.4175824175824,35.2087912087912,0,02:35:45 a.m.,1727735695.87175,152,20.91331,30.97038,43.99061,1,31,416
66fb3cdd7835ef5c35ec84e3,66fb3a5d7835ef5c35ec6dcb,30/09/2024 18:05:48,2024,9,30,18,5,49,1,0.775,0.714285714285714,1,0,0,0.071428571428571,0,20,0,0,0,0,0,71.2142857142857,79.7857142857143,84.0714285714286,34.8928571428571,0,02:35:50 a.m.,1727735700.87839,150,20.90097,30.9597,44.0814,1,44,445
66fb3ce27835ef5c35ec8516,66fb3a5d7835ef5c35ec6dcb,30/09/2024 18:05:54,2024,9,30,18,5,54,1,0.811538461538462,0.714285714285714,1,0,0,0.076923076923077,0,20,0,0,0,0,0,71.945054945055,80.5164835164835,84.8021978021978,35.2582417582418,0,02:35:55 a.m.,1727735705.88511,150,20.90137,30.95779,44.02742,1,42,441
66fb3ce77835ef5c35ec8549,66fb3a5d7835ef5c35ec6dcb,30/09/2024 18:05:59,2024,9,30,18,5,59,1,0.8125,0.714285714285714,1,0,0,0.5,0.25,20,0,0,0,0,0,71.9642857142857,80.5357142857143,84.8214285714286,35.2678571428572,0,02:36:00 a.m.,1727735710.8952,153,20.87152,30.92556,44.01035,1,56,468
66fb3cec7835ef5c35ec857c,66fb3a5d7835ef5c35ec6dcb,30/09/2024 18:06:04,2024,9,30,18,6,5,1,0.835964912280702,0.714285714285714,1,0,0,0.583333333333333,0,20,0,0,0,0,0,72.4335839598997,81.0050125313283,85.2907268170426,35.5025062656642,0,02:36:05 a.m.,1727735715.9062,155,20.91948,30.96447,43.96162,1,51,458
66fb3cf27835ef5c35ec85af,66fb3a5d7835ef5c35ec6dcb,30/09/2024 18:06:10,2024,9,30,18,6,10,1,0.842543859649123,0.714285714285714,1,0,0,0.75,0,20,0,0,0,0,0,72.5651629072682,81.1365914786967,85.422305764411,35.5682957393484,0,02:36:10 a.m.,1727735720.91618,152,20.86177,30.95741,44.0073,1,54,465
66fb3cf77835ef5c35ec85e3,66fb3a5d7835ef5c35ec6dcb,30/09/2024 18:06:15,2024,9,30,18,6,16,1,0.805668016194332,0.678571428571429,1,0,0,0,0,19,0,0,0,0,0,71.2919317524581,79.6847888953152,83.2562174667438,34.8423944476576,0,02:36:15 a.m.,1727735725.92407,148,20.87291,30.98335,43.92233,1,57,472
66fb3cfd7835ef5c35ec8624,66fb3a5d7835ef5c35ec6dcb,30/09/2024 18:06:21,2024,9,30,18,6,21,1,0.771240601503759,0.714285714285714,1,0,0,0,0,20,0,0,0,0,0,71.1390977443609,79.7105263157895,83.9962406015038,34.8552631578947,0,02:36:20 a.m.,1727735730.93438,149,20.85301,30.98068,43.95819,1,48,453
66fb3d027835ef5c35ec8658,66fb3a5d7835ef5c35ec6dcb,30/09/2024 18:06:26,2024,9,30,18,6,26,0.992307692307693,0.763765182186235,0.714285714285714,1,0,0,0,0,20,0,0,0,0,0,70.7972816657027,79.3687102371313,83.539039907461,34.7035858877964,0,02:36:25 a.m.,1727735735.94786,155,20.87769,30.95932,43.99109,1,49,455
66fb3d077835ef5c35ec868b,66fb3a5d7835ef5c35ec6dcb,30/09/2024 18:06:31,2024,9,30,18,6,32,1,0.740601503759399,0.678571428571429,1,0,0,0,0,19,0,0,0,0,0,69.9906015037594,78.3834586466165,81.9548872180451,34.1917293233083,0,02:36:30 a.m.,1727735740.96725,158,20.90316,30.94234,44.01102,1,43,442
66fb3d0d7835ef5c35ec86be,66fb3a5d7835ef5c35ec6dcb,30/09/2024 18:06:37,2024,9,30,18,6,37,1,0.769799498746867,0.75,1,0,0,0,0.071428571428571,21,0,0,0,0,0,71.6459899749373,80.3959899749373,85.3959899749374,35.1979949874687,0,02:36:35 a.m.,1727735745.97219,156,20.87092,30.94788,44.06652,1,51,459
66fb3d127835ef5c35ec86f1,66fb3a5d7835ef5c35ec6dcb,30/09/2024 18:06:42,2024,9,30,18,6,43,1,0.769835302542069,0.75,1,0,0,0,0.214285714285714,21,0,0,0,0,0,71.6467060508414,80.3967060508414,85.3967060508414,35.1983530254207,0,02:36:40 a.m.,1727735750.98004,150,20.85142,30.96104,44.06748,1,50,457
66fb3d177835ef5c35ec8724,66fb3a5d7835ef5c35ec6dcb,30/09/2024 18:06:47,2024,9,30,18,6,48,1,0.757085020242915,0.678571428571429,1,0,0,0,1,19,0,0,0,0,0,70.3202718334297,78.7131289762869,82.2845575477155,34.3565644881434,0,02:36:45 a.m.,1727735755.98512,150,20.86376,30.96561,44.05966,1,49,454
66fb3d1d7835ef5c35ec8757,66fb3a5d7835ef5c35ec6dcb,30/09/2024 18:06:53,2024,9,30,18,6,53,1,0.765407107512371,0.678571428571429,1,0,0,0,1,19,0,0,0,0,0,70.4867135788188,78.879570721676,82.4509992931046,34.439785360838,0,02:36:50 a.m.,1727735760.98926,150,20.8956,30.96352,44.0629,1,53,463
66fb3d227835ef5c35ec878a,66fb3a5d7835ef5c35ec6dcb,30/09/2024 18:06:58,2024,9,30,18,6,58,1,0.752136752136752,0.678571428571429,1,0,0,0,1,19,0,0,0,0,0,70.2213064713065,78.6141636141636,82.1855921855922,34.3070818070818,0,02:36:55 a.m.,1727735765.99213,150,20.88545,30.94826,44.05947,1,54,464
66fb3d277835ef5c35ec87bd,66fb3a5d7835ef5c35ec6dcb,30/09/2024 18:07:03,2024,9,30,18,7,4,1,0.785714285714286,0.678571428571429,1,0.035714285714286,0,0,0.892857142857143,19,0,0,0,0,0,71.25,79.8214285714286,82.8571428571429,35,0,02:37:00 a.m.,1727735771.00114,148,20.9141,30.9742,44.04287,1,40,436
66fb3d2d7835ef5c35ec87f0,66fb3a5d7835ef5c35ec6dcb,30/09/2024 18:07:09,2024,9,30,18,7,9,0.989285714285714,0.762406015037594,0.714285714285714,1,0,0,0,1,20,0,0,0,0,0,70.6945488721805,79.265977443609,83.390977443609,34.6597744360902,0,02:37:05 a.m.,1727735776.00464,149,20.9547,30.98259,44.08398,1,46,449
66fb3d327835ef5c35ec8823,66fb3a5d7835ef5c35ec6dcb,30/09/2024 18:07:14,2024,9,30,18,7,15,0.970112781954887,0.83343776106934,0.714285714285714,1,0,0,0,1,20,0,0,0,0,0,71.6358604845447,80.2072890559733,84.0446950710109,35.1783625730994,0,02:37:10 a.m.,1727735781.01542,149,20.96465,30.98106,44.03114,1,49,454
66fb3d387835ef5c35ec8856,66fb3a5d7835ef5c35ec6dcb,30/09/2024 18:07:20,2024,9,30,18,7,20,0.984962406015038,0.766917293233083,0.678571428571429,1,0,0,0,1,19,0,0,0,0,0,70.140977443609,78.5338345864662,81.8796992481203,34.3045112781955,0,02:37:15 a.m.,1727735786.02032,147,20.96783,30.98392,44.02943,1,45,446
66fb3d3d7835ef5c35ec888a,66fb3a5d7835ef5c35ec6dcb,30/09/2024 18:07:25,2024,9,30,18,7,26,1,0.816207184628237,0.678571428571429,1,0,0,0,1,19,0,0,0,0,0,71.5027151211362,79.8955722639933,83.4670008354219,34.9477861319967,0,02:37:20 a.m.,1727735791.02531,152,20.92565,30.96771,44.04364,1,45,447
66fb3d427835ef5c35ec88bd,66fb3a5d7835ef5c35ec6dcb,30/09/2024 18:07:30,2024,9,30,18,7,31,0.995951417004049,0.847728295096716,0.678571428571429,1,0,0,0,1,19,0,0,0,0,0,72.031922755607,80.4247798984641,83.9354797249534,35.2225114067219,0,02:37:25 a.m.,1727735796.03526,156,20.95788,30.9948,44.13347,1,50,457
66fb3d487835ef5c35ec88fe,66fb3a5d7835ef5c35ec6dcb,30/09/2024 18:07:35,2024,9,30,18,7,36,0.970535312640576,0.793733957820645,0.678571428571429,1,0,0,0,1,19,0,0,0,0,0,70.3166334009987,78.7094905438559,81.8389488048931,34.4284069903265,0,02:37:30 a.m.,1727735801.04428,158,20.96943,30.98583,44.08998,1,47,451
66fb3d4d7835ef5c35ec8932,66fb3a5d7835ef5c35ec6dcb,30/09/2024 18:07:41,2024,9,30,18,7,41,0.896911396137402,0.77014841024129,0.678571428571429,1,0,0,0,1,19,0,0,0,0,0,68.0043245368323,76.3971816796894,78.422281193179,33.4563123495012,0,02:37:35 a.m.,1727735806.04748,147,21.00485,30.99251,44.10877,1,46,448
66fb3d527835ef5c35ec8965,66fb3a5d7835ef5c35ec6dcb,30/09/2024 18:07:46,2024,9,30,18,7,47,0.912231559290383,0.760737628384687,0.642857142857143,1,0,0,0,1,18,0,0,0,0,0,67.6633986928105,75.8776844070962,77.4183006535948,33.1582633053221,0,02:37:40 a.m.,1727735811.05246,152,20.99012,30.88913,44.04917,1,33,421
66fb3d577835ef5c35ec8998,66fb3a5d7835ef5c35ec6dcb,30/09/2024 18:07:51,2024,9,30,18,7,52,0.953985760971055,0.808035714285714,0.642857142857143,1,0,0,0,1,18,0,0,0,0,0,69.6532154528478,77.8675011671335,80.0344304388422,34.0487861811391,0,02:37:45 a.m.,1727735816.057,147,20.93679,30.84793,44.08464,1,32,419
66fb3d5d7835ef5c35ec89cb,66fb3a5d7835ef5c35ec6dcb,30/09/2024 18:07:57,2024,9,30,18,7,57,0.958137992038921,0.822308221534228,0.714285714285714,1,0,0,0,1,20,0,0,0,0,0,71.1138999459433,79.6853285173719,83.34311268367,34.9473192785886,0,02:37:50 a.m.,1727735821.06625,155,20.96226,30.86548,44.11755,1,32,418
66fb3d627835ef5c35ec89fe,66fb3a5d7835ef5c35ec6dcb,30/09/2024 18:08:02,2024,9,30,18,8,2,0.924081035923141,0.813669590643275,0.75,1,0,0,0.125,0.875,21,0,0,0,0,0,68.125417710944,84.8662280701754,82.1325187969925,34.8775062656642,0,02:37:55 a.m.,1727735826.07868,147,20.95828,30.86758,44.07454,1,36,428
66fb3d677835ef5c35ec8a31,66fb3a5d7835ef5c35ec6dcb,30/09/2024 18:08:07,2024,9,30,18,8,8,0.960728744939271,0.783625730994152,0.714285714285714,1,0,0,0.119230769230769,0.880769230769231,20,0,0,0,0,0,67.5478761005077,84.2980206927575,80.9020628494313,34.5864019021914,0,02:38:00 a.m.,1727735831.08612,149,20.99092,30.85213,44.06633,1,35,426
66fb3d6d7835ef5c35ec8a64,66fb3a5d7835ef5c35ec6dcb,30/09/2024 18:08:13,2024,9,30,18,8,13,0.977272727272727,0.804306220095694,0.714285714285714,1,0,0,0.742424242424242,0.257575757575758,20,0,0,0,0,0,68.3750854408749,85.2906698564593,82.0187969924812,34.9586466165414,0,02:38:05 a.m.,1727735836.09299,153,20.94953,30.87654,44.12632,1,43,442
66fb3d727835ef5c35ec8a97,66fb3a5d7835ef5c35ec6dcb,30/09/2024 18:08:18,2024,9,30,18,8,19,0.991666666666667,0.808333333333333,0.714285714285714,1,0,0,0.747222222222222,0.252777777777778,20,0,0,0,0,0,68.8154761904762,85.875,82.5714285714286,35.1428571428571,0,02:38:10 a.m.,1727735841.1031,146,20.99808,30.89619,44.08512,1,44,445
66fb3d787835ef5c35ec8aca,66fb3a5d7835ef5c35ec6dcb,30/09/2024 18:08:24,2024,9,30,18,8,24,0.996153846153846,0.766396761133603,0.714285714285714,1,0,0,0.369230769230769,0.630769230769231,20,0,0,0,0,0,68.0889242336611,85.1933198380567,81.4479467900521,34.7683632157316,0,02:38:15 a.m.,1727735846.10991,152,20.96943,30.89695,44.14749,1,51,459
66fb3d7d7835ef5c35ec8afd,66fb3a5d7835ef5c35ec6dcb,30/09/2024 18:08:29,2024,9,30,18,8,29,0.996153846153846,0.737651821862348,0.714285714285714,1,0,0,0,1,20,0,0,0,0,0,67.514025448236,84.6184210526316,80.5855986119144,34.4809138230191,0,02:38:20 a.m.,1727735850.11364,152,20.97142,30.90038,44.17982,1,41,437
66fb3d827835ef5c35ec8b30,66fb3a5d7835ef5c35ec6dcb,30/09/2024 18:08:34,2024,9,30,18,8,35,1,0.758771929824561,0.678571428571429,1,0,0,0.277777777777778,0.722222222222222,19,0,0,0,0,0,67.1397243107769,83.9254385964912,79.906015037594,34.3734335839599,0,02:38:25 a.m.,1727735855.11908,146,20.95828,30.90839,44.20748,1,37,429
66fb3d887835ef5c35ec8b63,66fb3a5d7835ef5c35ec6dcb,30/09/2024 18:08:40,2024,9,30,18,8,40,0.971428571428572,0.749248120300752,0.714285714285714,1,0,0,0,1,20,0,0,0,0,0,67.1278195488722,83.9849624060151,80.1917293233083,34.3496240601504,0,02:38:30 a.m.,1727735860.12309,155,20.97739,30.91774,44.22655,1,36,426
66fb3d8d7835ef5c35ec8b97,66fb3a5d7835ef5c35ec6dcb,30/09/2024 18:08:45,2024,9,30,18,8,45,0.996428571428571,0.771992481203007,0.714285714285714,1,0,0,0,1,20,0,0,0,0,0,68.2077067669173,85.3148496240602,81.6240601503759,34.8270676691729,0,02:38:35 a.m.,1727735865.12747,153,21.04405,30.93338,44.18774,1,38,431
66fb3d927835ef5c35ec8bca,66fb3a5d7835ef5c35ec6dcb,30/09/2024 18:08:50,2024,9,30,18,8,51,1,0.821862348178138,0.678571428571429,1,0,0,0.051282051282051,0.948717948717949,19,0,0,0,0,0,68.4015326778485,85.1872469635628,81.7987275882013,35.0043377674957,0,02:38:40 a.m.,1727735870.13692,146,21.04405,30.91354,44.14396,1,41,438
66fb3d977835ef5c35ec8bfd,66fb3a5d7835ef5c35ec6dcb,30/09/2024 18:08:55,2024,9,30,18,8,56,1,0.763157894736842,0.678571428571429,1,0,0,0.166666666666667,0.833333333333333,19,0,0,0,0,0,67.2274436090226,84.0131578947368,80.0375939849624,34.4172932330827,0,02:38:45 a.m.,1727735875.14447,155,21.02694,30.88131,44.1329,1,36,428
66fb3d9d7835ef5c35ec8c3f,66fb3a5d7835ef5c35ec6dcb,30/09/2024 18:09:01,2024,9,30,18,9,1,1,0.789473684210526,0.678571428571429,1,0.205128205128205,0,0.153846153846154,0.641025641025641,19,0,0,0,0,0,69.8050414497783,84.5394736842105,80.8270676691729,36.7317331791016,0,02:38:50 a.m.,1727735880.15564,146,21.01659,30.90439,44.19537,1,41,439
66fb3da27835ef5c35ec8c72,66fb3a5d7835ef5c35ec6dcb,30/09/2024 18:09:06,2024,9,30,18,9,7,1,0.736842105263158,0.678571428571429,1,0.081944444444444,0,0.3375,0.580555555555556,19,0,0,0,0,0,67.5205722639933,83.4868421052632,79.2481203007519,34.9735797827903,0,02:38:55 a.m.,1727735885.15986,143,21.00226,30.9473,44.15617,1,37,429
66fb3da87835ef5c35ec8ca5,66fb3a5d7835ef5c35ec6dcb,30/09/2024 18:09:12,2024,9,30,18,9,12,1,0.779904306220096,0.678571428571429,1,0,0,0.484848484848485,0.515151515151515,19,0,0,0,0,0,67.5623718386876,84.3480861244019,80.53998632946,34.5847573479152,0,02:39:00 a.m.,1727735890.16302,147,20.96405,30.97496,44.12079,1,47,450
66fb3dad7835ef5c35ec8cd8,66fb3a5d7835ef5c35ec6dcb,30/09/2024 18:09:17,2024,9,30,18,9,18,0.975,0.752192982456141,0.714285714285714,0.918040293040293,0.227777777777778,0,0.238888888888889,0.533333333333333,20,0,0,0.033333333333333,0,0,68.7341832144464,83.3492625795257,80.3872180451128,35.8729676755993,0,02:39:05 a.m.,1727735895.17115,152,20.99948,30.93185,44.06652,1,48,453
66fb3db37835ef5c35ec8d0b,66fb3a5d7835ef5c35ec6dcb,30/09/2024 18:09:23,2024,9,30,18,9,23,0.950396825396825,0.737197159565581,0.75,0.873489010989011,0.069444444444444,0.14375,0.220833333333333,0.565972222222222,21,0,0,0.043650793650794,0,0,68.1206983805668,82.9927221900906,80.6278195488722,33.8052744039586,0,02:39:10 a.m.,1727735900.18104,152,21.01719,30.90687,44.00978,1,40,435
66fb3db87835ef5c35ec8d3e,66fb3a5d7835ef5c35ec6dcb,30/09/2024 18:09:28,2024,9,30,18,9,29,0.977289377289377,0.706284943127048,0.75,0.920206396167935,0.065632832080201,0.322897883849896,0,0.611469284069903,21,0,0,0.047619047619048,0,0,70.3953044157557,83.7828910293485,80.5072296124928,34.1941354866456,0,02:39:15 a.m.,1727735905.18596,144,21.01798,30.87406,43.99357,1,39,434
66fb3dbe7835ef5c35ec8d71,66fb3a5d7835ef5c35ec6dcb,30/09/2024 18:09:34,2024,9,30,18,9,34,0.944670704539126,0.766402116402116,0.75,0.965018315018315,0,0.229122150997151,0,0.770877849002849,21,0,0,0.023809523809524,0,0,69.6362146016751,84.2917001370949,81.3321846282373,34.2609113595956,0,02:39:20 a.m.,1727735910.2007,143,20.99569,30.85995,44.0218,1,50,458
66fb3dc37835ef5c35ec8da4,66fb3a5d7835ef5c35ec6dcb,30/09/2024 18:09:39,2024,9,30,18,9,39,0.947368421052632,0.755980861244019,0.678571428571429,0.937624875124875,0,0.679013878278584,0,0.320986121721416,19,0,0,0.043062200956938,0,0,71.9345009995165,81.4037607129712,78.2433356117567,33.1954558599296,0,02:39:25 a.m.,1727735915.20387,144,20.92744,30.867,43.99281,1,51,459
66fb3dc87835ef5c35ec8dd7,66fb3a5d7835ef5c35ec6dcb,30/09/2024 18:09:44,2024,9,30,18,9,45,0.947368421052632,0.769230769230769,0.678571428571429,0.949587912087912,0,0,0.051282051282051,0.948717948717949,19,0,0,0.040485829959514,0,0,65.528990746096,81.7883892423366,78.6408328513592,33.4475853094274,0,02:39:30 a.m.,1727735920.20784,152,20.92704,30.79395,44.07444,1,49,455
66fb3dce7835ef5c35ec8e0a,66fb3a5d7835ef5c35ec6dcb,30/09/2024 18:09:50,2024,9,30,18,9,50,0.947368421052632,0.778195488721805,0.678571428571429,0.939863445378151,0,0,0,1,19,0,0,0.052631578947368,0,0,65.6110404688191,81.8704389650597,78.9097744360902,33.4399878372402,0,02:39:35 a.m.,1727735925.21137,152,20.94813,30.80883,44.09332,1,43,442
66fb3dd37835ef5c35ec8e3d,66fb3a5d7835ef5c35ec6dcb,30/09/2024 18:09:55,2024,9,30,18,9,55,0.934094852515905,0.763736263736264,0.75,0.936858974358974,0.038461538461539,0,0,0.961538461538462,21,0,0,0.047619047619048,0,0,67.130301715828,83.5866348563717,80.9349334875651,34.2315162907268,0,02:39:40 a.m.,1727735930.21614,144,20.95132,30.8075,44.21015,1,35,425
66fb3dd87835ef5c35ec8e71,66fb3a5d7835ef5c35ec6dcb,30/09/2024 18:10:00,2024,9,30,18,10,1,0.927935222672065,0.77914979757085,0.714285714285714,0.920666343460461,0.038461538461539,0.360470085470086,0,0.601068376068376,20,0,0,0.05,0,0,69.8344990492823,82.2673921795439,79.783979178716,33.8049861645063,0,02:39:45 a.m.,1727735935.22323,144,21.02057,30.80826,44.30742,1,42,440
66fb3dde7835ef5c35ec8eb3,66fb3a5d7835ef5c35ec6dcb,30/09/2024 18:10:06,2024,9,30,18,10,6,0.936437246963563,0.795748987854251,0.714285714285714,0.935326438267615,0,0.361901643248392,0,0.638098356751607,20,0,0,0.05,0,0,70.155334603477,83.0435477834859,80.537015615963,33.8179838737114,0,02:39:50 a.m.,1727735940.22719,149,21.01579,30.88245,44.35482,1,38,432
66fb3de37835ef5c35ec8ee6,66fb3a5d7835ef5c35ec6dcb,30/09/2024 18:10:11,2024,9,30,18,10,12,0.9,0.783333333333333,0.714285714285714,0.919342320261438,0,0.546762740183793,0,0.453237259816207,20,0,0,0.033333333333333,0.033333333333333,0,70.6848601282618,81.3600898692811,79.0714285714286,33.1696136788049,0,02:39:55 a.m.,1727735945.23014,142,21.00584,30.88131,44.26556,1,36,427
66fb3de97835ef5c35ec8f19,66fb3a5d7835ef5c35ec6dcb,30/09/2024 18:10:17,2024,9,30,18,10,17,0.881547619047619,0.729563492063492,0.75,0.92687033146592,0,0.312765522875817,0,0.687234477124183,21,0,0,0.035714285714286,0.01984126984127,0,67.7763188608777,80.9641398225957,78.3333333333333,32.8798144257703,0,02:40:00 a.m.,1727735950.23669,147,20.99052,30.88646,44.18707,1,35,425
66fb3dee7835ef5c35ec8f4c,66fb3a5d7835ef5c35ec6dcb,30/09/2024 18:10:22,2024,9,30,18,10,22,0.898015873015873,0.71031746031746,0.75,0.908961340946635,0,0,0.166666666666667,0.833333333333333,21,0,0,0.047619047619048,0,0,64.4963594412124,80.9765181713711,78.25,32.6729467427997,0,02:40:05 a.m.,1727735955.24487,152,20.99291,30.86433,44.19985,1,31,417
66fb3df57835ef5c35ec8f7f,66fb3a5d7835ef5c35ec6dcb,30/09/2024 18:10:29,2024,9,30,18,10,29,0.883333333333333,0.711111111111111,0.714285714285714,0.924908424908425,0.228835978835979,0.074074074074074,0.148809523809524,0.548280423280423,20,0,0,0.05,0,0,66.4408831908832,79.3879731379731,76.4047619047619,34.6247456247456,0,02:40:10 a.m.,1727735960.26372,149,21.0339,30.84869,44.23361,1,33,421
66fb3dfa7835ef5c35ec8fb2,66fb3a5d7835ef5c35ec6dcb,30/09/2024 18:10:34,2024,9,30,18,10,34,0.89578947368421,0.723947368421053,0.714285714285714,0.924336080586081,0.375,0,0.25,0.375,20,0,0,0.05,0,0,67.72418787353,80.0749397532292,77.1635338345864,36.3335863697706,0,02:40:15 a.m.,1727735965.26872,150,21.03788,30.85213,44.22865,1,28,411
66fb3dff7835ef5c35ec8fe5,66fb3a5d7835ef5c35ec6dcb,30/09/2024 18:10:39,2024,9,30,18,10,40,0.907372598162072,0.695426065162907,0.75,0.887657027498359,0.558333333333333,0,0.15,0.291666666666667,21,0,0,0.047619047619048,0,0,69.8027398656268,80.7931325139142,78.0839598997494,37.9878902415667,0,02:40:20 a.m.,1727735970.27963,146,21.00365,30.88017,44.23962,1,34,424
66fb3e047835ef5c35ec9018,66fb3a5d7835ef5c35ec6dcb,30/09/2024 18:10:44,2024,9,30,18,10,45,0.950476190476191,0.866428571428571,0.75,0.945614035087719,0.172619047619048,0.367857142857143,0.45952380952381,0,21,0,0,0.047619047619048,0,0,74.7013784461153,86.3013784461153,84.5071428571429,36.8513784461153,0,02:40:25 a.m.,1727735975.28575,146,20.97221,30.88493,44.18077,1,27,408
66fb3e0a7835ef5c35ec904b,66fb3a5d7835ef5c35ec6dcb,30/09/2024 18:10:50,2024,9,30,18,10,50,0.981818181818182,0.853827751196172,0.714285714285714,0.942067736185383,0.155844155844156,0.480519480519481,0.363636363636364,0,20,0,0,0.05,0,0,75.263466152011,85.8608687494136,83.6408065618592,36.4784353932961,0,02:40:30 a.m.,1727735980.29153,146,20.95749,30.8445,44.2524,1,35,425
66fb3e0f7835ef5c35ec907f,66fb3a5d7835ef5c35ec6dcb,30/09/2024 18:10:55,2024,9,30,18,10,56,1,0.810526315789474,0.678571428571429,0.940441176470589,0.1375,0.507142857142857,0.355357142857143,0,19,0,0,0.052631578947368,0,0,74.0256523662097,84.3649380804954,81.4586466165414,35.6703892083149,0,02:40:35 a.m.,1727735985.2937,138,20.88943,30.89046,44.2112,1,33,422
66fb3e157835ef5c35ec90c0,66fb3a5d7835ef5c35ec6dcb,30/09/2024 18:11:01,2024,9,30,18,11,1,1,0.903267973856209,0.642857142857143,0.938602941176471,0.114087301587302,0.523015873015873,0.362896825396825,0,18,0,0,0.055555555555556,0,0,74.8938492063492,84.9513888888889,82.812324929972,35.9881535947712,0,02:40:40 a.m.,1727735990.29699,150,20.90694,30.90992,44.2132,1,40,435
66fb3e1a7835ef5c35ec90f4,66fb3a5d7835ef5c35ec6dcb,30/09/2024 18:11:06,2024,9,30,18,11,7,1,0.811546840958606,0.714285714285714,0.970281862745098,0.158730158730159,0.273809523809524,0.150793650793651,0,20,0,0,0.025,0,0,73.1162951291628,85.9337554466231,82.9178338001868,36.5484457671958,0,02:40:45 a.m.,1727735995.30945,143,20.91788,30.89104,44.21453,1,40,436
66fb3e207835ef5c35ec9127,66fb3a5d7835ef5c35ec6dcb,30/09/2024 18:11:11,2024,9,30,18,11,12,0.971392767633369,0.767278314834706,0.75,0.988512949039265,0.428571428571429,0,0,0,21,0,0,0.010204081632653,0,0,72.5512292636353,85.4794426542547,82.1601324740423,39.0575546007877,0,02:40:50 a.m.,1727736000.31504,142,20.92744,30.90839,44.1823,1,44,444
66fb3e267835ef5c35ec915a,66fb3a5d7835ef5c35ec6dcb,30/09/2024 18:11:18,2024,9,30,18,11,19,1,0.75359231411863,0.714285714285714,0.943959776893214,1,0,0,0,20,0,0,0.05,0,0,77.3685869084476,84.5114440513047,81.1791979949875,44.1183780529756,0,02:40:55 a.m.,1727736005.32111,152,20.89878,30.92823,44.22264,1,43,442
66fb3e2c7835ef5c35ec918d,66fb3a5d7835ef5c35ec6dcb,30/09/2024 18:11:24,2024,9,30,18,11,24,0.960916179337232,0.778508771929824,0.714285714285714,0.941036639014581,0.25,0.416666666666667,0,0,20,0,0,0.041666666666667,0,0,73.5272558359826,83.6126081055454,80.7541771094403,36.4474730456735,0,02:41:00 a.m.,1727736010.32776,142,20.88605,30.91087,44.1246,1,39,434
66fb3e317835ef5c35ec91c0,66fb3a5d7835ef5c35ec6dcb,30/09/2024 18:11:29,2024,9,30,18,11,29,0.968684210526316,0.788713450292398,0.714285714285714,0.955494505494506,0,0.855,0.06,0.085,20,0,0,0.03,0,0,75.9534621810938,84.233161429214,81.29335839599,34.2717788059893,0,02:41:05 a.m.,1727736015.33287,143,20.92465,30.92594,44.17086,1,39,435
66fb3e367835ef5c35ec91f3,66fb3a5d7835ef5c35ec6dcb,30/09/2024 18:11:34,2024,9,30,18,11,35,1,0.786842105263158,0.678571428571429,1,0,0.6,0.18,0.22,19,0,0,0,0,0,73.7011278195489,84.4868421052632,80.7481203007519,34.6541353383459,0,02:41:10 a.m.,1727736020.3485,150,20.95609,30.93948,44.12031,1,32,418
66fb3e3c7835ef5c35ec9226,66fb3a5d7835ef5c35ec6dcb,30/09/2024 18:11:40,2024,9,30,18,11,40,1,0.744444444444445,0.642857142857143,1,0,0.675,0.225,0.1,18,0,0,0,0,0,72.7103174603175,82.3888888888889,78.0476190476191,33.8730158730159,0,02:41:15 a.m.,1727736025.36125,140,20.98097,30.93472,44.10677,1,30,415
66fb3e417835ef5c35ec9259,66fb3a5d7835ef5c35ec6dcb,30/09/2024 18:11:45,2024,9,30,18,11,45,1,0.79327485380117,0.678571428571429,1,0.016666666666667,0.68,0.126666666666667,0.176666666666667,19,0,0,0,0,0,74.7964494569758,84.6154970760234,80.9411027568922,34.8851294903926,0,02:41:20 a.m.,1727736030.36701,143,21.00863,30.97382,44.01531,1,27,407
66fb3e467835ef5c35ec928d,66fb3a5d7835ef5c35ec6dcb,30/09/2024 18:11:50,2024,9,30,18,11,51,1,0.767942583732058,0.678571428571429,1,0,0.224242424242424,0.56969696969697,0.206060606060606,19,0,0,0,0,0,69.5655616313511,84.1088516746411,80.1811346548189,34.4651401230349,0,02:41:25 a.m.,1727736035.37325,146,21.02375,30.97496,43.96954,1,25,402
66fb3e4c7835ef5c35ec92ce,66fb3a5d7835ef5c35ec6dcb,30/09/2024 18:11:56,2024,9,30,18,11,56,1,0.769459298871064,0.642857142857143,1,0,0,0.734848484848485,0.174242424242424,18,0,0,0,0,0,66.4606145488498,82.8891859774213,78.7980646804176,34.1231644172821,0,02:41:30 a.m.,1727736040.38031,141,21.02853,30.93014,43.92395,1,26,405
66fb3e517835ef5c35ec9302,66fb3a5d7835ef5c35ec6dcb,30/09/2024 18:12:01,2024,9,30,18,12,1,1,0.818082788671024,0.642857142857143,1,0.041666666666667,0,0.569444444444444,0.222222222222222,18,0,0,0,0,0,67.8497510115157,83.8616557734205,80.2567693744164,35.0260659819483,0,02:41:35 a.m.,1727736045.38685,152,20.99132,30.9412,43.93559,1,27,407
66fb3e567835ef5c35ec9335,66fb3a5d7835ef5c35ec6dcb,30/09/2024 18:12:06,2024,9,30,18,12,7,1,0.813725490196079,0.607142857142857,1,0,0,0.916666666666667,0,17,0,0,0,0,0,66.453081232493,82.5245098039215,78.6974789915967,34.2086834733894,0,02:41:40 a.m.,1727736050.39499,143,20.98176,30.93891,43.92939,1,24,400
66fb3e5c7835ef5c35ec9368,66fb3a5d7835ef5c35ec6dcb,30/09/2024 18:12:12,2024,9,30,18,12,12,1,0.823529411764706,0.607142857142857,1,0.535714285714286,0,0,0.464285714285714,17,0,0,0,0,0,72.0063025210084,82.7205882352941,78.9915966386555,39.6638655462185,0,02:41:45 a.m.,1727736055.41783,136,21.01957,30.93624,43.89582,1,30,414
66fb3e617835ef5c35ec939b,66fb3a5d7835ef5c35ec6dcb,30/09/2024 18:12:17,2024,9,30,18,12,17,1,0.773109243697479,0.607142857142857,0.991071428571429,0.428571428571429,0,0.214285714285714,0.357142857142857,17,0,0,0,0.008403361344538,0,69.8371848739496,81.6228991596639,77.4789915966387,37.9989495798319,0,02:41:50 a.m.,1727736060.42372,143,20.98813,30.95493,43.89715,1,22,400
66fb3e677835ef5c35ec93ce,66fb3a5d7835ef5c35ec6dcb,30/09/2024 18:12:22,2024,9,30,18,12,23,1,0.794117647058824,0.642857142857143,1,0.183333333333333,0,0.566666666666667,0.25,18,0,0,0,0,0,68.7871148459384,83.3823529411765,79.5378151260504,36.203081232493,0,02:41:55 a.m.,1727736065.42792,146,20.9348,30.93662,43.90507,1,20,400
66fb3e6c7835ef5c35ec9401,66fb3a5d7835ef5c35ec6dcb,30/09/2024 18:12:28,2024,9,30,18,12,28,1,0.812745098039216,0.642857142857143,1,0,0,0.35,0.65,18,0,0,0,0,0,67.3263305322129,83.7549019607843,80.0966386554622,34.5560224089636,0,02:42:00 a.m.,1727736070.44186,146,20.94077,30.95455,43.87999,1,22,400
66fb3e717835ef5c35ec9434,66fb3a5d7835ef5c35ec6dcb,30/09/2024 18:12:33,2024,9,30,18,12,33,1,0.836098541980895,0.678571428571429,1,0.030769230769231,0.107692307692308,0,0.861538461538462,19,0,0,0,0,0,70.070871938519,85.4719708396179,82.225813402284,35.4543920132155,0,02:42:05 a.m.,1727736075.44851,144,20.91629,30.95417,43.87026,1,31,416
66fb3e777835ef5c35ec9467,66fb3a5d7835ef5c35ec6dcb,30/09/2024 18:12:39,2024,9,30,18,12,39,1,0.802161890397185,0.678571428571429,1,0.038461538461539,0.807692307692308,0,0,19,0,0,0,0,0,76.4690619837679,84.7932378079437,81.2077138547727,35.1919485743015,0,02:42:10 a.m.,1727736080.45264,146,20.88425,30.97878,43.86435,1,34,424
66fb3e7c7835ef5c35ec949a,66fb3a5d7835ef5c35ec6dcb,30/09/2024 18:12:44,2024,9,30,18,12,45,1,0.831070889894419,0.642857142857143,1,0,0.75,0,0.25,18,0,0,0,0,0,75.192846369317,84.1214177978884,80.6464124111183,34.7392803275156,0,02:42:15 a.m.,1727736085.45929,146,20.91172,30.9761,43.79625,1,32,418
66fb3e827835ef5c35ec94cd,66fb3a5d7835ef5c35ec6dcb,30/09/2024 18:12:49,2024,9,30,18,12,50,1,0.832830568124686,0.642857142857143,1,0,0.611538461538462,0,0.388461538461538,18,0,0,0,0,0,73.8434245493069,84.1566113624937,80.6992027580263,34.7568771098183,0,02:42:20 a.m.,1727736090.46567,149,20.8942,30.94044,43.78557,1,32,418
66fb3e877835ef5c35ec9500,66fb3a5d7835ef5c35ec6dcb,30/09/2024 18:12:55,2024,9,30,18,12,55,1,0.857466063348416,0.642857142857143,1,0,0.167582417582418,0.084249084249084,0.286630036630037,18,0,0,0,0,0,69.8965740142211,84.6493212669683,81.4382676147382,35.0032320620556,0,02:42:25 a.m.,1727736095.46825,147,20.8958,30.96161,43.82048,1,33,421
66fb3e8c7835ef5c35ec9534,66fb3a5d7835ef5c35ec6dcb,30/09/2024 18:13:00,2024,9,30,18,13,1,0.951355661881978,0.867889420520999,0.678571428571429,1,0,0.623376623376623,0.168831168831169,0.207792207792208,19,0,0,0,0,0,74.3397319055214,84.4052365762892,81.7202096149465,34.9781651097441,0,02:42:30 a.m.,1727736100.47547,140,20.90455,30.9454,43.76898,1,35,425
66fb3e927835ef5c35ec9576,66fb3a5d7835ef5c35ec6dcb,30/09/2024 18:13:06,2024,9,30,18,13,6,0.945507708665604,0.861509835194046,0.678571428571429,1,0,0.607142857142857,0.19047619047619,0.202380952380952,19,0,0,0,0,0,73.9036037062353,84.072966507177,81.3533834586466,34.8558897243108,0,02:42:35 a.m.,1727736105.4835,138,20.8954,30.91927,43.70861,1,40,437
66fb3e977835ef5c35ec95a9,66fb3a5d7835ef5c35ec6dcb,30/09/2024 18:13:11,2024,9,30,18,13,12,0.985380116959064,0.864699627857523,0.678571428571429,1,0,0.558441558441558,0.255411255411255,0.186147186147186,19,0,0,0,0,0,74.4771967798283,85.5322966507177,82.6452494873548,35.2865117338802,0,02:42:40 a.m.,1727736110.49024,138,20.92087,30.97801,43.68887,1,29,412
66fb3e9f7835ef5c35ec95dc,66fb3a5d7835ef5c35ec6dcb,30/09/2024 18:13:19,2024,9,30,18,13,19,1,0.849673202614379,0.642857142857143,1,0,0.684126984126984,0.095238095238095,0.220634920634921,18,0,0,0,0,0,74.906162464986,84.4934640522876,81.2044817927171,34.9253034547152,0,02:42:45 a.m.,1727736115.49468,138,20.975,30.99918,43.67504,1,35,426
66fb3ea47835ef5c35ec960f,66fb3a5d7835ef5c35ec6dcb,30/09/2024 18:13:24,2024,9,30,18,13,25,0.995726495726496,0.868798126538064,0.678571428571429,1,0.038461538461539,0.238461538461538,0.235897435897436,0.487179487179487,19,0,0,0,0,0,72.0026414074402,85.9763898811886,83.078595810794,35.8155758929753,0,02:42:50 a.m.,1727736120.5022,141,20.95311,30.95932,43.63623,1,40,436
66fb3eac7835ef5c35ec9652,66fb3a5d7835ef5c35ec6dcb,30/09/2024 18:13:32,2024,9,30,18,13,32,0.972222222222222,0.805555555555556,0.714285714285714,1,0.416666666666667,0,0.166666666666667,0.416666666666667,20,0,0,0,0,0,72.4404761904762,85.1388888888889,81.9047619047619,39.0873015873016,0,02:42:55 a.m.,1727736125.50838,144,20.97778,30.95589,43.63585,1,43,442
66fb3eb17835ef5c35ec9685,66fb3a5d7835ef5c35ec6dcb,30/09/2024 18:13:37,2024,9,30,18,13,38,0.942865497076024,0.823304093567251,0.714285714285714,0.94843782249742,0.233333333333333,0.326666666666667,0.083333333333333,0.356666666666667,20,0,0,0.045,0,0,72.9792403803627,83.9507524939801,81.5565162907268,36.6222646075974,0,02:43:00 a.m.,1727736130.51378,141,20.99689,30.95779,43.59455,1,45,447
66fb3eb67835ef5c35ec96b8,66fb3a5d7835ef5c35ec6dcb,30/09/2024 18:13:42,2024,9,30,18,13,43,0.944410044719642,0.816597867217062,0.678571428571429,0.941748366013072,0.345,0.09,0.245,0.32,19,0,0,0.052631578947368,0,0,70.6739778367487,82.5537925696595,79.9730945009583,37.263277065212,0,02:43:05 a.m.,1727736135.52861,139,21.00564,30.93796,43.63298,1,43,443
66fb3ebc7835ef5c35ec96eb,66fb3a5d7835ef5c35ec6dcb,30/09/2024 18:13:48,2024,9,30,18,13,48,0.942156862745098,0.854575163398693,0.714285714285714,0.946461988304094,0.056666666666667,0.476666666666667,0.238333333333333,0.228333333333333,20,0,0,0.05,0,0,73.3005209101184,84.5316133470932,82.4733893557423,35.1414639540027,0,02:43:10 a.m.,1727736140.53219,137,21.04743,30.85499,43.58397,1,43,442
66fb3ec17835ef5c35ec971e,66fb3a5d7835ef5c35ec6dcb,30/09/2024 18:13:53,2024,9,30,18,13,54,0.956432748538012,0.858187134502924,0.714285714285714,0.946140350877193,0.17202380952381,0.501785714285714,0.225595238095238,0.100595238095238,20,0,0,0.05,0,0,75.1312030075188,85.1002923976608,83.0100250626566,36.4706975772765,0,02:43:15 a.m.,1727736145.53949,136,21.07171,30.85995,43.64824,1,46,448
66fb3ec77835ef5c35ec9751,66fb3a5d7835ef5c35ec6dcb,30/09/2024 18:13:59,2024,9,30,18,13,59,0.973039215686275,0.881263616557734,0.714285714285714,0.94766081871345,0.14700176366843,0.370634920634921,0.296781305114638,0.185582010582011,20,0,0,0.05,0,0,74.4613706106224,86.1582530673088,84.2005135387489,36.632511289116,0,02:43:20 a.m.,1727736150.54375,137,21.02833,30.84507,43.71319,1,51,460
66fb3ecc7835ef5c35ec9784,66fb3a5d7835ef5c35ec6dcb,30/09/2024 18:14:04,2024,9,30,18,14,5,0.973447712418301,0.850081699346405,0.642857142857143,0.938680101670298,0.122354497354497,0.367063492063492,0.265873015873016,0.244708994708995,18,0,0,0.055555555555556,0,0,71.6902362796971,82.9591049382716,80.4201680672269,35.2742115364664,0,02:43:25 a.m.,1727736155.54654,144,21.0347,30.85499,43.72587,1,53,464
66fb3ed27835ef5c35ec97b7,66fb3a5d7835ef5c35ec6dcb,30/09/2024 18:14:09,2024,9,30,18,14,10,1,0.866013071895425,0.642857142857143,0.940994916485113,0.125440917107584,0.346560846560847,0.277116402116402,0.250881834215168,18,0,0,0.055555555555556,0,0,72.5216568108725,84.2302106027596,81.6946778711485,35.7530604834526,0,02:43:30 a.m.,1727736160.55101,146,21.02156,30.85957,43.74018,1,43,442
66fb3ed77835ef5c35ec97ea,66fb3a5d7835ef5c35ec6dcb,30/09/2024 18:14:15,2024,9,30,18,14,15,1,0.780319535221496,0.678571428571429,0.944769330734243,0.118033509700176,0.338227513227513,0.307671957671958,0.236067019400353,19,0,0,0.052631578947368,0,0,71.580979955335,83.8040840117723,80.552443199502,35.2169380422734,0,02:43:35 a.m.,1727736165.5571,140,21.00047,30.82943,43.75229,1,45,447
66fb3edd7835ef5c35ec981e,66fb3a5d7835ef5c35ec6dcb,30/09/2024 18:14:21,2024,9,30,18,14,21,1,0.856209150326797,0.678571428571429,0.945094217024042,0.123897707231041,0.355820105820106,0.272486772486772,0.247795414462081,19,0,0,0.052631578947368,0,0,73.3365890215736,85.3251251767764,82.8291316526611,36.0377250315331,0,02:43:40 a.m.,1727736170.56583,136,21.01321,30.84469,43.78872,1,39,434
66fb3ee27835ef5c35ec9860,66fb3a5d7835ef5c35ec6dcb,30/09/2024 18:14:26,2024,9,30,18,14,27,1,0.810457516339869,0.642857142857143,0.944444444444444,0.146604938271605,0.347222222222222,0.265432098765432,0.240740740740741,18,0,0,0.055555555555556,0,0,71.6632949476087,83.1535947712418,80.0280112044818,35.4436404191306,0,02:43:45 a.m.,1727736175.57636,137,21.01042,30.88207,43.85653,1,44,444
66fb3ee87835ef5c35ec9893,66fb3a5d7835ef5c35ec6dcb,30/09/2024 18:14:32,2024,9,30,18,14,32,1,0.790032679738562,0.75,0.947925368978001,0.192732884399551,0.316105499438833,0.272194163860831,0.218967452300786,21,0,0,0.047619047619048,0,0,74.1182911229351,86.5299072845512,83.7009803921569,36.8069093311611,0,02:43:50 a.m.,1727736180.58535,137,20.96266,30.8176,43.90841,1,42,440
66fb3eed7835ef5c35ec98c6,66fb3a5d7835ef5c35ec6dcb,30/09/2024 18:14:37,2024,9,30,18,14,37,1,0.8125,0.75,0.949974937343358,0.241666666666667,0.373611111111111,0.143055555555556,0.241666666666667,21,0,0,0.047619047619048,0,0,75.6525271512114,86.9997493734336,84.375,37.5414160401003,0,02:43:55 a.m.,1727736185.59254,140,20.92445,30.78594,43.96648,1,42,440
66fb3ef27835ef5c35ec98f9,66fb3a5d7835ef5c35ec6dcb,30/09/2024 18:14:42,2024,9,30,18,14,43,1,0.857352941176471,0.75,0.950714285714286,0.216212121212121,0.351590909090909,0.215984848484848,0.216212121212121,21,0,0,0.047619047619048,0,0,76.0822319837026,87.9042016806723,85.7205882352941,37.7427934810288,0,02:44:00 a.m.,1727736190.6013,144,20.89858,30.80978,43.96534,1,40,437
66fb3ef87835ef5c35ec992c,66fb3a5d7835ef5c35ec6dcb,30/09/2024 18:14:48,2024,9,30,18,14,48,1,0.814950980392157,0.75,0.951587301587302,0.103968253968254,0.424382716049383,0.276322751322751,0.195326278659612,21,0,0,0.047619047619048,0,0,74.8484023238925,87.0648926237162,84.4485294117647,36.2050653594771,0,02:44:05 a.m.,1727736195.60575,147,20.90216,30.81341,44.03343,1,27,408
66fb3efd7835ef5c35ec995f,66fb3a5d7835ef5c35ec6dcb,30/09/2024 18:14:53,2024,9,30,18,14,54,0.961873638344227,0.845679012345679,0.75,0.950793650793651,0.039329805996473,0.50299823633157,0.223456790123457,0.234215167548501,21,0,0,0.047619047619048,0,0,74.6416381367362,86.337094096898,84.2265795206972,35.4767610748003,0,02:44:10 a.m.,1727736200.61035,137,20.92485,30.85861,44.06061,1,38,432
66fb3f037835ef5c35ec9992,66fb3a5d7835ef5c35ec6dcb,30/09/2024 18:14:58,2024,9,30,18,14,59,0.988235294117647,0.81687091503268,0.785714285714286,0.951217214158391,0.140873015873016,0.49047619047619,0.086904761904762,0.281746031746032,22,0,0,0.045454545454546,0,0,76.5118220015279,87.9378257363551,85.5817577030812,36.8291072489602,0,02:44:15 a.m.,1727736205.61875,137,20.87311,30.82371,44.032,1,35,426
66fb3f087835ef5c35ec99c5,66fb3a5d7835ef5c35ec6dcb,30/09/2024 18:15:04,2024,9,30,18,15,4,1,0.823988074762069,0.678571428571429,0.942628903413217,0.152116402116402,0.304232804232804,0.239417989417989,0.304232804232804,19,0,0,0.052631578947368,0,0,72.4338283071513,84.6560505293735,81.8624993857192,35.9730480886312,0,02:44:20 a.m.,1727736210.63268,142,20.88306,30.83382,43.98212,1,33,421
66fb3f0d7835ef5c35ec99f8,66fb3a5d7835ef5c35ec6dcb,30/09/2024 18:15:09,2024,9,30,18,15,9,1,0.867456140350877,0.714285714285714,0.942116013071895,0.272619047619048,0.280952380952381,0.11547619047619,0.330952380952381,20,0,0,0.05,0,0,75.1631400805936,86.7702829377365,84.5951127819549,37.9647691532753,0,02:44:25 a.m.,1727736215.64025,146,20.91928,30.81398,43.94274,1,40,435
66fb3f137835ef5c35ec9a2b,66fb3a5d7835ef5c35ec6dcb,30/09/2024 18:15:15,2024,9,30,18,15,15,1,0.832465522094005,0.678571428571429,0.943521906370204,0.167676767676768,0.365656565656566,0.131313131313131,0.335353535353535,19,0,0,0.052631578947368,0,0,73.3821485532012,84.8345295055821,82.1168228056773,36.2223562471241,0,02:44:30 a.m.,1727736220.6454,141,20.91609,30.79758,43.92691,1,38,431
66fb3f187835ef5c35ec9a5e,66fb3a5d7835ef5c35ec6dcb,30/09/2024 18:15:20,2024,9,30,18,15,20,1,0.872549019607843,0.642857142857143,0.944081336238199,0.158024691358025,0.504938271604938,0.112345679012346,0.224691358024691,18,0,0,0.055555555555556,0,0,74.5928519555971,84.3917937545389,81.890756302521,36.1751219006121,0,02:44:35 a.m.,1727736225.65403,140,20.88346,30.81703,43.93644,1,35,426
66fb3f1e7835ef5c35ec9a92,66fb3a5d7835ef5c35ec6dcb,30/09/2024 18:15:25,2024,9,30,18,15,26,1,0.814724037763254,0.642857142857143,0.942265795206972,0.195959595959596,0.48989898989899,0.118181818181818,0.195959595959596,18,0,0,0.055555555555556,0,0,73.6471531373492,83.2171387073348,80.1560068471833,35.9580657178696,0,02:44:40 a.m.,1727736230.65873,131,20.91848,30.82714,43.92176,1,44,444
66fb3f237835ef5c35ec9ad4,66fb3a5d7835ef5c35ec6dcb,30/09/2024 18:15:31,2024,9,30,18,15,31,1,0.880555555555556,0.607142857142857,0.9369825708061,0.199119399119399,0.57057757057757,0.065371665371665,0.164931364931365,17,0,0,0.058823529411765,0,0,74.8564779447132,83.2309368191721,80.702380952381,36.2380038262391,0,02:44:45 a.m.,1727736235.66301,137,20.95072,30.83515,43.89076,1,43,443
66fb3f287835ef5c35ec9b07,66fb3a5d7835ef5c35ec6dcb,30/09/2024 18:15:36,2024,9,30,18,15,37,0.956481481481482,0.882804232804233,0.571428571428571,0.934259259259259,0.17003367003367,0.574915824915825,0.085016835016835,0.17003367003367,16,0,0,0.0625,0,0,72.6459235209235,80.4755291005291,78.0357142857143,35.1500721500722,0,02:44:50 a.m.,1727736240.66755,134,20.97261,30.86796,43.92262,1,38,433
66fb3f2e7835ef5c35ec9b3a,66fb3a5d7835ef5c35ec6dcb,30/09/2024 18:15:42,2024,9,30,18,15,42,0.964814814814815,0.833796296296296,0.607142857142857,0.937854030501089,0.168609168609169,0.578477078477078,0.084304584304584,0.168609168609169,17,0,0,0.058823529411765,0,0,72.8242705007411,81.0729847494553,78.2440476190476,35.1221716736423,0,02:44:55 a.m.,1727736245.67291,135,20.93361,30.89485,43.90745,1,45,446
66fb3f347835ef5c35ec9b6d,66fb3a5d7835ef5c35ec6dcb,30/09/2024 18:15:47,2024,9,30,18,15,48,1,0.866666666666667,0.714285714285714,0.943137254901961,0.145506345506345,0.621807821807822,0.098290598290598,0.134395234395234,20,0,0,0.05,0,0,77.2949904126375,86.7647058823529,84.5714285714286,36.6959598136069,0,02:45:00 a.m.,1727736250.68386,133,20.94833,30.89237,43.87703,1,43,442
66fb3f397835ef5c35ec9ba0,66fb3a5d7835ef5c35ec6dcb,30/09/2024 18:15:53,2024,9,30,18,15,53,1,0.825,0.607142857142857,0.941176470588235,0.11502664002664,0.559353146853147,0.229938811188811,0.095681401931402,17,0,0,0.058823529411765,0,0,72.8341340032516,82.1617647058824,79.0357142857143,34.8834596775773,0,02:45:05 a.m.,1727736255.69592,133,20.98574,30.86376,43.89343,1,43,442
66fb3f3e7835ef5c35ec9bd3,66fb3a5d7835ef5c35ec6dcb,30/09/2024 18:15:58,2024,9,30,18,15,59,1,0.85,0.678571428571429,0.942665333677331,0.143551587301587,0.4546875,0.258209325396825,0.143551587301587,19,0,0,0.052631578947368,0,0,74.3733299240749,85.1766533367733,82.6428571428571,36.1478834955035,0,02:45:10 a.m.,1727736260.71074,135,21.01122,30.84602,43.89286,1,39,433
66fb3f447835ef5c35ec9c06,66fb3a5d7835ef5c35ec6dcb,30/09/2024 18:16:04,2024,9,30,18,16,4,1,0.795370370370371,0.714285714285714,0.948830409356725,0.152300785634119,0.316947250280584,0.317957351290685,0.212794612794613,20,0,0,0.05,0,0,72.9453347172646,85.3957115009747,82.4325396825397,36.1078727964693,0,02:45:15 a.m.,1727736265.71667,143,21.00206,30.82275,43.94474,1,35,426
66fb3f497835ef5c35ec9c39,66fb3a5d7835ef5c35ec6dcb,30/09/2024 18:16:09,2024,9,30,18,16,10,0.986519607843137,0.778894335511983,0.714285714285714,0.948830409356725,0.213973063973064,0.297138047138047,0.264814814814815,0.224074074074074,20,0,0,0.05,0,0,72.6974349681393,84.5943770783167,81.5338468720822,36.4250313097062,0,02:45:20 a.m.,1727736270.72914,143,20.96385,30.84736,43.97831,1,46,449
66fb3f4f7835ef5c35ec9c6c,66fb3a5d7835ef5c35ec6dcb,30/09/2024 18:16:15,2024,9,30,18,16,15,0.941421568627451,0.835702614379085,0.678571428571429,0.947368421052632,0.213737373737374,0.330606060606061,0.135050505050505,0.320606060606061,19,0,0,0.052631578947368,0,0,72.1309957715144,82.8874914000688,80.4565826330532,36.1680140636797,0,02:45:25 a.m.,1727736275.73719,138,20.99967,30.83744,44.03028,1,28,410
66fb3f557835ef5c35ec9ca0,66fb3a5d7835ef5c35ec6dcb,30/09/2024 18:16:20,2024,9,30,18,16,21,0.940767973856209,0.881535947712418,0.75,0.948868003341688,0.242763347763348,0.257424242424242,0.192756132756133,0.307056277056277,21,0,0,0.047619047619048,0,0,74.3904742359464,86.2962780726326,84.6691176470588,37.6393527267366,0,02:45:30 a.m.,1727736280.74504,142,21.00644,30.87006,44.01407,1,23,400
66fb3f5a7835ef5c35ec9ce2,66fb3a5d7835ef5c35ec6dcb,30/09/2024 18:16:26,2024,9,30,18,16,26,0.943347953216374,0.856559011164274,0.785714285714286,0.95293191656828,0.2,0,0.469264069264069,0.330735930735931,22,0,0,0.045454545454546,0,0,71.8870553622348,87.1776777515414,85.4257803599909,37.3855316666321,0,02:45:35 a.m.,1727736285.76781,141,21.02913,30.82943,43.97287,1,38,431
66fb3f607835ef5c35ec9d15,66fb3a5d7835ef5c35ec6dcb,30/09/2024 18:16:31,2024,9,30,18,16,32,0.946039340776183,0.862307283359915,0.678571428571429,0.944016402414235,0.209848484848485,0.034090909090909,0.284848484848485,0.471212121212121,19,0,0,0.052631578947368,0,0,69.7409728644249,83.5476866185071,81.3932558669401,36.4078293997025,0,02:45:40 a.m.,1727736290.78231,135,20.97221,30.84126,44.00196,1,44,444
66fb3f657835ef5c35ec9d48,66fb3a5d7835ef5c35ec6dcb,30/09/2024 18:16:37,2024,9,30,18,16,38,0.950396825396825,0.851388888888889,0.75,0.944179996560028,0.185416666666667,0,0.264583333333333,0.55,21,0,0,0.047619047619048,0,0,70.8336650449653,85.9834666322669,84.0535714285714,36.8138237751241,0,02:45:45 a.m.,1727736295.78958,134,21.00485,30.8218,43.98899,1,49,456
66fb3f6b7835ef5c35ec9d7b,66fb3a5d7835ef5c35ec6dcb,30/09/2024 18:16:43,2024,9,30,18,16,43,0.921904761904762,0.887857142857143,0.75,0.979736842105263,0.053333333333333,0.042857142857143,0.646071428571428,0.257738095238095,21,0,0,0.019047619047619,0,0,70.3140350877193,86.0711779448622,84.2928571428572,35.928320802005,0,02:45:50 a.m.,1727736300.79372,134,21.01181,30.81989,43.93635,1,46,448
66fb3f707835ef5c35ec9dae,66fb3a5d7835ef5c35ec6dcb,30/09/2024 18:16:48,2024,9,30,18,16,49,0.925565175565176,0.813516113516113,0.785714285714286,1,0,0.310758377425044,0.406701940035273,0.282539682539682,22,0,0,0,0,0,72.1598925765592,86.1651034151034,83.6010101010101,35.2479557479557,0,02:45:55 a.m.,1727736305.7981,132,21.03251,30.8506,43.90135,1,57,471
66fb3f767835ef5c35ec9de1,66fb3a5d7835ef5c35ec6dcb,30/09/2024 18:16:54,2024,9,30,18,16,54,0.951587301587302,0.854761904761905,0.75,1,0,0.22972582972583,0.408577841911175,0.361696328362995,21,0,0,0,0,0,71.9321789321789,86.6507936507936,84.1904761904762,35.5634920634921,0,02:46:00 a.m.,1727736310.80404,134,21.02893,30.83229,43.9353,1,56,470
66fb3f7b7835ef5c35ec9e14,66fb3a5d7835ef5c35ec6dcb,30/09/2024 18:16:59,2024,9,30,18,16,0,0.953011481272351,0.821767363071711,0.821428571428571,1,0,0,1,0,23,0,0,0,0,0,70.7963485789573,88.5407491059665,86.1005081874647,35.9620741577263,0,02:46:05 a.m.,1727736315.80691,137,21.04524,30.81245,43.96181,1,45,447
66fb3f807835ef5c35ec9e47,66fb3a5d7835ef5c35ec6dcb,30/09/2024 18:17:04,2024,9,30,18,17,5,0.954223916180438,0.842929815755903,0.857142857142857,1,0,0,1,0,24,0,0,0,0,0,72.1427656482004,90.2564333814334,88.2003262438045,36.542965890792,0,02:46:10 a.m.,1727736320.80943,141,21.08027,30.79052,44.05069,1,33,420
66fb3f867835ef5c35ec9e7a,66fb3a5d7835ef5c35ec6dcb,30/09/2024 18:17:10,2024,9,30,18,17,10,0.952116402116402,0.840476190476191,0.75,1,0,0,1,0,21,0,0,0,0,0,69.3624338624339,86.3835978835979,83.7777777777778,35.4259259259259,0,02:46:15 a.m.,1727736325.81699,140,21.05002,30.78499,44.08264,1,62,481
66fb3f8b7835ef5c35ec9eae,66fb3a5d7835ef5c35ec6dcb,30/09/2024 18:17:15,2024,9,30,18,17,16,0.951645021645022,0.831341991341991,0.785714285714286,1,0,0,0.7,0,22,0,0,0,0,0,70.0608225108225,87.4344155844156,84.9181818181818,35.687012987013,0,02:46:20 a.m.,1727736330.82387,133,21.01102,30.79433,44.02475,1,54,465
66fb3f917835ef5c35ec9ef0,66fb3a5d7835ef5c35ec6dcb,30/09/2024 18:17:21,2024,9,30,18,17,21,0.951928374655648,0.769146005509642,0.785714285714286,1,0,0,0.454545454545455,0,22,0,0,0,0,0,68.8239866194412,86.2004132231405,83.0608028335301,35.0678866587958,0,02:46:25 a.m.,1727736335.82743,136,20.99112,30.79948,44.05851,1,41,439
66fb3f977835ef5c35ec9f23,66fb3a5d7835ef5c35ec6dcb,30/09/2024 18:17:27,2024,9,30,18,17,27,0.9875,0.794736842105263,0.714285714285714,1,0,0.33125,0.66875,0,20,0,0,0,0,0,71.7518796992481,85.4572368421053,82.0385338345865,34.9652255639098,0,02:46:30 a.m.,1727736340.8337,143,20.99748,30.79338,44.03257,1,42,439
66fb3f9c7835ef5c35ec9f56,66fb3a5d7835ef5c35ec6dcb,30/09/2024 18:17:32,2024,9,30,18,17,33,0.977777777777778,0.840350877192983,0.714285714285714,1,0,0.42037037037037,0.57962962962963,0,20,0,0,0,0,0,73.3123085491507,86.0292397660819,83.1152882205514,35.3241436925647,0,02:46:35 a.m.,1727736345.84029,140,21.00306,30.81303,44.01493,1,46,449
66fb3fa27835ef5c35ec9f89,66fb3a5d7835ef5c35ec6dcb,30/09/2024 18:17:38,2024,9,30,18,17,38,0.955820105820106,0.789069896964634,0.75,1,0,0.362962962962963,0.637037037037037,0,21,0,0,0,0,0,72.0565302144249,85.4851016429964,82.3467000835422,34.9489000278474,0,02:46:40 a.m.,1727736350.84441,141,21.01201,30.80921,44.00797,1,49,454
66fb3fa77835ef5c35ec9fbc,66fb3a5d7835ef5c35ec6dcb,30/09/2024 18:17:43,2024,9,30,18,17,43,0.989417989417989,0.786856028961292,0.75,1,0,0.296296296296296,0.703703703703704,0,21,0,0,0,0,0,72.1855332776385,86.6167502088555,83.2882205513785,35.2627401837928,0,02:46:45 a.m.,1727736355.8513,139,20.98614,30.81398,44.02142,1,45,447
66fb3fac7835ef5c35ec9fef,66fb3a5d7835ef5c35ec6dcb,30/09/2024 18:17:48,2024,9,30,18,17,48,0.972751322751323,0.775605680868839,0.75,1,0,0.285185185185185,0.603703703703704,0.111111111111111,21,0,0,0,0,0,71.4327485380117,85.8084099136731,82.4507101086049,34.9835700362016,0,02:46:50 a.m.,1727736360.85653,137,20.96107,30.76935,44.05403,1,57,471
66fb3fb17835ef5c35eca022,66fb3a5d7835ef5c35ec6dcb,30/09/2024 18:17:53,2024,9,30,18,17,54,1,0.758684210526316,0.714285714285714,1,0,0.231666666666667,0.465,0.303333333333333,20,0,0,0,0,0,70.3474937343358,85.1736842105263,81.3319548872181,34.7296992481203,0,02:46:55 a.m.,1727736365.86298,139,20.93162,30.77393,44.08541,1,58,472
66fb3fb77835ef5c35eca055,66fb3a5d7835ef5c35ec6dcb,30/09/2024 18:17:58,2024,9,30,18,17,59,1,0.830952380952381,0.75,1,0,0,0.657407407407407,0.342592592592593,21,0,0,0,0,0,70.3690476190476,87.8690476190476,84.9285714285714,35.8095238095238,0,02:47:00 a.m.,1727736370.86869,142,20.94316,30.79281,44.08989,1,52,461
66fb3fbc7835ef5c35eca088,66fb3a5d7835ef5c35ec6dcb,30/09/2024 18:18:04,2024,9,30,18,18,5,1,0.765,0.714285714285714,1,0,0,0.641666666666667,0.358333333333333,20,0,0,0,0,0,68.1571428571429,85.3,81.5214285714286,34.7928571428571,0,02:47:05 a.m.,1727736375.8728,137,20.9539,30.78957,44.2028,1,33,420
66fb3fc27835ef5c35eca0bb,66fb3a5d7835ef5c35ec6dcb,30/09/2024 18:18:10,2024,9,30,18,18,10,1,0.817105263157895,0.714285714285714,1,0,0,0.713333333333333,0.286666666666667,20,0,0,0,0,0,69.1992481203008,86.3421052631579,83.0845864661654,35.3139097744361,0,02:47:10 a.m.,1727736380.87911,131,21.00107,30.79281,44.33737,1,41,438
66fb3fc77835ef5c35eca0ee,66fb3a5d7835ef5c35ec6dcb,30/09/2024 18:18:15,2024,9,30,18,18,15,1,0.810287081339713,0.714285714285714,1,0,0,0.060606060606061,0.939393939393939,20,0,0,0,0,0,69.0628844839371,86.2057416267943,82.88004101162,35.2457279562543,0,02:47:15 a.m.,1727736385.88278,131,20.99072,30.82752,44.43636,1,32,418
66fb3fcc7835ef5c35eca122,66fb3a5d7835ef5c35ec6dcb,30/09/2024 18:18:20,2024,9,30,18,18,21,1,0.828684210526316,0.714285714285714,1,0,0.125,0.15,0.725,20,0,0,0,0,0,70.6808270676692,86.5736842105263,83.431954887218,35.4296992481203,0,02:47:20 a.m.,1727736390.88776,133,21.00664,30.81989,44.36483,1,32,420
66fb3fd27835ef5c35eca163,66fb3a5d7835ef5c35ec6dcb,30/09/2024 18:18:26,2024,9,30,18,18,26,1,0.748318713450293,0.714285714285714,1,0,0.241666666666667,0.597916666666667,0.160416666666667,20,0,0,0,0,0,70.2401837928154,84.9663742690059,81.0209899749373,34.6260442773601,0,02:47:25 a.m.,1727736395.90174,134,20.98833,30.81589,44.33079,1,33,420
66fb3fd87835ef5c35eca197,66fb3a5d7835ef5c35ec6dcb,30/09/2024 18:18:32,2024,9,30,18,18,32,1,0.826388888888889,0.642857142857143,1,0,0.34375,0.65625,0,18,0,0,0,0,0,71.0367063492063,84.0277777777778,80.5059523809524,34.6924603174603,0,02:47:30 a.m.,1727736400.91265,134,21.00525,30.8075,44.33088,1,30,414
66fb3fdd7835ef5c35eca1ca,66fb3a5d7835ef5c35ec6dcb,30/09/2024 18:18:37,2024,9,30,18,18,38,1,0.777777777777778,0.642857142857143,1,0,0.291666666666667,0.708333333333333,0,18,0,0,0,0,0,69.5436507936508,83.0555555555555,79.0476190476191,34.2063492063492,0,02:47:35 a.m.,1727736405.91955,140,21.03709,30.81493,44.35148,1,26,405
66fb3fe37835ef5c35eca1fd,66fb3a5d7835ef5c35ec6dcb,30/09/2024 18:18:43,2024,9,30,18,18,43,1,0.835932423651722,0.678571428571429,1,0,0.257407407407407,0.742592592592593,0,19,0,0,0,0,0,71.2570082613942,85.4686484730344,82.2208298524088,35.1450385222315,0,02:47:40 a.m.,1727736410.92434,132,20.99888,30.7909,44.30361,1,29,411
66fb3fe97835ef5c35eca230,66fb3a5d7835ef5c35ec6dcb,30/09/2024 18:18:49,2024,9,30,18,18,49,0.9668430335097,0.80220922677063,0.75,0.963908640379229,0,0.342592592592593,0.657407407407407,0,21,0,0,0,0,0,72.0302727028733,85.7727771120444,83.0715678084099,34.8296090065956,0,02:47:45 a.m.,1727736415.9305,132,21.02196,30.80044,44.31696,1,38,431
66fb3fee7835ef5c35eca263,66fb3a5d7835ef5c35ec6dcb,30/09/2024 18:18:54,2024,9,30,18,18,54,0.949679754942913,0.749220272904483,0.75,0.957407407407407,0,0.35,0.65,0,21,0,0,0,0,0,70.5504734057366,84.0472709551657,80.9670008354219,34.063074352548,0,02:47:50 a.m.,1727736420.93383,130,21.03609,30.80959,44.25764,1,41,437
66fb3ff37835ef5c35eca296,66fb3a5d7835ef5c35ec6dcb,30/09/2024 18:18:59,2024,9,30,18,18,0,0.984974937343359,0.83109022556391,0.75,1,0,0.6,0.4,0,21,0,0,0,0,0,75.9961779448622,87.3459273182957,84.481954887218,35.6606516290727,0,02:47:55 a.m.,1727736425.93785,132,21.06912,30.76515,44.25564,1,41,438
66fb3ff87835ef5c35eca2c9,66fb3a5d7835ef5c35ec6dcb,30/09/2024 18:19:04,2024,9,30,18,19,5,1,0.793650793650794,0.75,1,0,0.666666666666667,0,0,21,0,0,0,0,0,76.2896825396826,87.1230158730159,83.8095238095238,35.4365079365079,0,02:48:00 a.m.,1727736430.94203,131,21.06097,30.80883,44.21921,1,44,445
66fb3ffe7835ef5c35eca2fc,66fb3a5d7835ef5c35ec6dcb,30/09/2024 18:19:10,2024,9,30,18,19,10,1,0.816883116883117,0.75,1,0,0.954545454545455,0.045454545454546,0,21,0,0,0,0,0,79.6331168831169,87.5876623376623,84.5064935064935,35.6688311688312,0,02:48:05 a.m.,1727736435.95266,136,21.02674,30.82409,44.24572,1,43,442
66fb40037835ef5c35eca32f,66fb3a5d7835ef5c35ec6dcb,30/09/2024 18:19:15,2024,9,30,18,19,15,1,0.792142857142857,0.75,1,0,0.9,0.1,0,21,0,0,0,0,0,78.5928571428571,87.0928571428571,83.7642857142857,35.4214285714286,0,02:48:10 a.m.,1727736440.96354,140,21.014,30.85213,44.34004,1,36,428
66fb40087835ef5c35eca362,66fb3a5d7835ef5c35ec6dcb,30/09/2024 18:19:20,2024,9,30,18,19,21,0.975930735930736,0.76465367965368,0.785714285714286,1,0,0.2,0.5,0,22,0,0,0,0,0,71.3341991341991,86.9506493506493,83.6461038961039,35.262987012987,0,02:48:15 a.m.,1727736445.97039,132,21.01122,30.88818,44.24162,1,36,428
66fb400e7835ef5c35eca396,66fb3a5d7835ef5c35ec6dcb,30/09/2024 18:19:26,2024,9,30,18,19,26,0.954761904761905,0.791774891774892,0.75,1,0,0,0.909090909090909,0.090909090909091,21,0,0,0,0,0,68.4545454545454,85.5021645021645,82.3961038961039,34.965367965368,0,02:48:20 a.m.,1727736450.97657,130,20.94017,30.85537,44.24934,1,37,429
66fb40137835ef5c35eca3d7,66fb3a5d7835ef5c35ec6dcb,30/09/2024 18:19:31,2024,9,30,18,19,31,0.973376623376623,0.78008658008658,0.75,1,0,0,0.909090909090909,0.090909090909091,21,0,0,0,0,0,68.6861471861472,85.9199134199134,82.6038961038961,35.034632034632,0,02:48:25 a.m.,1727736455.97952,131,20.87371,30.81474,44.27643,1,33,420
66fb40187835ef5c35eca40b,66fb3a5d7835ef5c35ec6dcb,30/09/2024 18:19:36,2024,9,30,18,19,37,0.954066985645933,0.806459330143541,0.714285714285714,0.995454545454545,0,0,0.818181818181818,0,20,0,0,0,0.004545454545455,0,67.7925495557075,84.4760765550239,81.3872180451128,34.7026657552973,0,02:48:30 a.m.,1727736460.98781,134,20.88644,30.76935,44.3079,1,27,406
66fb401e7835ef5c35eca43e,66fb3a5d7835ef5c35ec6dcb,30/09/2024 18:19:42,2024,9,30,18,19,42,0.996598639455782,0.836806301467956,0.785714285714286,1,0,0,0,0.357142857142857,22,0,0,0,0,0,71.2939491586108,89.1170784103115,86.4307196562836,36.1911922663802,0,02:48:35 a.m.,1727736465.99481,140,20.89599,30.83801,44.32793,1,30,414
66fb40237835ef5c35eca471,66fb3a5d7835ef5c35ec6dcb,30/09/2024 18:19:47,2024,9,30,18,19,48,0.958093149540518,0.860195627958786,0.75,1,0,0,0.458333333333333,0.541666666666667,21,0,0,0,0,0,69.9062412976887,86.9871727930938,84.5486633249791,35.682887774993,0,02:48:40 a.m.,1727736470.99835,134,20.85042,30.82237,44.32936,1,31,415
66fb40297835ef5c35eca4a4,66fb3a5d7835ef5c35ec6dcb,30/09/2024 18:19:53,2024,9,30,18,19,53,1,0.827368421052631,0.714285714285714,1,0,0,0.85,0.05,20,0,0,0,0,0,69.4045112781955,86.5473684210526,83.3924812030075,35.4165413533835,0,02:48:45 a.m.,1727736476.00583,131,20.78276,30.8073,44.25831,1,32,418
66fb402e7835ef5c35eca4d7,66fb3a5d7835ef5c35ec6dcb,30/09/2024 18:19:58,2024,9,30,18,19,58,1,0.774013157894737,0.714285714285714,1,0,0,0.822916666666667,0.177083333333333,20,0,0,0,0,0,68.3374060150376,85.4802631578947,81.7918233082707,34.8829887218045,0,02:48:50 a.m.,1727736481.01319,133,20.78873,30.80635,44.24486,1,35,425
66fb40337835ef5c35eca50a,66fb3a5d7835ef5c35ec6dcb,30/09/2024 18:20:03,2024,9,30,18,20,4,0.976900584795322,0.808479532163743,0.714285714285714,1,0,0,0.844444444444444,0.155555555555556,20,0,0,0,0,0,68.4492481203008,85.3611111111111,82.1328320802005,34.9966583124478,0,02:48:55 a.m.,1727736486.01738,138,20.78555,30.82123,44.19518,1,31,417
66fb40397835ef5c35eca53d,66fb3a5d7835ef5c35ec6dcb,30/09/2024 18:20:09,2024,9,30,18,20,9,0.965497076023392,0.754093567251462,0.714285714285714,1,0,0,0.722222222222222,0.277777777777778,20,0,0,0,0,0,67.0764411027569,83.874269005848,80.1591478696742,34.3387635756057,0,02:49:00 a.m.,1727736491.02183,140,20.79749,30.85537,44.2071,1,25,403
66fb403e7835ef5c35eca570,66fb3a5d7835ef5c35ec6dcb,30/09/2024 18:20:14,2024,9,30,18,20,14,1,0.806052631578947,0.714285714285714,1,0,0,1,0,20,0,0,0,0,0,68.9781954887218,86.121052631579,82.753007518797,35.2033834586466,0,02:49:05 a.m.,1727736496.02755,138,20.80306,30.87101,44.15398,1,41,438
66fb40437835ef5c35eca5a3,66fb3a5d7835ef5c35ec6dcb,30/09/2024 18:20:19,2024,9,30,18,20,20,1,0.754784688995215,0.714285714285714,1,0,0,1,0,20,0,0,0,0,0,67.9528366370472,85.0956937799043,81.214969241285,34.6907040328093,0,02:49:10 a.m.,1727736501.03308,137,20.85202,30.88722,44.11373,1,42,440
66fb40497835ef5c35eca5d6,66fb3a5d7835ef5c35ec6dcb,30/09/2024 18:20:25,2024,9,30,18,20,25,1,0.782368421052632,0.714285714285714,1,0,0,0.9,0,20,0,0,0,0,0,68.5045112781955,85.6473684210526,82.0424812030075,34.9665413533835,0,02:49:15 a.m.,1727736506.03905,128,20.9149,30.88036,44.06996,1,29,413
66fb404e7835ef5c35eca60a,66fb3a5d7835ef5c35ec6dcb,30/09/2024 18:20:30,2024,9,30,18,20,31,1,0.771474983755685,0.714285714285714,1,0,0.100529100529101,0.899470899470899,0,20,0,0,0,0,0,69.2919335375476,85.4294996751137,81.7156780840991,34.857606980414,0,02:49:20 a.m.,1727736511.04289,139,20.96266,30.89809,44.07301,1,45,447
66fb40547835ef5c35eca63d,66fb3a5d7835ef5c35ec6dcb,30/09/2024 18:20:36,2024,9,30,18,20,36,1,0.741959064327485,0.678571428571429,1,0,0.092261904761905,0.907738095238095,0,19,0,0,0,0,0,67.7260860484545,83.5891812865497,79.4016290726817,34.2053049289891,0,02:49:25 a.m.,1727736516.05166,131,20.97201,30.8466,43.99586,1,39,435
66fb40597835ef5c35eca67f,66fb3a5d7835ef5c35ec6dcb,30/09/2024 18:20:41,2024,9,30,18,20,42,1,0.762200956937799,0.714285714285714,1,0,0,1,0,20,0,0,0,0,0,68.1011619958988,85.244019138756,81.4374572795625,34.7648667122351,0,02:49:30 a.m.,1727736521.05647,131,20.99788,30.81913,43.98508,1,46,449
66fb405e7835ef5c35eca6b2,66fb3a5d7835ef5c35ec6dcb,30/09/2024 18:20:46,2024,9,30,18,20,47,1,0.766746411483254,0.714285714285714,1,0,0,1,0,20,0,0,0,0,0,68.1920710868079,85.3349282296651,81.5738209159262,34.8103212576897,0,02:49:35 a.m.,1727736526.06334,134,21.0532,30.82867,43.92719,1,41,439
66fb40647835ef5c35eca6e5,66fb3a5d7835ef5c35ec6dcb,30/09/2024 18:20:52,2024,9,30,18,20,52,1,0.800239234449761,0.714285714285714,1,0,0,1,0,20,0,0,0,0,0,68.8619275461381,86.0047846889952,82.5786056049214,35.1452494873548,0,02:49:40 a.m.,1727736531.0694,139,21.05957,30.80368,43.98623,1,34,424
66fb40697835ef5c35eca718,66fb3a5d7835ef5c35ec6dcb,30/09/2024 18:20:57,2024,9,30,18,20,57,1,0.712918660287081,0.678571428571429,1,0,0,1,0,19,0,0,0,0,0,66.2226589200273,83.0083732057416,78.5304169514696,33.9149008885851,0,02:49:45 a.m.,1727736536.07584,136,21.12027,30.81017,43.99977,1,28,411
66fb406f7835ef5c35eca74b,66fb3a5d7835ef5c35ec6dcb,30/09/2024 18:21:03,2024,9,30,18,21,3,1,0.755263157894737,0.714285714285714,1,0,0,1,0,20,0,0,0,0,0,67.9624060150376,85.1052631578947,81.2293233082707,34.6954887218045,0,02:49:50 a.m.,1727736541.08557,131,21.10236,30.82542,43.98165,1,41,438
66fb40747835ef5c35eca77e,66fb3a5d7835ef5c35ec6dcb,30/09/2024 18:21:08,2024,9,30,18,21,9,1,0.735,0.714285714285714,1,0,0,1,0,20,0,0,0,0,0,67.5571428571429,84.7,80.6214285714286,34.4928571428571,0,02:49:55 a.m.,1727736546.08883,131,21.11589,30.83324,43.96019,1,37,429
66fb407a7835ef5c35eca7b1,66fb3a5d7835ef5c35ec6dcb,30/09/2024 18:21:13,2024,9,30,18,21,14,1,0.814035087719298,0.714285714285714,1,0,0,0.768518518518519,0.231481481481481,20,0,0,0,0,0,69.1378446115288,86.280701754386,82.9924812030075,35.2832080200501,0,02:50:00 a.m.,1727736551.09173,137,21.11111,30.81074,43.97726,1,39,435
66fb407f7835ef5c35eca7e4,66fb3a5d7835ef5c35ec6dcb,30/09/2024 18:21:19,2024,9,30,18,21,19,1,0.833333333333333,0.714285714285714,1,0,0,0.712962962962963,0.287037037037037,20,0,0,0,0,0,69.5238095238095,86.6666666666667,83.5714285714286,35.4761904761905,0,02:50:05 a.m.,1727736556.0959,137,21.0741,30.84869,44.0052,1,42,440
66fb40847835ef5c35eca817,66fb3a5d7835ef5c35ec6dcb,30/09/2024 18:21:24,2024,9,30,18,21,25,1,0.817105263157895,0.714285714285714,1,0,0,0.855,0.145,20,0,0,0,0,0,69.1992481203008,86.3421052631579,83.0845864661654,35.3139097744361,0,02:50:10 a.m.,1727736561.10169,138,21.08047,30.83935,44.05327,1,46,448
66fb408a7835ef5c35eca84a,66fb3a5d7835ef5c35ec6dcb,30/09/2024 18:21:30,2024,9,30,18,21,30,1,0.798325358851675,0.714285714285714,1,0,0,0.909090909090909,0,20,0,0,0,0,0,68.8236500341764,85.9665071770335,82.5211893369788,35.1261107313739,0,02:50:15 a.m.,1727736566.10446,132,21.06037,30.82676,44.10429,1,45,448
66fb408f7835ef5c35eca87d,66fb3a5d7835ef5c35ec6dcb,30/09/2024 18:21:35,2024,9,30,18,21,36,1,0.752631578947368,0.678571428571429,1,0,0,1,0,19,0,0,0,0,0,67.0169172932331,83.8026315789474,79.7218045112782,34.312030075188,0,02:50:20 a.m.,1727736571.11038,128,21.04922,30.84126,44.09599,1,50,457
66fb40957835ef5c35eca8b1,66fb3a5d7835ef5c35ec6dcb,30/09/2024 18:21:41,2024,9,30,18,21,41,1,0.805263157894737,0.678571428571429,1,0,0,1,0,19,0,0,0,0,0,68.0695488721805,84.8552631578947,81.3007518796993,34.8383458646617,0,02:50:25 a.m.,1727736576.1185,128,21.0337,30.83801,44.0608,1,58,474
66fb409a7835ef5c35eca8f3,66fb3a5d7835ef5c35ec6dcb,30/09/2024 18:21:46,2024,9,30,18,21,47,1,0.768947368421053,0.714285714285714,1,0,0,1,0,20,0,0,0,0,0,68.2360902255639,85.378947368421,81.6398496240602,34.8323308270677,0,02:50:30 a.m.,1727736580.12216,127,20.97679,30.82333,44.08455,1,49,454
66fb40a07835ef5c35eca926,66fb3a5d7835ef5c35ec6dcb,30/09/2024 18:21:52,2024,9,30,18,21,52,1,0.848011695906433,0.714285714285714,1,0,0,1,0,20,0,0,0,0,0,69.8173767752715,86.9602339181287,84.0117794486216,35.6229741019215,0,02:50:35 a.m.,1727736585.12535,128,20.98375,30.80635,44.13586,1,53,463
66fb40a57835ef5c35eca959,66fb3a5d7835ef5c35ec6dcb,30/09/2024 18:21:57,2024,9,30,18,21,58,1,0.791315789473684,0.714285714285714,1,0,0,0.5,0.5,20,0,0,0,0,0,68.6834586466165,85.8263157894737,82.3109022556391,35.056015037594,0,02:50:40 a.m.,1727736590.13566,127,21.03112,30.80864,44.10295,1,45,447
66fb40ab7835ef5c35eca98c,66fb3a5d7835ef5c35ec6dcb,30/09/2024 18:22:03,2024,9,30,18,22,3,1,0.804784688995215,0.714285714285714,1,0,0,0.5,0.318181818181818,20,0,0,0,0,0,68.9528366370472,86.0956937799043,82.714969241285,35.1907040328093,0,02:50:45 a.m.,1727736596.13953,131,21.02753,30.84641,44.1349,1,52,460
66fb40b07835ef5c35eca9bf,66fb3a5d7835ef5c35ec6dcb,30/09/2024 18:22:08,2024,9,30,18,22,9,1,0.809808612440191,0.714285714285714,1,0,0,0.363636363636364,0.363636363636364,20,0,0,0,0,0,69.0533151059467,86.1961722488038,82.8656869446343,35.2409432672591,0,02:50:50 a.m.,1727736600.14737,128,20.98375,30.83286,44.17343,1,48,452
66fb40b67835ef5c35eca9f2,66fb3a5d7835ef5c35ec6dcb,30/09/2024 18:22:14,2024,9,30,18,22,14,1,0.809090909090909,0.714285714285714,1,0,0,0.636363636363636,0.363636363636364,20,0,0,0,0,0,69.038961038961,86.1818181818182,82.8441558441559,35.2337662337662,0,02:50:55 a.m.,1727736605.15235,127,21.0345,30.80826,44.17763,1,44,444
66fb40bb7835ef5c35ecaa25,66fb3a5d7835ef5c35ec6dcb,30/09/2024 18:22:19,2024,9,30,18,22,19,1,0.845454545454545,0.714285714285714,1,0,0.136363636363636,0.090909090909091,0.045454545454546,20,0,0,0,0,0,71.1298701298701,86.9090909090909,83.9350649350649,35.5974025974026,0,02:51:00 a.m.,1727736610.15609,134,21.03131,30.79758,44.27052,1,45,446
66fb40c07835ef5c35ecaa58,66fb3a5d7835ef5c35ec6dcb,30/09/2024 18:22:24,2024,9,30,18,22,25,1,0.82,0.714285714285714,1,0,0.215,0.685,0.1,20,0,0,0,0,0,71.4071428571429,86.4,83.1714285714286,35.3428571428571,0,02:51:05 a.m.,1727736615.15986,134,21.01579,30.80311,44.28024,1,51,458
66fb40c57835ef5c35ecaa8b,66fb3a5d7835ef5c35ec6dcb,30/09/2024 18:22:29,2024,9,30,18,22,30,1,0.836842105263158,0.678571428571429,1,0,0.391666666666667,0.608333333333333,0,19,0,0,0,0,0,72.6177944862156,85.4868421052631,82.2481203007519,35.1541353383459,0,02:51:10 a.m.,1727736620.1702,127,21.01778,30.83801,44.25249,1,49,454
66fb40cb7835ef5c35ecaabe,66fb3a5d7835ef5c35ec6dcb,30/09/2024 18:22:35,2024,9,30,18,22,35,1,0.857894736842105,0.678571428571429,1,0,0.52,0.48,0,19,0,0,0,0,0,74.3221804511278,85.9078947368421,82.8796992481203,35.3646616541353,0,02:51:15 a.m.,1727736625.17422,130,21.01937,30.84316,44.23466,1,38,433
66fb40d07835ef5c35ecaaf1,66fb3a5d7835ef5c35ec6dcb,30/09/2024 18:22:40,2024,9,30,18,22,41,1,0.859649122807017,0.678571428571429,1,0,0.374074074074074,0.625925925925926,0,19,0,0,0,0,0,72.8980089111668,85.9429824561403,82.9323308270677,35.3822055137845,0,02:51:20 a.m.,1727736630.17956,134,21.02773,30.83286,44.23962,1,38,432
66fb40d67835ef5c35ecab25,66fb3a5d7835ef5c35ec6dcb,30/09/2024 18:22:46,2024,9,30,18,22,46,1,0.847953216374269,0.678571428571429,1,0,0.324074074074074,0.675925925925926,0,19,0,0,0,0,0,72.1640907825118,85.7090643274854,82.5814536340852,35.265246449457,0,02:51:25 a.m.,1727736635.18964,136,20.99112,30.83649,44.27242,1,34,423
66fb40db7835ef5c35ecab58,66fb3a5d7835ef5c35ec6dcb,30/09/2024 18:22:51,2024,9,30,18,22,51,1,0.852631578947368,0.714285714285714,1,0,0.398148148148148,0.601851851851852,0,20,0,0,0,0,0,73.8912559175717,87.0526315789474,84.1503759398496,35.6691729323308,0,02:51:30 a.m.,1727736640.19414,128,20.9939,30.84698,44.25783,1,40,436
66fb40e07835ef5c35ecab9a,66fb3a5d7835ef5c35ec6dcb,30/09/2024 18:22:56,2024,9,30,18,22,57,1,0.766666666666667,0.714285714285714,1,0,0.277777777777778,0.722222222222222,0,20,0,0,0,0,0,70.968253968254,85.3333333333333,81.5714285714286,34.8095238095238,0,02:51:35 a.m.,1727736645.20098,125,21.00306,30.90305,44.2524,1,46,448
66fb40e67835ef5c35ecabcd,66fb3a5d7835ef5c35ec6dcb,30/09/2024 18:23:02,2024,9,30,18,23,2,1,0.861111111111111,0.714285714285714,1,0,0.342592592592593,0.657407407407407,0,20,0,0,0,0,0,73.505291005291,87.2222222222222,84.4047619047619,35.7539682539683,0,02:51:40 a.m.,1727736650.20546,127,20.99788,30.88245,44.17295,1,41,438
66fb40eb7835ef5c35ecac00,66fb3a5d7835ef5c35ec6dcb,30/09/2024 18:23:07,2024,9,30,18,23,8,1,0.833333333333333,0.714285714285714,1,0,0.533333333333333,0.466666666666667,0,20,0,0,0,0,0,74.8571428571429,86.6666666666667,83.5714285714286,35.4761904761905,0,02:51:45 a.m.,1727736655.20993,128,20.96027,30.87845,44.23199,1,39,435
66fb40f17835ef5c35ecac33,66fb3a5d7835ef5c35ec6dcb,30/09/2024 18:23:13,2024,9,30,18,23,14,1,0.854473684210526,0.714285714285714,1,0,0.583333333333334,0.416666666666667,0,20,0,0,0,0,0,75.7799498746867,87.0894736842105,84.2056390977444,35.6875939849624,0,02:51:50 a.m.,1727736660.21336,132,20.92565,30.89104,44.21091,1,36,427
66fb40f77835ef5c35ecac66,66fb3a5d7835ef5c35ec6dcb,30/09/2024 18:23:18,2024,9,30,18,23,19,1,0.866081871345029,0.714285714285714,1,0,0.337037037037037,0.662962962962963,0,20,0,0,0,0,0,73.5491506544138,87.3216374269006,84.5538847117794,35.8036758563074,0,02:51:55 a.m.,1727736665.21857,133,20.90973,30.90878,44.26928,1,41,438
66fb40fc7835ef5c35ecac99,66fb3a5d7835ef5c35ec6dcb,30/09/2024 18:23:24,2024,9,30,18,23,24,1,0.798644338118022,0.714285714285714,0.988636363636364,0.045454545454546,0.310606060606061,0.439393939393939,0.022727272727273,20,0,0,0.009090909090909,0,0,72.276999316473,85.8592503987241,82.5307587149692,35.4702096149465,0,02:52:00 a.m.,1727736670.22304,127,20.88027,30.92022,44.18688,1,36,429
66fb41017835ef5c35ecaccc,66fb3a5d7835ef5c35ec6dcb,30/09/2024 18:23:29,2024,9,30,18,23,30,1,0.776461988304094,0.714285714285714,0.94244137713565,0.2125,0.595833333333333,0,0.191666666666667,20,0,0,0.05,0,0,75.8941297279146,84.9536535374384,81.8652882205514,36.4568907972546,0,02:52:05 a.m.,1727736675.22916,124,20.85639,30.92957,44.19079,1,38,431
66fb41077835ef5c35ecacff,66fb3a5d7835ef5c35ec6dcb,30/09/2024 18:23:35,2024,9,30,18,23,35,1,0.793522267206478,0.678571428571429,0.939363869704427,0.342307692307692,0.084615384615385,0,0.573076923076923,19,0,0,0.052631578947368,0,0,71.4976005246903,84.0140840411738,80.9485251590515,37.5376525779003,0,02:52:10 a.m.,1727736680.23482,125,20.86993,30.92766,44.22474,1,44,444
66fb410c7835ef5c35ecad32,66fb3a5d7835ef5c35ec6dcb,30/09/2024 18:23:40,2024,9,30,18,23,41,1,0.774876382199037,0.821428571428571,0.939693313222725,0.21025641025641,0,0.076923076923077,0.712820512820513,23,0,0,0.043478260869565,0,0,72.5327391644864,88.644460776208,86.103434323114,37.4625467710674,0,02:52:15 a.m.,1727736685.24186,131,20.88983,30.93662,44.14864,1,34,423
66fb41127835ef5c35ecad66,66fb3a5d7835ef5c35ec6dcb,30/09/2024 18:23:45,2024,9,30,18,23,46,0.979338842975206,0.801787639238232,0.857142857142857,0.942822184695249,0.409090909090909,0,0.590909090909091,0,24,0,0,0.041666666666667,0,0,75.4669262255778,89.7408341358494,87.7195087521175,39.9018243314245,0,02:52:20 a.m.,1727736690.24662,131,20.90236,30.93052,44.08283,1,41,438
66fb41177835ef5c35ecad99,66fb3a5d7835ef5c35ec6dcb,30/09/2024 18:23:51,2024,9,30,18,23,51,0.932310114128296,0.800078709169618,0.785714285714286,0.887043812740407,0.53030303030303,0,0.46969696969697,0,22,0,0,0.045454545454546,0,0,73.1256526098913,85.0028663052868,83.4002361275089,39.3544995205564,0,02:52:25 a.m.,1727736695.25821,130,20.87012,30.9309,44.16313,1,45,447
66fb411c7835ef5c35ecaddb,66fb3a5d7835ef5c35ec6dcb,30/09/2024 18:23:56,2024,9,30,18,23,57,0.904683195592287,0.822353404171586,0.785714285714286,0.894408481095788,0.848484848484848,0,0.121212121212121,0.03030303030303,22,0,0,0.041322314049587,0,0,76.1359384119024,84.5550647401196,83.2396694214876,42.556442150588,0,02:52:30 a.m.,1727736700.26624,126,20.92982,30.93472,44.18211,1,45,447
66fb41227835ef5c35ecae0e,66fb3a5d7835ef5c35ec6dcb,30/09/2024 18:24:02,2024,9,30,18,24,2,0.933982683982684,0.796320346320346,0.75,0.91540404040404,0.454545454545455,0,0,0,21,0,0,0.017316017316017,0,0,71.725468975469,84.0198412698413,81.9090909090909,38.5025252525253,0,02:52:35 a.m.,1727736705.2716,124,20.96803,30.90935,44.1741,1,44,444
66fb41277835ef5c35ecae41,66fb3a5d7835ef5c35ec6dcb,30/09/2024 18:24:07,2024,9,30,18,24,8,1,0.842111908559277,0.678571428571429,0.94266983016983,0.5,0,0.318181818181818,0.181818181818182,19,0,0,0.028708133971292,0,0,73.2332221871696,85.0189364728838,82.4062143996355,39.6335316730054,0,02:52:40 a.m.,1727736710.2764,131,21.00226,30.91393,44.16142,1,39,435
66fb412c7835ef5c35ecae74,66fb3a5d7835ef5c35ec6dcb,30/09/2024 18:24:12,2024,9,30,18,24,13,1,0.888888888888889,0.571428571428571,0.931982600732601,0.805555555555555,0,0.194444444444444,0,16,0,0,0.0625,0,0,74.4388736263736,82.0976037851038,79.5238095238095,41.9785561660562,0,02:52:45 a.m.,1727736715.28167,132,20.99231,30.89848,44.14721,1,43,443
66fb41327835ef5c35ecaea7,66fb3a5d7835ef5c35ec6dcb,30/09/2024 18:24:18,2024,9,30,18,24,18,1,0.86031746031746,0.571428571428571,0.929972527472528,1,0,0,0,16,0,0,0.0625,0,0,75.7917887667888,81.5060744810745,78.6666666666667,43.6171855921856,0,02:52:50 a.m.,1727736720.28813,124,20.99231,30.89943,44.19155,1,45,447
66fb41377835ef5c35ecaeda,66fb3a5d7835ef5c35ec6dcb,30/09/2024 18:24:23,2024,9,30,18,24,23,0.959821428571429,0.803869047619048,0.678571428571429,0.918715907415598,1,0,0,0,19,0,0,0.071428571428571,0,0,76.2243614551084,82.6082900265369,80.0535714285714,43.609778121775,0,02:52:55 a.m.,1727736725.29586,124,21.01181,30.8939,44.13271,1,44,444
66fb413c7835ef5c35ecaf0d,66fb3a5d7835ef5c35ec6dcb,30/09/2024 18:24:28,2024,9,30,18,24,29,0.940539154258195,0.826966312840926,0.678571428571429,0.938818860877685,0.071428571428571,0,0,0,19,0,0,0.052631578947368,0,0,67.1195651506217,82.5963852646322,80.1680211558308,34.5632432797681,0,02:53:00 a.m.,1727736730.30405,124,21.04166,30.85346,44.15798,1,47,450
66fb41417835ef5c35ecaf40,66fb3a5d7835ef5c35ec6dcb,30/09/2024 18:24:33,2024,9,30,18,24,34,0.996240601503759,0.814390449162121,0.678571428571429,0.926207983193277,0,0,0,0.214285714285714,19,0,0,0.067669172932331,0,0,67.4201895670549,84.1683098678068,81.4617886628336,34.1541046243059,0,02:53:05 a.m.,1727736735.31059,122,21.04206,30.83363,44.16513,1,54,465
66fb41477835ef5c35ecaf73,66fb3a5d7835ef5c35ec6dcb,30/09/2024 18:24:39,2024,9,30,18,24,39,0.995726495726496,0.824723479135244,0.642857142857143,0.94343891402715,0.641025641025641,0,0.051282051282051,0,18,0,0,0.055555555555556,0,0,73.3037060978238,83.2792860734037,80.3277849601379,40.4777167277167,0,02:53:10 a.m.,1727736740.31689,122,21.00127,30.8651,44.17543,1,53,463
66fb414c7835ef5c35ecafa6,66fb3a5d7835ef5c35ec6dcb,30/09/2024 18:24:44,2024,9,30,18,24,44,1,0.780103066867773,0.642857142857143,0.936745852187029,1,0,0,0,18,0,0,0.055555555555556,0,0,76.0409484306543,82.4695198592258,79.1173777203189,43.5970606191195,0,02:53:15 a.m.,1727736745.33203,131,21.00843,30.8548,44.17753,1,53,462
66fb41517835ef5c35ecafd9,66fb3a5d7835ef5c35ec6dcb,30/09/2024 18:24:49,2024,9,30,18,24,50,1,0.811368778280543,0.607142857142857,0.924711186249648,0.91025641025641,0,0.08974358974359,0,17,0,0,0.058823529411765,0,0,74.7556229592429,81.7244874281073,78.6267776341306,42.5347923192946,0,02:53:20 a.m.,1727736750.33466,130,20.97301,30.88493,44.17725,1,41,438
66fb41567835ef5c35ecb00c,66fb3a5d7835ef5c35ec6dcb,30/09/2024 18:24:54,2024,9,30,18,24,55,1,0.767463235294118,0.607142857142857,0.928449328449329,0.631944444444444,0,0.368055555555555,0,17,0,0,0.058823529411765,0,0,71.1317738633915,80.8837579903756,77.3096113445378,39.3499986533075,0,02:53:25 a.m.,1727736755.33803,122,20.95669,30.87749,44.15417,1,44,445
66fb415c7835ef5c35ecb03f,66fb3a5d7835ef5c35ec6dcb,30/09/2024 18:25:00,2024,9,30,18,25,0,1,0.748366013071895,0.642857142857143,0.939915966386555,0.269285714285714,0,0.561428571428571,0.169285714285714,18,0,0,0.055555555555556,0,0,68.1307656395892,81.8664799253035,78.1652661064426,36.0042483660131,0,02:53:30 a.m.,1727736760.3417,121,20.92843,30.92213,44.12584,1,44,445
66fb41617835ef5c35ecb072,66fb3a5d7835ef5c35ec6dcb,30/09/2024 18:25:05,2024,9,30,18,25,5,1,0.765782828282828,0.642857142857143,0.943553178847296,0.289393939393939,0,0.466666666666667,0.243939393939394,18,0,0,0.055555555555556,0,0,68.7165563194975,82.2511883541295,78.6877705627706,36.4158708938121,0,02:53:35 a.m.,1727736765.34572,121,20.96465,30.87788,44.13605,1,42,441
66fb41667835ef5c35ecb0a5,66fb3a5d7835ef5c35ec6dcb,30/09/2024 18:25:10,2024,9,30,18,25,11,1,0.750965537730244,0.642857142857143,0.934190645955352,0.575757575757576,0,0.393939393939394,0.03030303030303,18,0,0,0.055555555555556,0,0,71.1902215431627,81.8612172141584,78.243251846193,39.0377090230031,0,02:53:40 a.m.,1727736770.35231,121,21.01659,30.88398,44.09409,1,41,439
66fb416c7835ef5c35ecb0d9,66fb3a5d7835ef5c35ec6dcb,30/09/2024 18:25:16,2024,9,30,18,25,16,1,0.725762527233116,0.642857142857143,0.935763888888889,0,0,0.375,0.208333333333333,18,0,0,0.055555555555556,0,0,64.9443180049798,81.3728894335512,77.4871615312792,33.0438355897915,0,02:53:45 a.m.,1727736775.36418,122,20.98594,30.92976,44.14845,1,46,449
66fb41717835ef5c35ecb11a,66fb3a5d7835ef5c35ec6dcb,30/09/2024 18:25:21,2024,9,30,18,25,22,1,0.705882352941176,0.607142857142857,0.938419117647059,0.072916666666667,0,0.291666666666667,0.635416666666667,17,0,0,0.058823529411765,0,0,64.4095763305322,79.7518382352941,75.4621848739496,33.2436099439776,0,02:53:50 a.m.,1727736780.37087,121,20.99112,30.93376,44.11907,1,41,439
66fb41787835ef5c35ecb14e,66fb3a5d7835ef5c35ec6dcb,30/09/2024 18:25:28,2024,9,30,18,25,29,0.9375,0.8125,0.607142857142857,0.941176470588235,0.5,0,0,0.5,17,0,0,0.058823529411765,0,0,69.2778361344538,79.7242647058823,76.7857142857143,37.9831932773109,0,02:53:55 a.m.,1727736785.37582,121,21.00087,30.95303,44.09714,1,49,456
66fb417e7835ef5c35ecb181,66fb3a5d7835ef5c35ec6dcb,30/09/2024 18:25:33,2024,9,30,18,25,34,0.947607655502392,0.928468899521531,0.714285714285714,0.921850079744817,0.195238095238095,0.069264069264069,0.54025974025974,0.195238095238095,20,0,0,0.031818181818182,0,0,71.9802346776031,85.9541467304625,84.8537252221463,37.0745044429255,0,02:54:00 a.m.,1727736790.38315,121,21.02753,30.91774,44.08636,1,47,450
66fb41837835ef5c35ecb1b4,66fb3a5d7835ef5c35ec6dcb,30/09/2024 18:25:39,2024,9,30,18,25,39,0.948325358851674,0.905741626794258,0.714285714285714,0.934812521499828,0.201515151515152,0,0.581818181818182,0.216666666666667,20,0,0,0.031818181818182,0,0,71.0433860944697,85.6543453106921,84.1934381408066,37.0468037294663,0,02:54:05 a.m.,1727736795.38885,122,21.05957,30.92594,44.02981,1,54,465
66fb41887835ef5c35ecb1e7,66fb3a5d7835ef5c35ec6dcb,30/09/2024 18:25:44,2024,9,30,18,25,45,0.947587719298246,0.916885964912281,0.714285714285714,0.950263731223484,0.235714285714286,0,0.516666666666667,0.247619047619048,20,0,0,0.025,0,0,71.7443353072223,86.0059267859191,84.5056390977444,37.6473741543401,0,02:54:10 a.m.,1727736800.39419,125,21.10435,30.91278,44.06843,1,48,453
66fb418e7835ef5c35ecb21a,66fb3a5d7835ef5c35ec6dcb,30/09/2024 18:25:50,2024,9,30,18,25,50,0.948380566801619,0.908704453441295,0.714285714285714,0.892037786774629,0.300534188034188,0.25224358974359,0,0.447222222222222,20,0,0,0.05,0,0,74.1889017415333,85.2877867746289,84.283979178716,37.6394270933745,0,02:54:15 a.m.,1727736805.3976,130,21.05301,30.92556,44.06347,1,53,463
66fb41937835ef5c35ecb24d,66fb3a5d7835ef5c35ec6dcb,30/09/2024 18:25:55,2024,9,30,18,25,56,0.943927125506073,0.880161943319838,0.714285714285714,0.915912518853695,0.311137572437882,0.251202667301738,0,0.437659760260379,20,0,0,0.05,0,0,73.8410874471246,84.7998134476463,83.2941006362059,37.654248744032,0,02:54:20 a.m.,1727736810.40026,130,21.04345,30.88436,44.07969,1,45,446
66fb41987835ef5c35ecb280,66fb3a5d7835ef5c35ec6dcb,30/09/2024 18:26:00,2024,9,30,18,26,1,0.932633667502089,0.873621553884712,0.75,0.947295321637427,0.523544973544973,0,0.042328042328042,0.434126984126984,21,0,0,0.047619047619048,0,0,74.2466757170705,85.8375626566416,84.187656641604,40.270955165692,0,02:54:25 a.m.,1727736815.40342,131,21.04903,30.92136,44.09895,1,29,413
66fb419e7835ef5c35ecb2b4,66fb3a5d7835ef5c35ec6dcb,30/09/2024 18:26:06,2024,9,30,18,26,6,0.939912280701754,0.905263157894737,0.714285714285714,0.969712475633528,0.191687552213868,0.176482873851295,0.056766917293233,0.575062656641604,20,0,0,0.029166666666667,0,0,72.8390420495684,85.6993177387914,83.9266917293233,37.208611807296,0,02:54:30 a.m.,1727736820.40954,128,21.03609,30.90897,44.06214,1,34,424
66fb41a37835ef5c35ecb2f5,66fb3a5d7835ef5c35ec6dcb,30/09/2024 18:26:11,2024,9,30,18,26,12,0.942631578947369,0.911315789473684,0.714285714285714,0.951461988304094,0.110572702002235,0.473121742976367,0.099753988551943,0.316551566469456,20,0,0,0.04,0,0,75.0008124531277,85.7330409356725,84.1898496240602,36.302677730131,0,02:54:35 a.m.,1727736825.41528,125,21.04922,30.86281,44.06576,1,47,450
66fb41a97835ef5c35ecb329,66fb3a5d7835ef5c35ec6dcb,30/09/2024 18:26:17,2024,9,30,18,26,17,0.931578947368421,0.948026315789474,0.714285714285714,0.905325149065474,0.10885760803524,0.745500588592694,0.0125,0.133141803372067,20,0,0,0.045833333333333,0,0,77.703976314077,85.619040964339,84.9595864661654,36.0807373454432,0,02:54:40 a.m.,1727736830.42537,122,21.02933,30.90992,44.03648,1,55,466
66fb41ae7835ef5c35ecb35c,66fb3a5d7835ef5c35ec6dcb,30/09/2024 18:26:22,2024,9,30,18,26,23,0.917727652464495,0.922673350041771,0.75,0.905836834733894,0,0.415441176470588,0.584558823529412,0,21,0,0,0.047619047619048,0,0,73.3594384244926,85.8823031844317,85.212030075188,34.9623783724016,0,02:54:45 a.m.,1727736835.43244,125,20.99689,30.86796,44.04926,1,58,472
66fb41b37835ef5c35ecb38f,66fb3a5d7835ef5c35ec6dcb,30/09/2024 18:26:27,2024,9,30,18,26,28,0.951861471861472,0.908939393939394,0.785714285714286,0.934355742296919,0.028953823953824,0.676006650354476,0.2950395256917,0,22,0,0,0.045454545454546,0,0,78.011343984234,88.3374968169086,87.2525974025974,36.0982471776589,0,02:54:50 a.m.,1727736840.4388,127,20.98017,30.89466,44.03067,1,54,464
66fb41b97835ef5c35ecb3c2,66fb3a5d7835ef5c35ec6dcb,30/09/2024 18:26:33,2024,9,30,18,26,33,0.959090909090909,0.91267942583732,0.714285714285714,0.924313186813187,0.093348092494558,0.875266626120161,0,0.031385281385281,20,0,0,0.05,0,0,79.0172831554411,86.0649022030601,84.7245386192755,36.0371732852169,0,02:54:55 a.m.,1727736845.44446,122,20.98017,30.84736,44.02456,1,42,441
66fb41be7835ef5c35ecb3f5,66fb3a5d7835ef5c35ec6dcb,30/09/2024 18:26:38,2024,9,30,18,26,39,0.983312447786132,0.892098301308828,0.75,0.938613179189805,0.061904761904762,0.674603174603175,0,0.263492063492063,21,0,0,0.047619047619048,0,0,77.9259883778073,87.8940334905892,86.2623224728488,36.2592869018953,0,02:55:00 a.m.,1727736850.46011,118,20.95132,30.87177,44.05289,1,46,449
66fb41c37835ef5c35ecb428,66fb3a5d7835ef5c35ec6dcb,30/09/2024 18:26:43,2024,9,30,18,26,44,0.961935140882509,0.866772993088783,0.714285714285714,0.9457422522438,0.263852813852814,0.580519480519481,0,0.155627705627706,20,0,0,0.05,0,0,77.1421267071422,85.4606123151015,83.4326725905673,37.5258891435362,0,02:55:05 a.m.,1727736855.46777,122,20.99629,30.84736,44.05136,1,53,463
66fb41c97835ef5c35ecb45b,66fb3a5d7835ef5c35ec6dcb,30/09/2024 18:26:49,2024,9,30,18,26,49,0.995614035087719,0.849780701754386,0.714285714285714,0.945390436876505,0.272222222222222,0.531944444444445,0,0.195833333333333,20,0,0,0.05,0,0,77.2386788048553,86.296009631923,83.9332706766917,37.7729311022655,0,02:55:10 a.m.,1727736860.47306,127,21.03211,30.84183,44.17543,1,40,437
66fb41cf7835ef5c35ecb48e,66fb3a5d7835ef5c35ec6dcb,30/09/2024 18:26:54,2024,9,30,18,26,55,1,0.875238452637833,0.75,0.948731677679046,0.207900432900433,0.487445887445887,0.273484848484848,0.031168831168831,21,0,0,0.047619047619048,0,0,77.6955490330103,88.2420858295471,86.257153579135,37.8187056321731,0,02:55:15 a.m.,1727736865.48399,124,21.02574,30.82123,44.30399,1,38,431
66fb41d47835ef5c35ecb4c1,66fb3a5d7835ef5c35ec6dcb,30/09/2024 18:27:00,2024,9,30,18,27,0,0.97177033492823,0.84144072301967,0.714285714285714,0.943698595865779,0.328787878787879,0.634848484848485,0.036363636363636,0,20,0,0,0.05,0,0,78.0535652857634,85.2777621415392,82.9677603098656,37.9998324688727,0,02:55:20 a.m.,1727736870.49776,119,21.02933,30.82314,44.43007,1,47,450
66fb41d97835ef5c35ecb4f4,66fb3a5d7835ef5c35ec6dcb,30/09/2024 18:27:05,2024,9,30,18,27,6,1,0.815162037037037,0.642857142857143,0.938725490196078,0.288888888888889,0.644444444444444,0.066666666666667,0,18,0,0,0.055555555555556,0,0,76.0952575474634,83.1904956427015,80.1691468253968,36.8563355897915,0,02:55:25 a.m.,1727736875.50201,122,21.06554,30.8466,44.50331,1,46,448
66fb41df7835ef5c35ecb527,66fb3a5d7835ef5c35ec6dcb,30/09/2024 18:27:10,2024,9,30,18,27,11,0.958333333333333,0.775871459694989,0.642857142857143,0.93780637254902,0.236111111111111,0.763888888888889,0,0,18,0,0,0.055555555555556,0,0,74.9252548241519,80.9371595860567,77.7404295051354,35.509794195456,0,02:55:30 a.m.,1727736880.50592,125,21.07549,30.82047,44.54517,1,36,428
66fb41e47835ef5c35ecb55b,66fb3a5d7835ef5c35ec6dcb,30/09/2024 18:27:16,2024,9,30,18,27,17,0.944444444444444,0.800925925925926,0.642857142857143,0.938112745098039,0.245833333333333,0.754166666666667,0,0,18,0,0,0.055555555555556,0,0,75.0821856520386,80.9552015250545,78.0753968253968,35.7217359165889,0,02:55:35 a.m.,1727736885.50954,119,21.09917,30.87616,44.62786,1,43,441
66fb41ea7835ef5c35ecb59d,66fb3a5d7835ef5c35ec6dcb,30/09/2024 18:27:21,2024,9,30,18,27,22,0.954922027290449,0.790491342735925,0.678571428571429,0.938419117647059,0.222222222222222,0.713888888888889,0,0.063888888888889,19,0,0,0.052631578947368,0,0,75.3924655388471,82.3662889863548,79.5052582436483,35.8462613846708,0,02:55:40 a.m.,1727736890.51442,118,21.10514,30.84183,44.5816,1,41,438
66fb41ef7835ef5c35ecb5d0,66fb3a5d7835ef5c35ec6dcb,30/09/2024 18:27:27,2024,9,30,18,27,27,1,0.817437793830983,0.678571428571429,0.939644607843137,0.258333333333333,0.5,0,0.241666666666667,19,0,0,0.052631578947368,0,0,75.2928210026701,84.495201955051,81.6659909577866,36.9398716357888,0,02:55:45 a.m.,1727736895.5214,122,21.10514,30.86014,44.51008,1,39,434
66fb41f57835ef5c35ecb603,66fb3a5d7835ef5c35ec6dcb,30/09/2024 18:27:33,2024,9,30,18,27,33,0.995833333333333,0.834210526315789,0.714285714285714,0.939644607843137,0.259656084656085,0.423544973544974,0,0.316798941798942,20,0,0,0.05,0,0,75.6656433772339,85.9348232714138,83.4727443609023,37.4363026643406,0,02:55:50 a.m.,1727736900.52624,128,21.12385,30.89886,44.41223,1,43,442
66fb41fa7835ef5c35ecb636,66fb3a5d7835ef5c35ec6dcb,30/09/2024 18:27:38,2024,9,30,18,27,38,0.982675438596491,0.803240740740741,0.714285714285714,0.943570118105722,0.290079365079365,0.270238095238095,0,0.43968253968254,20,0,0,0.05,0,0,73.5277194211018,84.8941563467492,82.1489139515455,37.3385137680803,0,02:55:55 a.m.,1727736905.5323,128,21.12703,30.8651,44.34547,1,39,435
66fb41ff7835ef5c35ecb669,66fb3a5d7835ef5c35ec6dcb,30/09/2024 18:27:43,2024,9,30,18,27,44,0.961722488038278,0.811270600744285,0.678571428571429,0.940983363042187,0.157251082251082,0.292532467532467,0,0.55021645021645,19,0,0,0.052631578947368,0,0,71.1404290583857,83.0455327266473,80.332649806334,35.4979896264726,0,02:56:00 a.m.,1727736910.53755,124,21.12584,30.86052,44.30265,1,38,431
66fb42057835ef5c35ecb69c,66fb3a5d7835ef5c35ec6dcb,30/09/2024 18:27:49,2024,9,30,18,27,49,1,0.819444444444444,0.678571428571429,0.933867521367522,0.202876984126984,0.335813492063492,0,0.461309523809524,19,0,0,0.052631578947368,0,0,73.0787545787546,84.4775641025641,81.7261904761905,36.3476037851038,0,02:56:05 a.m.,1727736915.5493,116,21.12266,30.85861,44.29331,1,47,450
66fb420a7835ef5c35ecb6cf,66fb3a5d7835ef5c35ec6dcb,30/09/2024 18:27:54,2024,9,30,18,27,54,1,0.885167464114833,0.678571428571429,0.924192474192474,0.351515151515151,0.418181818181818,0,0.23030303030303,19,0,0,0.052631578947368,0,0,76.6065294354768,85.6952740242214,83.6978810663021,38.3944651839389,0,02:56:10 a.m.,1727736920.55352,119,21.10952,30.8157,44.31639,1,52,460
66fb420f7835ef5c35ecb702,66fb3a5d7835ef5c35ec6dcb,30/09/2024 18:27:59,2024,9,30,18,27,0,1,0.845933014354067,0.714285714285714,0.933225108225108,0.310606060606061,0.659090909090909,0,0.03030303030303,20,0,0,0.05,0,0,78.805023923445,86.2509113693324,83.9494190020506,38.0404989747095,0,02:56:15 a.m.,1727736925.5608,122,21.08246,30.83801,44.28864,1,41,439
66fb42157835ef5c35ecb735,66fb3a5d7835ef5c35ec6dcb,30/09/2024 18:28:04,2024,9,30,18,28,5,0.994708994708995,0.834656084656085,0.75,0.937654320987654,0.324074074074074,0.62037037037037,0.055555555555556,0,21,0,0,0.047619047619048,0,0,79.1318342151676,87.134479717813,84.8809523809524,38.4109347442681,0,02:56:20 a.m.,1727736930.57532,121,21.09858,30.85632,44.27309,1,44,444
66fb421a7835ef5c35ecb768,66fb3a5d7835ef5c35ec6dcb,30/09/2024 18:28:10,2024,9,30,18,28,10,0.982034632034632,0.813522442469811,0.75,0.935227272727273,0.266666666666667,0.412121212121212,0.072727272727273,0.248484848484848,21,0,0,0.047619047619048,0,0,75.7114661654135,86.2439336978811,83.8667122351333,37.4745101389838,0,02:56:25 a.m.,1727736935.59237,116,21.10355,30.81398,44.34376,1,39,434
66fb421f7835ef5c35ecb79b,66fb3a5d7835ef5c35ec6dcb,30/09/2024 18:28:15,2024,9,30,18,28,16,1,0.781359649122807,0.714285714285714,0.933531746031746,0.373611111111111,0.331944444444444,0,0.294444444444444,20,0,0,0.05,0,0,74.875208855472,84.9625104427736,82.0122180451128,38.0278822055138,0,02:56:30 a.m.,1727736940.59694,124,21.11509,30.8609,44.34147,1,39,434
66fb42257835ef5c35ecb7ce,66fb3a5d7835ef5c35ec6dcb,30/09/2024 18:28:21,2024,9,30,18,28,21,1,0.737320574162679,0.714285714285714,0.940723410576352,0.451948051948052,0.27012987012987,0.051948051948052,0.225974025974026,20,0,0,0.05,0,0,74.2315676669392,84.1536455890171,80.6910457963089,38.442777509728,0,02:56:35 a.m.,1727736945.60515,127,21.12465,30.85308,44.32106,1,45,447
66fb422a7835ef5c35ecb802,66fb3a5d7835ef5c35ec6dcb,30/09/2024 18:28:26,2024,9,30,18,28,26,1,0.794736842105263,0.714285714285714,0.942769607843137,0.215238095238095,0.498571428571429,0.085238095238095,0.200952380952381,20,0,0,0.05,0,0,75.3176710157747,85.3224329205366,82.4135338345865,36.6703025947221,0,02:56:40 a.m.,1727736950.6121,124,21.11828,30.85575,44.37504,1,46,448
66fb422f7835ef5c35ecb843,66fb3a5d7835ef5c35ec6dcb,30/09/2024 18:28:31,2024,9,30,18,28,32,1,0.765,0.714285714285714,0.940727124183006,0.208809523809524,0.426904761904762,0.186428571428571,0.177857142857143,20,0,0,0.05,0,0,73.9215569561158,84.7072712418301,81.5214285714286,36.2882236227825,0,02:56:45 a.m.,1727736955.61681,122,21.09878,30.84469,44.32964,1,47,451
66fb42357835ef5c35ecb877,66fb3a5d7835ef5c35ec6dcb,30/09/2024 18:28:37,2024,9,30,18,28,37,0.990430622009569,0.820355255339776,0.678571428571429,0.938926024955437,0.257575757575758,0.646969696969697,0,0.095454545454546,19,0,0,0.052631578947368,0,0,76.5668711663294,84.2114371266848,81.4664334633375,36.8585908845197,0,02:56:50 a.m.,1727736960.6226,119,21.09957,30.79891,44.35768,1,49,455
66fb423a7835ef5c35ecb8aa,66fb3a5d7835ef5c35ec6dcb,30/09/2024 18:28:42,2024,9,30,18,28,43,1,0.819298245614035,0.714285714285714,0.941293742377334,0.254978354978355,0.47034632034632,0.054112554112554,0.220562770562771,20,0,0,0.05,0,0,75.9092919464436,85.798902336054,83.1503759398496,37.2985605725544,0,02:56:55 a.m.,1727736965.64239,118,21.08684,30.81017,44.35759,1,48,454
66fb42407835ef5c35ecb8dd,66fb3a5d7835ef5c35ec6dcb,30/09/2024 18:28:48,2024,9,30,18,28,48,1,0.85859649122807,0.714285714285714,0.937620214752568,0.33047619047619,0.44,0.123571428571429,0.105952380952381,20,0,0,0.05,0,0,77.1100367339919,86.5481319720871,84.3293233082707,38.4097861074254,0,02:57:00 a.m.,1727736970.65033,115,21.10594,30.84412,44.39592,1,38,432
66fb42457835ef5c35ecb910,66fb3a5d7835ef5c35ec6dcb,30/09/2024 18:28:53,2024,9,30,18,28,54,0.995,0.821637426900585,0.714285714285714,0.935724789915966,0.23547619047619,0.487976190476191,0.074404761904762,0.202142857142857,20,0,0,0.05,0,0,75.756663103838,85.6149964371714,83.0705513784461,37.0212412157846,0,02:57:05 a.m.,1727736975.65751,115,21.11868,30.84564,44.37046,1,37,430
66fb424a7835ef5c35ecb943,66fb3a5d7835ef5c35ec6dcb,30/09/2024 18:28:58,2024,9,30,18,28,59,1,0.857894736842105,0.678571428571429,0.93452380952381,0.254365079365079,0.381547619047619,0.213293650793651,0.150793650793651,19,0,0,0.052631578947368,0,0,74.8265455304929,85.2531328320802,82.8796992481203,37.2535505430242,0,02:57:10 a.m.,1727736980.66405,115,21.10892,30.85804,44.33842,1,42,441
66fb42507835ef5c35ecb976,66fb3a5d7835ef5c35ec6dcb,30/09/2024 18:29:04,2024,9,30,18,29,4,1,0.890058479532164,0.678571428571429,0.943102855177159,0.244444444444444,0.388888888888889,0.244444444444444,0.122222222222222,19,0,0,0.052631578947368,0,0,75.5298171900339,85.9821981424149,83.8446115288221,37.561772077252,0,02:57:15 a.m.,1727736985.66847,119,21.10574,30.85499,44.33708,1,43,442
66fb42557835ef5c35ecb9a9,66fb3a5d7835ef5c35ec6dcb,30/09/2024 18:29:09,2024,9,30,18,29,10,0.963157894736842,0.821052631578947,0.714285714285714,0.916887254901961,0.248412698412698,0.352777777777778,0.217460317460317,0.181349206349206,20,0,0,0.05,0,0,73.5379201680672,84.300451496388,82.0977443609023,36.6379619391616,0,02:57:20 a.m.,1727736990.67292,122,21.09101,30.84469,44.31219,1,38,431
66fb425a7835ef5c35ecb9dc,66fb3a5d7835ef5c35ec6dcb,30/09/2024 18:29:14,2024,9,30,18,29,15,0.947368421052632,0.821052631578948,0.714285714285714,0.894093567251462,0.236666666666667,0.315,0.236666666666667,0.211666666666667,20,0,0,0.05,0,0,72.4200083542189,83.5198830409357,81.624060150376,36.1346700083542,0,02:57:25 a.m.,1727736995.67779,124,21.06216,30.85079,44.32364,1,41,438
66fb42607835ef5c35ecba0f,66fb3a5d7835ef5c35ec6dcb,30/09/2024 18:29:20,2024,9,30,18,29,20,0.947894736842105,0.75,0.714285714285714,0.892865497076024,0.275,0.35,0.2,0.175,20,0,0,0.05,0,0,71.7331662489557,82.1049707602339,79.5082706766918,35.8004594820384,0,02:57:30 a.m.,1727737000.68169,121,21.06256,30.86872,44.29502,1,46,449
66fb42657835ef5c35ecba42,66fb3a5d7835ef5c35ec6dcb,30/09/2024 18:29:25,2024,9,30,18,29,26,0.947894736842105,0.817894736842105,0.714285714285714,0.901919934640523,0.277142857142857,0.417936507936508,0.166349206349206,0.138571428571429,20,0,0,0.05,0,0,73.8823990122365,83.553409872721,81.5451127819549,36.591379797533,0,02:57:35 a.m.,1727737005.68611,125,21.06256,30.83324,44.32268,1,46,449
66fb426b7835ef5c35ecba75,66fb3a5d7835ef5c35ec6dcb,30/09/2024 18:29:30,2024,9,30,18,29,31,0.988861041492621,0.760656270305393,0.785714285714286,0.895073046053438,0.134204666067411,0.718881880646586,0.146913453286002,0,22,0,0,0.045454545454546,0,0,77.0591045139549,86.273992318884,83.9140907825118,35.6450930963315,0,02:57:40 a.m.,1727737010.69005,122,21.05301,30.85289,44.31515,1,48,453
66fb42707835ef5c35ecbaa8,66fb3a5d7835ef5c35ec6dcb,30/09/2024 18:29:36,2024,9,30,18,29,36,0.970714285714286,0.760593149540518,0.75,0.880440009337068,0.264632352941176,0.654852941176471,0.030514705882353,0.05,21,0,0,0.047619047619048,0,0,76.2289731682147,84.241263084181,81.9392230576441,36.2637979753305,0,02:57:45 a.m.,1727737015.69533,115,21.06574,30.84965,44.34166,1,43,442
66fb42757835ef5c35ecbadc,66fb3a5d7835ef5c35ec6dcb,30/09/2024 18:29:41,2024,9,30,18,29,42,0.986580086580086,0.707131465026202,0.75,0.879010695187166,0.512121212121212,0.181818181818182,0,0.306060606060606,21,0,0,0.047619047619048,0,0,73.2866323562918,83.7130392826987,80.8113465481886,38.3484345891467,0,02:57:50 a.m.,1727737020.70022,125,21.05977,30.87597,44.29951,1,48,453
66fb427b7835ef5c35ecbb1e,66fb3a5d7835ef5c35ec6dcb,30/09/2024 18:29:46,2024,9,30,18,29,47,0.99,0.690526315789474,0.785714285714286,0.915295240105612,0.402857142857143,0.436666666666667,0.16047619047619,0,22,0,0,0.045454545454546,0,0,75.7515739549408,85.1134787168456,81.8443609022556,37.8439298446651,0,02:57:55 a.m.,1727737025.7239,121,21.07888,30.84507,44.30418,1,35,425
66fb42807835ef5c35ecbb51,66fb3a5d7835ef5c35ec6dcb,30/09/2024 18:29:52,2024,9,30,18,29,52,1,0.729197994987469,0.75,0.905653021442495,0.270590828924162,0.531481481481481,0.197927689594356,0,21,0,0,0.047619047619048,0,0,75.4112132182308,84.8904901141743,81.8759398496241,36.5544184535413,0,02:58:00 a.m.,1727737030.73361,113,21.07649,30.8651,44.29283,1,50,457
66fb42857835ef5c35ecbb84,66fb3a5d7835ef5c35ec6dcb,30/09/2024 18:29:57,2024,9,30,18,29,57,1,0.813011695906433,0.714285714285714,0.935252837977296,0.317460317460317,0.146190476190476,0.21968253968254,0.316666666666667,20,0,0,0.05,0,0,73.1064130915524,85.6127622979016,82.9617794486216,37.8001056562976,0,02:58:05 a.m.,1727737035.73942,112,21.09261,30.8609,44.34729,1,49,455
66fb428b7835ef5c35ecbbb7,66fb3a5d7835ef5c35ec6dcb,30/09/2024 18:30:03,2024,9,30,18,30,3,1,0.921296296296296,0.642857142857143,0.940727124183007,0.405555555555555,0,0.147222222222222,0.447222222222222,18,0,0,0.055555555555556,0,0,72.9601812947401,85.333197167756,83.3531746031746,39.10436118892,0,02:58:10 a.m.,1727737040.75003,113,21.10654,30.85251,44.32764,1,52,462
66fb42907835ef5c35ecbbea,66fb3a5d7835ef5c35ec6dcb,30/09/2024 18:30:08,2024,9,30,18,30,8,0.971291866028709,0.904306220095694,0.678571428571429,0.944913531600838,0.544480519480519,0,0.084199134199134,0.371320346320346,19,0,0,0.052631578947368,0,0,74.2266472777309,85.280475028927,83.4107997265892,40.4356356577719,0,02:58:15 a.m.,1727737045.75689,115,21.10017,30.8651,44.34404,1,46,449
66fb42957835ef5c35ecbc1d,66fb3a5d7835ef5c35ec6dcb,30/09/2024 18:30:13,2024,9,30,18,30,14,0.94817947646895,0.84515455304929,0.75,0.939213741051976,0.551984126984127,0,0,0.448015873015873,21,0,0,0.047619047619048,0,0,74.2695566530706,85.7315101479188,83.8000208855472,40.3453189755434,0,02:58:20 a.m.,1727737050.76933,118,21.06276,30.867,44.33622,1,47,451
66fb429a7835ef5c35ecbc50,66fb3a5d7835ef5c35ec6dcb,30/09/2024 18:30:18,2024,9,30,18,30,19,0.949591172501389,0.812534730491387,0.678571428571429,0.942025922795154,0.522410922410922,0.194805194805195,0.010989010989011,0.271794871794872,19,0,0,0.040485829959514,0,0,73.5471800367609,82.6566448753279,80.0066342326404,39.0513417677028,0,02:58:25 a.m.,1727737055.77392,125,21.10176,30.8897,44.48032,1,45,446
66fb42a07835ef5c35ecbc83,66fb3a5d7835ef5c35ec6dcb,30/09/2024 18:30:24,2024,9,30,18,30,24,1,0.874003189792663,0.678571428571429,0.984817212371392,0.203529803529804,0.636663336663337,0.15980685980686,0,19,0,0,0,0.014354066985646,0,77.6944530357843,86.0782359195672,83.3629528366371,37.4092163426529,0,02:58:30 a.m.,1727737060.78302,125,21.10813,30.88017,44.61842,1,33,422
66fb42a57835ef5c35ecbcb6,66fb3a5d7835ef5c35ec6dcb,30/09/2024 18:30:29,2024,9,30,18,30,30,1,0.839598997493734,0.678571428571429,0.995535714285714,0.797161172161172,0.131410256410256,0,0,19,0,0,0,0,0,77.9973370927318,85.4973370927318,82.3308270676692,43.1086731251205,0,02:58:35 a.m.,1727737065.78799,116,21.08584,30.85289,44.60831,1,35,424
66fb42ab7835ef5c35ecbce9,66fb3a5d7835ef5c35ec6dcb,30/09/2024 18:30:35,2024,9,30,18,30,35,1,0.889376218323587,0.678571428571429,0.994444444444444,0,0.984848484848485,0.015151515151515,0,19,0,0,0,0,0,79.5447393736868,86.4819688109162,83.8241436925648,35.6239209133946,0,02:58:40 a.m.,1727737070.7951,124,21.08743,30.85575,44.56539,1,38,433
66fb42b07835ef5c35ecbd1c,66fb3a5d7835ef5c35ec6dcb,30/09/2024 18:30:40,2024,9,30,18,30,41,0.995215311004785,0.855130249867092,0.678571428571429,0.987659399424105,0.042057942057942,0.910989010989011,0.046953046953047,0,19,0,0,0,0,0,78.3543370114578,85.5617348767504,82.6532239690134,35.5863433092535,0,02:58:45 a.m.,1727737075.79887,125,21.03967,30.87234,44.49215,1,42,439
66fb42b67835ef5c35ecbd4f,66fb3a5d7835ef5c35ec6dcb,30/09/2024 18:30:46,2024,9,30,18,30,46,0.94889724310777,0.841428571428571,0.75,0.984615384615385,0.341359649122807,0.142434210526316,0.516206140350877,0,21,0,0,0,0,0,73.9850949489107,86.1361287834972,83.7097744360902,38.6630084827453,0,02:58:50 a.m.,1727737080.80598,124,21.0345,30.87521,44.49492,1,39,433
66fb42bb7835ef5c35ecbd83,66fb3a5d7835ef5c35ec6dcb,30/09/2024 18:30:51,2024,9,30,18,30,52,0.947368421052632,0.822368421052632,0.678571428571429,1,0.117804468278539,0.764391063442921,0.117804468278539,0,19,0,0,0,0,0,75.9178199788687,83.3552631578947,80.2349624060151,35.6611273895523,0,02:58:55 a.m.,1727737085.81724,119,21.01122,30.88303,44.49339,1,39,435
66fb42c07835ef5c35ecbdc4,66fb3a5d7835ef5c35ec6dcb,30/09/2024 18:30:56,2024,9,30,18,30,57,0.95906432748538,0.793334097771662,0.678571428571429,0.988304093567252,0.269862018881627,0.158678286129267,0.349237472766885,0.222222222222222,19,0,0,0,0,0,70.9760198426349,83.0669743530941,79.7148099005684,36.8913596627735,0,02:59:00 a.m.,1727737090.82518,118,21.01002,30.87292,44.53611,1,33,420
66fb42c67835ef5c35ecbdf8,66fb3a5d7835ef5c35ec6dcb,30/09/2024 18:31:02,2024,9,30,18,31,2,1,0.839324618736383,0.714285714285714,0.94661306042885,0,0,0,1,20,0,0,0,0,0,69.109765836159,86.2526229790162,83.7511671335201,35.0022339345095,0,02:59:05 a.m.,1727737095.83038,119,20.99729,30.87139,44.52667,1,39,434
66fb42cb7835ef5c35ecbe2b,66fb3a5d7835ef5c35ec6dcb,30/09/2024 18:31:07,2024,9,30,18,31,7,1,0.79638490164806,0.75,0.949259512417407,0,0,0,1,21,0,0,0,0,0,69.1702931571353,86.6702931571353,83.8915470494418,34.9564441406547,0,02:59:10 a.m.,1727737100.83358,119,21.04146,30.87082,44.50636,1,30,414
66fb42d17835ef5c35ecbe5e,66fb3a5d7835ef5c35ec6dcb,30/09/2024 18:31:12,2024,9,30,18,31,13,0.995614035087719,0.809282192409127,0.714285714285714,0.955384990253411,0,0,0.166666666666667,0.583333333333333,20,0,0,0,0,0,68.4869874850525,85.5859849787868,82.718315396334,34.7456693203597,0,02:59:15 a.m.,1727737105.83898,119,21.03112,30.88207,44.4973,1,51,459
66fb42d67835ef5c35ecbe91,66fb3a5d7835ef5c35ec6dcb,30/09/2024 18:31:18,2024,9,30,18,31,18,1,0.837492572786691,0.678571428571429,1,0,0,0.590909090909091,0.409090909090909,19,0,0,0,0,0,68.7141371700195,85.4998514557338,82.2676343264579,35.1606400135812,0,02:59:20 a.m.,1727737110.85137,112,21.0339,30.87101,44.48948,1,44,444
66fb42db7835ef5c35ecbec4,66fb3a5d7835ef5c35ec6dcb,30/09/2024 18:31:23,2024,9,30,18,31,24,1,0.854723707664884,0.642857142857143,1,0.021645021645022,0.717158598976781,0,0.261196379378198,18,0,0,0,0,0,75.5539389309443,84.5944741532977,81.3559969442322,35.1922587216705,0,02:59:25 a.m.,1727737115.86005,115,21.05937,30.87139,44.53344,1,52,461
66fb42e17835ef5c35ecbef7,66fb3a5d7835ef5c35ec6dcb,30/09/2024 18:31:29,2024,9,30,18,31,29,1,0.859023673265159,0.678571428571429,1,0,0.893543829907466,0.007575757575758,0.098880412516776,19,0,0,0,0,0,78.0801974786636,85.9304734653032,82.9135673408119,35.3759510183659,0,02:59:30 a.m.,1727737120.86451,118,21.04704,30.87978,44.53554,1,44,444
66fb42e67835ef5c35ecbf2a,66fb3a5d7835ef5c35ec6dcb,30/09/2024 18:31:34,2024,9,30,18,31,34,1,0.841307814992025,0.678571428571429,1,0.058688533688534,0.804562104562105,0.011363636363636,0.125385725385725,19,0,0,0,0,0,77.4229483966326,85.5761562998405,82.3820915926179,35.7856777725199,0,02:59:35 a.m.,1727737125.86767,113,21.08883,30.88017,44.50512,1,38,433
66fb42eb7835ef5c35ecbf5d,66fb3a5d7835ef5c35ec6dcb,30/09/2024 18:31:39,2024,9,30,18,31,40,1,0.854288499025341,0.678571428571429,1,0,0.851463351463351,0,0.148536648536649,19,0,0,0,0,0,77.5646892094261,85.8357699805068,82.7715121136174,35.3285992759677,0,02:59:40 a.m.,1727737130.87348,110,21.03271,30.88017,44.50636,1,47,451
66fb42f17835ef5c35ecbf90,66fb3a5d7835ef5c35ec6dcb,30/09/2024 18:31:44,2024,9,30,18,31,45,1,0.842763157894737,0.714285714285714,1,0,0.7,0.03125,0.26875,20,0,0,0,0,0,76.7124060150376,86.8552631578947,83.8543233082707,35.5704887218045,0,02:59:45 a.m.,1727737135.88352,109,21.01758,30.80883,44.66562,1,45,447
66fb42f67835ef5c35ecbfc3,66fb3a5d7835ef5c35ec6dcb,30/09/2024 18:31:50,2024,9,30,18,31,50,1,0.856459330143541,0.678571428571429,0.994652406417112,0.336363636363636,0,0.260606060606061,0.403030303030303,19,0,0,0,0,0,72.403632744964,85.8257106670419,82.8366370471634,38.6604680149572,0,02:59:50 a.m.,1727737140.88951,109,21.02992,30.80368,44.80448,1,31,415
66fb42fb7835ef5c35ecbff6,66fb3a5d7835ef5c35ec6dcb,30/09/2024 18:31:55,2024,9,30,18,31,56,1,0.842105263157895,0.678571428571429,1,0.266666666666667,0,0.244444444444444,0.488888888888889,19,0,0,0,0,0,71.4730576441103,85.5921052631579,82.406015037594,37.8734335839599,0,02:59:55 a.m.,1727737145.89703,112,21.06136,30.79853,44.82689,1,38,431
66fb43017835ef5c35ecc029,66fb3a5d7835ef5c35ec6dcb,30/09/2024 18:32:01,2024,9,30,18,32,1,1,0.779151186790506,0.678571428571429,1,0.384143356643357,0.016783216783217,0.256602564102564,0.342470862470862,19,0,0,0,0,0,71.5565751843616,84.3330237358101,80.5173927465723,38.4186597200529,0,03:00:00 a.m.,1727737150.91334,116,21.02515,30.78403,44.82164,1,35,424
66fb43067835ef5c35ecc05d,66fb3a5d7835ef5c35ec6dcb,30/09/2024 18:32:06,2024,9,30,18,32,7,0.948421052631579,0.813604231166151,0.714285714285714,0.96875,0.453914141414141,0.094217171717172,0.257878787878788,0.193989898989899,20,0,0,0.01,0,0,73.0085669275685,84.1543214654283,81.4321870853605,38.9897513949759,0,03:00:05 a.m.,1727737155.91703,116,21.00604,30.80177,44.83519,1,39,433
66fb430c7835ef5c35ecc09f,66fb3a5d7835ef5c35ec6dcb,30/09/2024 18:32:12,2024,9,30,18,32,12,0.873915558126085,0.835029882398303,0.75,0.939699597787833,0.635897435897436,0,0,0.287179487179487,21,0,0,0.018315018315018,0,0,73.0544569379709,82.9346381602574,81.2683632157316,40.3454247420966,0,03:00:10 a.m.,1727737160.92063,118,21.00127,30.8033,44.83948,1,38,432
66fb43117835ef5c35ecc0d2,66fb3a5d7835ef5c35ec6dcb,30/09/2024 18:32:17,2024,9,30,18,32,17,0.853679653679654,0.839123376623377,0.785714285714286,0.948100490196078,0.979166666666667,0,0,0.020833333333333,22,0,0,0.011363636363636,0,0,77.0399875859435,83.6422603132162,82.2126623376623,44.0578447288006,0,03:00:15 a.m.,1727737165.92627,110,21.00724,30.77259,44.84224,1,38,432
66fb43167835ef5c35ecc105,66fb3a5d7835ef5c35ec6dcb,30/09/2024 18:32:22,2024,9,30,18,32,23,0.848078529657477,0.837204121414648,0.75,0.903991801398922,0.154156645823312,0.034792368125702,0.759283309283309,0.051767676767677,21,0,0,0,0,0,67.6254538232092,81.7167489802939,80.5584795321638,34.9343109829436,0,03:00:20 a.m.,1727737170.92963,118,21.02395,30.80692,44.86933,1,35,424
66fb431c7835ef5c35ecc138,66fb3a5d7835ef5c35ec6dcb,30/09/2024 18:32:28,2024,9,30,18,32,28,0.781685968734472,0.858029469097581,0.678571428571429,0.960246818025456,0.189136772908703,0.512162561285368,0.242343653747162,0.056357012058767,19,0,0,0,0,0,70.2824858367944,77.8720664679127,76.3343202778187,34.6767045733764,0,03:00:25 a.m.,1727737175.93544,109,21.02634,30.79281,44.84444,1,38,433
66fb43257835ef5c35ecc17b,66fb3a5d7835ef5c35ec6dcb,30/09/2024 18:32:37,2024,9,30,18,32,38,0.835511982570806,0.913398692810458,0.642857142857143,0.988095238095238,0.173391812865497,0.488791423001949,0.337816764132554,0,18,0,0,0,0,0,71.7299867315347,79.8918456271398,78.1816059757236,35.5325486919914,0,03:00:30 a.m.,1727737180.94016,94,21.08723,30.79929,44.88077,1,36,428
66fb432b7835ef5c35ecc1ae,66fb3a5d7835ef5c35ec6dcb,30/09/2024 18:32:43,2024,9,30,18,32,43,0.950617283950617,0.851851851851852,0.642857142857143,1,0.33032153032153,0.386446886446886,0.274684574684575,0.008547008547009,18,0,0,0,0,0,74.0415818749152,82.8086419753086,79.7883597883598,37.7564780898114,0,03:00:35 a.m.,1727737185.94276,97,21.07131,30.82218,44.86542,1,35,425
66fb43317835ef5c35ecc1e1,66fb3a5d7835ef5c35ec6dcb,30/09/2024 18:32:49,2024,9,30,18,32,49,0.944444444444444,0.851851851851852,0.642857142857143,1,0.247442680776014,0.527777777777778,0.224779541446208,0,18,0,0,0,0,0,74.4717813051146,82.5925925925926,79.6031746031746,36.8659611992945,0,03:00:40 a.m.,1727737190.94879,100,21.0335,30.77545,44.8554,1,36,427
66fb43367835ef5c35ecc214,66fb3a5d7835ef5c35ec6dcb,30/09/2024 18:32:54,2024,9,30,18,32,54,0.944444444444444,0.861111111111111,0.642857142857143,1,0.235019841269841,0.524553571428571,0.240426587301587,0,18,0,0,0,0,0,74.500496031746,82.7777777777778,79.8809523809524,36.8343253968254,0,03:00:45 a.m.,1727737195.95508,95,21.0335,30.793,44.90471,1,33,421
66fb433c7835ef5c35ecc247,66fb3a5d7835ef5c35ec6dcb,30/09/2024 18:33:00,2024,9,30,18,33,0,0.944444444444444,0.876543209876543,0.642857142857143,1,0.259876543209877,0.498765432098766,0.241358024691358,0,18,0,0,0,0,0,74.799823633157,83.0864197530864,80.3439153439154,37.2372134038801,0,03:00:50 a.m.,1727737200.95924,100,21.04942,30.79662,44.88239,1,36,427
66fb43417835ef5c35ecc27a,66fb3a5d7835ef5c35ec6dcb,30/09/2024 18:33:05,2024,9,30,18,33,6,0.92040285899935,0.85899935022742,0.678571428571429,1,0.298236331569665,0.288359788359788,0.413403880070547,0,19,0,0,0,0,0,73.0203053931124,83.1440870695257,80.5249234196603,37.5620996936786,0,03:00:55 a.m.,1727737205.9628,101,21.02395,30.81532,44.83881,1,32,418
66fb43477835ef5c35ecc2ad,66fb3a5d7835ef5c35ec6dcb,30/09/2024 18:33:11,2024,9,30,18,33,11,0.888888888888889,0.864197530864197,0.642857142857143,1,0.320899470899471,0.306216931216931,0.372883597883598,0,18,0,0,0,0,0,71.8487654320988,80.8950617283951,78.3068783068783,37.168430335097,0,03:01:00 a.m.,1727737210.96863,79,21.03191,30.83134,44.78617,1,35,425
66fb434c7835ef5c35ecc2e1,66fb3a5d7835ef5c35ec6dcb,30/09/2024 18:33:16,2024,9,30,18,33,17,0.888888888888889,0.844444444444444,0.642857142857143,1,0.506666666666667,0,0.493333333333333,0,18,0,0,0,0,0,70.2492063492064,80.5,77.7142857142857,38.8285714285714,0,03:01:05 a.m.,1727737215.97517,97,21.03231,30.82657,44.82327,1,24,402
66fb43527835ef5c35ecc322,66fb3a5d7835ef5c35ec6dcb,30/09/2024 18:33:22,2024,9,30,18,33,22,0.894619883040936,0.862748538011696,0.714285714285714,1,0.483333333333333,0,0.516666666666667,0,20,0,0,0,0,0,72.3109440267335,83.5666666666667,81.2924812030075,39.5498746867168,0,03:01:10 a.m.,1727737220.98155,94,21.01201,30.82085,44.75813,1,29,412
66fb43577835ef5c35ecc356,66fb3a5d7835ef5c35ec6dcb,30/09/2024 18:33:27,2024,9,30,18,33,28,0.9,0.9,0.714285714285714,1,0.476666666666667,0,0.523333333333333,0,20,0,0,0,0,0,73.1238095238095,84.5,82.5714285714286,39.9095238095238,0,03:01:15 a.m.,1727737225.98507,97,21.0152,30.86872,44.72122,1,26,405
66fb435d7835ef5c35ecc389,66fb3a5d7835ef5c35ec6dcb,30/09/2024 18:33:33,2024,9,30,18,33,33,0.897076023391813,0.891812865497076,0.714285714285714,1,0.275925925925926,0,0.724074074074074,0,20,0,0,0,0,0,70.879560011139,84.233918128655,82.2380952380953,37.7910052910053,0,03:01:20 a.m.,1727737230.9911,85,21.00485,30.78461,44.65103,1,36,427
66fb43627835ef5c35ecc3bc,66fb3a5d7835ef5c35ec6dcb,30/09/2024 18:33:38,2024,9,30,18,33,38,0.933542188805347,0.912141464773044,0.75,1,0.253703703703704,0,0.746296296296296,0,21,0,0,0,0,0,72.8684210526316,87.166805903648,85.3705096073517,38.4938735728209,0,03:01:25 a.m.,1727737235.99608,88,21.05161,30.77602,44.66391,1,33,420
66fb43687835ef5c35ecc3ef,66fb3a5d7835ef5c35ec6dcb,30/09/2024 18:33:43,2024,9,30,18,33,44,1,0.894444444444445,0.642857142857143,0.973333333333333,0.52,0,0.48,0,18,0,0,0.011111111111111,0.011111111111111,0,73.8936507936508,85.1222222222222,82.5476190476191,40.3063492063492,0,03:01:30 a.m.,1727737241.00116,85,21.06793,30.79662,44.67573,1,31,416
66fb436d7835ef5c35ecc422,66fb3a5d7835ef5c35ec6dcb,30/09/2024 18:33:49,2024,9,30,18,33,49,0.950833237778542,0.890664296907847,0.714285714285714,0.933333333333333,0.551851851851852,0,0.448148148148148,0,20,0,0,0.05,0,0,74.2931115916152,85.4257825937393,83.8163546120203,40.4096843415729,0,03:01:35 a.m.,1727737246.00438,87,21.06156,30.8054,44.61374,1,39,434
66fb43727835ef5c35ecc455,66fb3a5d7835ef5c35ec6dcb,30/09/2024 18:33:54,2024,9,30,18,33,55,0.944444444444444,0.802469135802469,0.642857142857143,0.934131473102061,0.656878306878307,0,0.343121693121693,0,18,0,0,0.055555555555556,0,0,71.6420201983927,80.9462530026255,78.1216931216931,39.8078050308442,0,03:01:40 a.m.,1727737251.00981,94,21.07828,30.81245,44.64979,1,45,447
66fb43787835ef5c35ecc488,66fb3a5d7835ef5c35ec6dcb,30/09/2024 18:34:00,2024,9,30,18,34,0,0.972222222222222,0.828104575163399,0.642857142857143,0.93452380952381,0.836666666666667,0,0.101666666666667,0.061666666666667,18,0,0,0.055555555555556,0,0,74.6509803921569,82.4351073762838,79.7240896358543,42.1437441643324,0,03:01:45 a.m.,1727737256.01887,97,21.11927,30.80788,44.63882,1,46,448
66fb437d7835ef5c35ecc4bb,66fb3a5d7835ef5c35ec6dcb,30/09/2024 18:34:05,2024,9,30,18,34,6,1,0.84281045751634,0.642857142857143,0.938682306255835,0.8,0,0.2,0,18,0,0,0.055555555555556,0,0,75.3144607843137,83.7430322128852,80.9985994397759,42.2434990662932,0,03:01:50 a.m.,1727737261.0285,93,21.12246,30.8218,44.63396,1,47,451
66fb43837835ef5c35ecc4ee,66fb3a5d7835ef5c35ec6dcb,30/09/2024 18:34:11,2024,9,30,18,34,11,1,0.884210526315789,0.678571428571429,0.939199346405229,0.893333333333333,0,0.106666666666667,0,19,0,0,0.052631578947368,0,0,77.9738230379871,85.8262039903681,83.6691729323308,43.9531463462578,0,03:01:55 a.m.,1727737266.03226,100,21.09579,30.81856,44.60831,1,40,435
66fb43887835ef5c35ecc521,66fb3a5d7835ef5c35ec6dcb,30/09/2024 18:34:16,2024,9,30,18,34,16,1,0.804148511256354,0.678571428571429,0.940176011925238,0.866666666666667,0,0.133333333333333,0,19,0,0,0.052631578947368,0,0,76.1156827253319,84.2347303443795,81.2673124805478,42.8956261841969,0,03:02:00 a.m.,1727737271.0352,98,21.10654,30.85384,44.56253,1,46,448
66fb438d7835ef5c35ecc555,66fb3a5d7835ef5c35ec6dcb,30/09/2024 18:34:21,2024,9,30,18,34,22,0.948075526506899,0.849945533769063,0.642857142857143,0.936928104575164,0.791595441595442,0.133190883190883,0.075213675213675,0,18,0,0,0.055555555555556,0,0,75.3893717030972,82.0508351488744,79.6549175225646,41.6940174930371,0,03:02:05 a.m.,1727737276.04006,92,21.08385,30.83363,44.57541,1,43,443
66fb43937835ef5c35ecc597,66fb3a5d7835ef5c35ec6dcb,30/09/2024 18:34:27,2024,9,30,18,34,27,0.96078431372549,0.822222222222222,0.607142857142857,0.939133986928105,0.316442816442816,0.556369556369556,0.127187627187627,0,17,0,0,0.058823529411765,0,0,73.7620873135579,80.7132352941177,77.7759103641457,36.4572619646149,0,03:02:10 a.m.,1727737281.04405,94,21.08106,30.82676,44.58857,1,44,445
66fb43987835ef5c35ecc5ca,66fb3a5d7835ef5c35ec6dcb,30/09/2024 18:34:32,2024,9,30,18,34,33,0.972222222222222,0.849537037037037,0.571428571428571,0.9375,0.42008547008547,0.450854700854701,0.129059829059829,0,16,0,0,0.0625,0,0,73.6664122914123,80.3935185185185,77.5099206349206,37.507733007733,0,03:02:15 a.m.,1727737286.0483,95,21.03112,30.84316,44.63778,1,52,462
66fb439e7835ef5c35ecc5fd,66fb3a5d7835ef5c35ec6dcb,30/09/2024 18:34:38,2024,9,30,18,34,38,0.96875,0.82125,0.642857142857143,0.94031862745098,0.354450549450549,0.557710622710623,0.087838827838828,0,18,0,0,0.055555555555556,0,0,75.2399765675501,82.2344362745098,79.4142857142857,37.2762631975867,0,03:02:20 a.m.,1727737291.05537,97,21.01161,30.83649,44.58361,1,43,442
66fb43a37835ef5c35ecc630,66fb3a5d7835ef5c35ec6dcb,30/09/2024 18:34:43,2024,9,30,18,34,44,0.95986746550472,0.79332788671024,0.642857142857143,0.936399004046063,0.208328708328708,0.670801420801421,0.120869870869871,0,18,0,0,0.055555555555556,0,0,74.0899642750133,81.3259090673306,78.3101462807345,35.4078020744687,0,03:02:25 a.m.,1727737296.0631,106,21.01798,30.8054,44.58265,1,37,429
66fb43a97835ef5c35ecc663,66fb3a5d7835ef5c35ec6dcb,30/09/2024 18:34:48,2024,9,30,18,34,49,1,0.81797385620915,0.642857142857143,0.937203548085901,0.338461538461538,0.543376068376068,0.118162393162393,0,18,0,0,0.055555555555556,0,0,75.6213172448467,83.231512605042,80.2535014005602,37.3649608561373,0,03:02:30 a.m.,1727737301.0701,104,21.00525,30.76153,44.73467,1,32,420
66fb43ae7835ef5c35ecc696,66fb3a5d7835ef5c35ec6dcb,30/09/2024 18:34:54,2024,9,30,18,34,54,1,0.808823529411765,0.642857142857143,0.941503267973856,0.28,0.599166666666667,0.120833333333333,0,18,0,0,0.055555555555556,0,0,75.4545985060691,83.0915032679738,79.9789915966387,36.7318394024276,0,03:02:35 a.m.,1727737306.07471,103,21.00803,30.73769,44.69671,1,35,424
66fb43b47835ef5c35ecc6c9,66fb3a5d7835ef5c35ec6dcb,30/09/2024 18:34:59,2024,9,30,18,34,0,0.994152046783626,0.7649308456326,0.75,0.941031227305737,0.414109347442681,0.290123456790123,0.295767195767196,0,21,0,0,0.047619047619048,0,0,75.3550583976281,85.7542508231363,82.7724867724868,38.6422346716464,0,03:02:40 a.m.,1727737311.07881,103,21.00405,30.81665,44.65446,1,31,416
66fb43b97835ef5c35ecc6fc,66fb3a5d7835ef5c35ec6dcb,30/09/2024 18:35:05,2024,9,30,18,35,5,0.988888888888889,0.843924626380767,0.714285714285714,0.945978576615831,0.365242763772175,0.363099128540305,0.27165810768752,0,20,0,0,0.044444444444444,0,0,76.2010622962635,85.9493894048848,83.5558340295183,38.5832056994338,0,03:02:45 a.m.,1727737316.08376,109,21.02117,30.80788,44.57808,1,40,435
66fb43bf7835ef5c35ecc72f,66fb3a5d7835ef5c35ec6dcb,30/09/2024 18:35:11,2024,9,30,18,35,11,1,0.795321637426901,0.678571428571429,1,0.4,0,0.6,0,19,0,0,0,0,0,71.8707184628237,84.656432748538,81.0025062656642,38.7389306599833,0,03:02:50 a.m.,1727737321.08702,106,21.04107,30.78556,44.50827,1,41,439
66fb43c47835ef5c35ecc763,66fb3a5d7835ef5c35ec6dcb,30/09/2024 18:35:16,2024,9,30,18,35,17,1,0.808080808080808,0.642857142857143,1,0.565151515151515,0,0.434848484848485,0,18,0,0,0,0,0,72.8845598845599,83.6616161616162,79.95670995671,40.1608946608947,0,03:02:55 a.m.,1727737326.09091,101,21.00445,30.86128,44.50865,1,39,434
66fb43ca7835ef5c35ecc7a5,66fb3a5d7835ef5c35ec6dcb,30/09/2024 18:35:22,2024,9,30,18,35,22,1,0.829239766081871,0.678571428571429,1,0.278333333333333,0,0.721666666666667,0,19,0,0,0,0,0,71.3324143692565,85.3347953216374,82.0200501253133,37.8614452798663,0,03:03:00 a.m.,1727737331.09549,101,21.00365,30.87425,44.48195,1,40,435
66fb43cf7835ef5c35ecc7d8,66fb3a5d7835ef5c35ec6dcb,30/09/2024 18:35:27,2024,9,30,18,35,27,1,0.839506172839506,0.642857142857143,1,0.207671957671958,0,0.792328042328042,0,18,0,0,0,0,0,69.9382716049383,84.2901234567901,80.8994708994709,36.9003527336861,0,03:03:05 a.m.,1727737336.09807,100,21.03311,30.87406,44.47479,1,39,434
66fb43d47835ef5c35ecc80b,66fb3a5d7835ef5c35ec6dcb,30/09/2024 18:35:32,2024,9,30,18,35,33,1,0.82716049382716,0.642857142857143,1,0.381613756613757,0,0.618386243386243,0,18,0,0,0,0,0,71.4307760141093,84.0432098765432,80.5291005291005,38.5163139329806,0,03:03:10 a.m.,1727737341.10422,103,21.06176,30.89886,44.42339,1,42,439
66fb43da7835ef5c35ecc83e,66fb3a5d7835ef5c35ec6dcb,30/09/2024 18:35:38,2024,9,30,18,35,38,0.95,0.81,0.714285714285714,1,0.553333333333333,0,0.446666666666667,0,20,0,0,0,0,0,73.3404761904762,84.45,81.3714285714286,40.2761904761905,0,03:03:15 a.m.,1727737346.11151,104,21.06216,30.88303,44.35902,1,32,418
66fb43df7835ef5c35ecc871,66fb3a5d7835ef5c35ec6dcb,30/09/2024 18:35:43,2024,9,30,18,35,44,0.947076023391813,0.815497076023392,0.678571428571429,1,0.595,0,0.405,0,19,0,0,0,0,0,72.9011278195489,83.2076023391813,80.0200501253133,40.3614452798663,0,03:03:20 a.m.,1727737351.11842,103,21.0749,30.85766,44.30971,1,31,416
66fb43e57835ef5c35ecc8a4,66fb3a5d7835ef5c35ec6dcb,30/09/2024 18:35:48,2024,9,30,18,35,49,0.947631578947368,0.821578947368421,0.714285714285714,1,0.611666666666667,0,0.388333333333333,0,20,0,0,0,0,0,74.0961779448622,84.5986842105263,81.6477443609023,40.9516290726817,0,03:03:25 a.m.,1727737355.12486,105,21.02793,30.84126,44.29073,1,35,425
66fb43ea7835ef5c35ecc8d7,66fb3a5d7835ef5c35ec6dcb,30/09/2024 18:35:54,2024,9,30,18,35,55,0.947607655502392,0.838038277511962,0.714285714285714,1,0.531818181818182,0,0.468181818181818,0,20,0,0,0,0,0,73.6262816131237,84.927033492823,82.1408065618592,40.3174982911825,0,03:03:30 a.m.,1727737360.1312,110,21.01918,30.83191,44.21434,1,25,402
66fb43f07835ef5c35ecc90a,66fb3a5d7835ef5c35ec6dcb,30/09/2024 18:36:00,2024,9,30,18,36,0,0.9811004784689,0.873418394471026,0.714285714285714,0.988636363636364,0.421561771561772,0.076923076923077,0.501515151515152,0,20,0,0,0,0,0,74.724234829498,86.6932482721957,84.2069947596263,39.7900272242378,0,03:03:35 a.m.,1727737365.13751,113,21.03211,30.83363,44.41462,1,30,413
66fb43f57835ef5c35ecc93d,66fb3a5d7835ef5c35ec6dcb,30/09/2024 18:36:05,2024,9,30,18,36,5,0.994736842105263,0.849473684210526,0.714285714285714,1,0.228254686489981,0.708832148243913,0.062913165266106,0,20,0,0,0,0,0,79.0859059413239,86.8052631578947,83.8977443609022,37.8675092709148,0,03:03:40 a.m.,1727737370.14175,110,21.02614,30.82905,44.36026,1,37,429
66fb43fa7835ef5c35ecc970,66fb3a5d7835ef5c35ec6dcb,30/09/2024 18:36:10,2024,9,30,18,36,11,0.976555023923445,0.843434343434343,0.714285714285714,1,0.164193382375201,0.811564193382375,0.024242424242424,0,20,0,0,0,0,0,78.8972810814916,86.0481127060075,83.1711095921622,36.984684640187,0,03:03:45 a.m.,1727737375.1525,102,21.08544,30.78918,44.32182,1,41,438
66fb44007835ef5c35ecc9a3,66fb3a5d7835ef5c35ec6dcb,30/09/2024 18:36:15,2024,9,30,18,36,16,0.986124401913876,0.86025580886262,0.714285714285714,1,0.164335664335664,0.835664335664336,0,0,20,0,0,0,0,0,79.7153690822421,86.719470244238,83.9628348947234,37.2500158939787,0,03:03:50 a.m.,1727737380.16022,109,21.11549,30.81341,44.26546,1,40,435
66fb44057835ef5c35ecc9d6,66fb3a5d7835ef5c35ec6dcb,30/09/2024 18:36:21,2024,9,30,18,36,22,1,0.86593567251462,0.714285714285714,1,0.157875457875458,0.834981684981685,0.007142857142857,0,20,0,0,0,0,0,80.1044277360067,87.3187134502924,84.5494987468672,37.3809684467579,0,03:03:55 a.m.,1727737385.16461,109,21.08922,30.82218,44.26098,1,36,426
66fb440a7835ef5c35ecca0a,66fb3a5d7835ef5c35ec6dcb,30/09/2024 18:36:26,2024,9,30,18,36,27,0.989736842105263,0.858421052631579,0.714285714285714,1,0.294871794871795,0.457692307692308,0.247435897435897,0,20,0,0,0,0,0,77.294625988047,86.8092105263158,84.0161654135338,38.5731540389435,0,03:04:00 a.m.,1727737390.16925,104,21.07012,30.83839,44.20233,1,37,429
66fb44107835ef5c35ecca3d,66fb3a5d7835ef5c35ec6dcb,30/09/2024 18:36:32,2024,9,30,18,36,32,0.990909090909091,0.853588516746411,0.714285714285714,1,0.515151515151515,0,0.484848484848485,0,20,0,0,0,0,0,74.8531556163135,86.7535885167464,83.9063568010936,40.7393483709273,0,03:04:05 a.m.,1727737395.17181,103,21.0351,30.82275,44.2708,1,37,431
66fb44157835ef5c35ecca7f,66fb3a5d7835ef5c35ec6dcb,30/09/2024 18:36:37,2024,9,30,18,36,37,0.991341991341991,0.876771474139895,0.75,1,0.515151515151515,0,0.484848484848485,0,21,0,0,0,0,0,76.2204944178628,88.4823991797676,86.0434039644566,41.332649806334,0,03:04:10 a.m.,1727737400.17436,107,21.00326,30.81245,44.24973,1,45,447
66fb441a7835ef5c35eccab2,66fb3a5d7835ef5c35ec6dcb,30/09/2024 18:36:42,2024,9,30,18,36,43,0.990909090909091,0.895933014354067,0.714285714285714,0.96969696969697,0.954545454545455,0,0.045454545454546,0,20,0,0,0,0.022727272727273,0,79.7909546593757,87.2974481658692,85.1766917293233,45.253702437913,0,03:04:15 a.m.,1727737405.1791,115,21.00962,30.84888,44.24458,1,49,455
66fb44207835ef5c35eccae5,66fb3a5d7835ef5c35ec6dcb,30/09/2024 18:36:48,2024,9,30,18,36,48,1,0.87719298245614,0.678571428571429,1,0.652777777777778,0,0.347222222222222,0,19,0,0,0,0,0,76.0359231411863,86.2938596491228,83.4586466165414,42.0854218880535,0,03:04:20 a.m.,1727737410.18261,109,20.9937,30.85537,44.25001,1,45,448
66fb44257835ef5c35eccb18,66fb3a5d7835ef5c35ec6dcb,30/09/2024 18:36:53,2024,9,30,18,36,54,1,0.880861244019139,0.714285714285714,1,0.293076872622327,0.405581791945428,0.301341335432244,0,20,0,0,0,0,0,77.4609543832032,87.6172248803828,84.9972658920028,38.8822383092718,0,03:04:25 a.m.,1727737415.18709,103,20.97798,30.83286,44.21434,1,51,460
66fb442b7835ef5c35eccb4b,66fb3a5d7835ef5c35ec6dcb,30/09/2024 18:36:59,2024,9,30,18,36,59,0.955133667502089,0.90468671679198,0.75,1,0.176785714285714,0.789880952380952,0.033333333333333,0,21,0,0,0,0,0,80.3887426900585,87.7734126984127,85.7946115288221,37.8660609857978,0,03:04:30 a.m.,1727737420.18991,112,20.93858,30.8466,44.20395,1,49,455
66fb44307835ef5c35eccb7e,66fb3a5d7835ef5c35ec6dcb,30/09/2024 18:37:04,2024,9,30,18,37,5,0.94968671679198,0.838796992481203,0.75,1,0.249761904761905,0.628214285714286,0.12202380952381,0,21,0,0,0,0,0,78.0478696741855,86.2649749373433,83.6545112781955,37.8824561403509,0,03:04:35 a.m.,1727737425.19437,112,20.92903,30.8466,44.18383,1,41,438
66fb44367835ef5c35eccbb1,66fb3a5d7835ef5c35ec6dcb,30/09/2024 18:37:10,2024,9,30,18,37,10,0.947581073896863,0.828362573099415,0.714285714285714,1,0.685120435120435,0.106449106449106,0.208430458430458,0,20,0,0,0,0,0,76.0296165822482,84.7325890483785,81.8497379813169,41.7534979640243,0,03:04:40 a.m.,1727737430.20105,109,20.89381,30.82657,44.19661,1,50,457
66fb443b7835ef5c35eccbe4,66fb3a5d7835ef5c35ec6dcb,30/09/2024 18:37:15,2024,9,30,18,37,15,0.948325358851675,0.87799043062201,0.714285714285714,1,0.689393939393939,0,0.287878787878788,0.022727272727273,20,0,0,0,0,0,76.0190248348143,85.7511961722488,83.3609022556391,42.2999544315334,0,03:04:45 a.m.,1727737435.20861,115,20.93102,30.84469,44.1535,1,42,440
66fb44417835ef5c35eccc17,66fb3a5d7835ef5c35ec6dcb,30/09/2024 18:37:20,2024,9,30,18,37,21,0.946881091617934,0.867202729044834,0.678571428571429,1,0.765277777777778,0,0,0.234722222222222,19,0,0,0,0,0,75.6331453634085,84.2348927875244,81.5653717627402,42.5793302701197,0,03:04:50 a.m.,1727737440.21771,109,20.95649,30.85728,44.14921,1,39,433
66fb44467835ef5c35eccc4a,66fb3a5d7835ef5c35ec6dcb,30/09/2024 18:37:26,2024,9,30,18,37,26,0.937134502923977,0.901315789473684,0.678571428571429,0.976129426129426,0.80218253968254,0,0,0.19781746031746,19,0,0,0.017543859649123,0,0,76.2020837349785,84.3373176531071,82.296365914787,42.9533368678106,0,03:04:55 a.m.,1727737445.22421,104,20.96286,30.77259,44.13404,1,48,453
66fb444c7835ef5c35eccc7e,66fb3a5d7835ef5c35ec6dcb,30/09/2024 18:37:31,2024,9,30,18,37,32,0.947903664389733,0.830991694923583,0.75,0.98328373015873,0.670833333333333,0.020833333333333,0.020833333333333,0.2875,21,0,0,0.011904761904762,0,0,75.816929476469,85.8792994536996,83.3668607793995,41.8301242280538,0,03:05:00 a.m.,1727737450.23026,118,20.9541,30.77736,44.27433,1,40,435
66fb44517835ef5c35ecccc0,66fb3a5d7835ef5c35ec6dcb,30/09/2024 18:37:37,2024,9,30,18,37,38,0.931054910002278,0.870745044429255,0.75,1,0.634199134199134,0,0.194372294372294,0.171428571428571,21,0,0,0,0,0,75.7832649806334,86.2518227386648,84.053998632946,41.8599908863067,0,03:05:05 a.m.,1727737455.23342,112,20.97321,30.75714,44.31629,1,38,431
66fb44577835ef5c35ecccf3,66fb3a5d7835ef5c35ec6dcb,30/09/2024 18:37:42,2024,9,30,18,37,43,0.967195767195767,0.847577276524645,0.75,1,0.342151675485009,0,0.388007054673721,0.26984126984127,21,0,0,0,0,0,73.3029564652372,87.0533973823448,84.4431913116124,39.0692471920542,0,03:05:10 a.m.,1727737460.23621,107,20.96564,30.76801,44.31334,1,34,424
66fb445c7835ef5c35eccd26,66fb3a5d7835ef5c35ec6dcb,30/09/2024 18:37:48,2024,9,30,18,37,49,0.988304093567252,0.893762183235867,0.678571428571429,1,0.367592592592593,0,0.487654320987654,0.144753086419753,19,0,0,0,0,0,73.2230576441103,86.2158869395712,83.6048454469507,39.2823029796714,0,03:05:15 a.m.,1727737465.23933,113,20.95808,30.74245,44.279,1,47,450
66fb44627835ef5c35eccd59,66fb3a5d7835ef5c35ec6dcb,30/09/2024 18:37:54,2024,9,30,18,37,54,1,0.874842334594656,0.678571428571429,1,0.367063492063492,0,0.540343915343915,0.092592592592593,19,0,0,0,0,0,73.1317673268138,86.2468466918931,83.3881271806968,39.2047725522958,0,03:05:20 a.m.,1727737470.24234,118,20.98714,30.74112,44.28015,1,39,433
66fb44677835ef5c35eccd8c,66fb3a5d7835ef5c35ec6dcb,30/09/2024 18:37:59,2024,9,30,18,37,0,1,0.859082960669648,0.678571428571429,1,0.432539682539683,0,0.445767195767196,0.121693121693122,19,0,0,0,0,0,73.4713417530755,85.931659213393,82.9153459629466,39.7019407178076,0,03:05:25 a.m.,1727737475.25229,118,20.98634,30.756,44.30819,1,40,435
66fb44717835ef5c35eccdcf,66fb3a5d7835ef5c35ec6dcb,30/09/2024 18:38:09,2024,9,30,18,38,9,1,0.863902179691653,0.678571428571429,1,0.492424242424242,0,0.261363636363636,0.246212121212121,19,0,0,0,0,0,74.1665717323612,86.0280435938331,83.0599225336067,40.3489785068733,0,03:05:30 a.m.,1727737480.25487,112,21.00743,30.76153,44.28539,1,43,442
66fb44767835ef5c35ecce02,66fb3a5d7835ef5c35ec6dcb,30/09/2024 18:38:14,2024,9,30,18,38,14,1,0.833008447043535,0.678571428571429,1,0.267195767195767,0,0.555555555555555,0.177248677248677,19,0,0,0,0,0,71.2964123271141,85.4101689408707,82.1331105541632,37.7877564281073,0,03:05:35 a.m.,1727737485.25729,109,20.97977,30.78918,44.26537,1,46,448
66fb447c7835ef5c35ecce35,66fb3a5d7835ef5c35ec6dcb,30/09/2024 18:38:20,2024,9,30,18,38,20,0.976608187134503,0.867186484730344,0.714285714285714,1,0.351851851851852,0,0.462962962962963,0.185185185185185,20,0,0,0,0,0,73.1345957486308,86.5250162443145,83.885268727374,39.0993223800241,0,03:05:40 a.m.,1727737490.26106,118,20.92764,30.77774,44.24047,1,52,462
66fb44817835ef5c35ecce68,66fb3a5d7835ef5c35ec6dcb,30/09/2024 18:38:25,2024,9,30,18,38,25,0.909356725146199,0.785818713450293,0.678571428571429,1,0.819444444444444,0,0.180555555555556,0,19,0,0,0,0,0,73.609022556391,81.2938596491228,77.9981203007519,41.9319131161237,0,03:05:45 a.m.,1727737495.26537,134,20.95032,30.75829,44.25039,1,43,442
66fb44867835ef5c35ecce9b,66fb3a5d7835ef5c35ec6dcb,30/09/2024 18:38:30,2024,9,30,18,38,31,0.893673577884104,0.801967038809144,0.678571428571429,1,0.893939393939394,0,0.106060606060606,0,19,0,0,0,0,0,74.2848598769651,81.0679160021265,78.0120756436546,42.6815143920407,0,03:05:50 a.m.,1727737500.27092,110,20.95908,30.79338,44.21473,1,48,453
66fb448c7835ef5c35eccece,66fb3a5d7835ef5c35ec6dcb,30/09/2024 18:38:36,2024,9,30,18,38,36,0.883796992481203,0.831691729323308,0.75,1,0.166666666666667,0,0.833333333333333,0,21,0,0,0,0,0,69.1454260651629,83.8167293233083,81.4646616541353,36.3215538847118,0,03:05:55 a.m.,1727737505.27807,101,20.98574,30.81474,44.17915,1,43,442
66fb44917835ef5c35eccf02,66fb3a5d7835ef5c35ec6dcb,30/09/2024 18:38:41,2024,9,30,18,38,42,0.872256398572188,0.807017543859649,0.75,0.988636363636364,0.696969696969697,0,0.303030303030303,0,21,0,0,0,0,0,73.5528214475583,82.8056884635832,80.3782182729551,41.148800030379,0,03:06:00 a.m.,1727737510.28387,100,20.98614,30.80368,44.17572,1,39,434
66fb44977835ef5c35eccf35,66fb3a5d7835ef5c35ec6dcb,30/09/2024 18:38:47,2024,9,30,18,38,47,0.906166932482722,0.801701222753854,0.678571428571429,1,0.592424242424242,0,0.109090909090909,0.298484848484848,19,0,0,0,0,0,71.5767259056733,81.4998670919724,78.3789017999544,39.7886382623225,0,03:06:05 a.m.,1727737515.2932,102,21.00007,30.81989,44.13176,1,46,449
66fb449c7835ef5c35eccf76,66fb3a5d7835ef5c35ec6dcb,30/09/2024 18:38:52,2024,9,30,18,38,52,0.909649122807018,0.796198830409357,0.714285714285714,1,0.531666666666667,0.025,0.078333333333333,0.365,20,0,0,0,0,0,72.0890142021721,82.7616959064327,79.7468671679198,39.5180033416876,0,03:06:10 a.m.,1727737520.30115,103,21.01281,30.7869,44.09676,1,48,452
66fb44a17835ef5c35eccfaa,66fb3a5d7835ef5c35ec6dcb,30/09/2024 18:38:57,2024,9,30,18,38,58,0.892787524366472,0.833333333333333,0.678571428571429,1,0.340740740740741,0.077777777777778,0.114814814814815,0.466666666666667,19,0,0,0,0,0,70.1358256752994,81.6642300194932,78.9264828738513,37.4543302701197,0,03:06:15 a.m.,1727737525.31432,106,21.01719,30.76458,44.13815,1,44,445
66fb44a67835ef5c35eccfdd,66fb3a5d7835ef5c35ec6dcb,30/09/2024 18:39:02,2024,9,30,18,39,3,0.919590643274854,0.810672514619883,0.678571428571429,1,0.5,0,0,0.5,19,0,0,0,0,0,71.1675020885547,82.1491228070175,79.0507518796993,39.0883458646617,0,03:06:20 a.m.,1727737530.32091,115,21.01838,30.74551,44.0836,1,46,448
66fb44ac7835ef5c35ecd010,66fb3a5d7835ef5c35ec6dcb,30/09/2024 18:39:08,2024,9,30,18,39,8,0.978070175438596,0.871929824561403,0.678571428571429,0.967217062263502,0.43762987012987,0,0.238311688311688,0.324058441558442,19,0,0,0.031578947368421,0,0,72.9031059154124,85.093223254214,82.6428571428571,39.334183609648,0,03:06:25 a.m.,1727737535.326,100,21.05022,30.76935,44.09542,1,59,474
66fb44b17835ef5c35ecd043,66fb3a5d7835ef5c35ec6dcb,30/09/2024 18:39:13,2024,9,30,18,39,14,1,0.851674641148325,0.75,0.929619503303714,0.622943722943723,0,0.098051948051948,0.279004329004329,21,0,0,0.047619047619048,0,0,76.3091250854409,87.5796878560036,85.5502392344497,41.5423786739576,0,03:06:30 a.m.,1727737540.33275,97,21.07927,30.75714,44.10267,1,55,468
66fb44b77835ef5c35ecd076,66fb3a5d7835ef5c35ec6dcb,30/09/2024 18:39:19,2024,9,30,18,39,19,1,0.828947368421053,0.678571428571429,0.941074346405229,0.783333333333333,0,0.016666666666667,0.2,19,0,0,0.052631578947368,0,0,75.7873098800924,84.7396908324733,82.0112781954887,42.3192647673104,0,03:06:35 a.m.,1727737545.34231,96,21.08206,30.76191,44.10944,1,35,426
66fb44bc7835ef5c35ecd0a9,66fb3a5d7835ef5c35ec6dcb,30/09/2024 18:39:24,2024,9,30,18,39,24,1,0.842105263157895,0.678571428571429,0.938591800356506,0.902406417112299,0.074866310160428,0.022727272727273,0,19,0,0,0.052631578947368,0,0,77.9650362537359,84.978023266723,82.406015037594,43.6167490919813,0,03:06:40 a.m.,1727737550.34599,100,21.11708,30.76,44.0609,1,39,435
66fb44c27835ef5c35ecd0dc,66fb3a5d7835ef5c35ec6dcb,30/09/2024 18:39:30,2024,9,30,18,39,31,1,0.796296296296296,0.642857142857143,0.935416666666667,0.420693779904306,0.356459330143541,0.13225677830941,0.090590111642743,18,0,0,0.055555555555556,0,0,74.1230522644996,82.7800925925926,79.6031746031746,37.9526388572441,0,03:06:45 a.m.,1727737555.35006,101,21.10634,30.77698,44.08054,1,51,459
66fb44cc7835ef5c35ecd11f,66fb3a5d7835ef5c35ec6dcb,30/09/2024 18:39:40,2024,9,30,18,39,40,0.99,0.847777777777778,0.714285714285714,0.936568627450981,0.177812911725955,0.748042537172972,0.037310370788632,0.036834180312441,20,0,0,0.05,0,0,78.1869391761975,85.9712418300654,83.7047619047619,36.6644503124043,0,03:06:50 a.m.,1727737560.35348,100,21.14216,30.76935,44.07797,1,45,447
66fb44d17835ef5c35ecd152,66fb3a5d7835ef5c35ec6dcb,30/09/2024 18:39:45,2024,9,30,18,39,46,0.944444444444444,0.752136752136752,0.75,0.94894608315661,0.553846153846154,0,0,0.446153846153846,21,0,0,0.047619047619048,0,0,72.4317685238738,83.8377514298567,80.8974358974359,39.4937343358396,0,03:06:55 a.m.,1727737565.35662,103,21.094,30.80044,44.08321,1,45,446
66fb44d77835ef5c35ecd185,66fb3a5d7835ef5c35ec6dcb,30/09/2024 18:39:51,2024,9,30,18,39,51,0.932973459289249,0.742914979757085,0.821428571428571,0.952649524388655,0.485347985347985,0.114163614163614,0,0.400488400488401,23,0,0,0.043478260869565,0,0,74.2399616020898,85.788865914152,83.1337960285329,39.3531452021154,0,03:07:00 a.m.,1727737570.35921,107,21.09062,30.80368,44.06605,1,45,447
66fb44dc7835ef5c35ecd1b8,66fb3a5d7835ef5c35ec6dcb,30/09/2024 18:39:56,2024,9,30,18,39,57,0.946150097465887,0.723684210526316,0.75,0.951190476190476,0.47906746031746,0.055555555555556,0.224570105820106,0.240806878306878,21,0,0,0.047619047619048,0,0,71.7355715678084,83.3508423837371,80.0950292397661,38.5009224450014,0,03:07:05 a.m.,1727737575.36203,109,21.0747,30.77316,44.0793,1,47,451
66fb44e17835ef5c35ecd1ec,66fb3a5d7835ef5c35ec6dcb,30/09/2024 18:40:01,2024,9,30,18,40,2,0.944976076555024,0.75544922913344,0.75,0.947163362952837,0.432792207792208,0,0.236255411255411,0.330952380952381,21,0,0,0.047619047619048,0,0,71.2829422039948,83.904780891623,81.0127591706539,38.3038087643351,0,03:07:10 a.m.,1727737580.36498,109,21.05878,30.80502,44.06881,1,51,459
66fb44e77835ef5c35ecd21f,66fb3a5d7835ef5c35ec6dcb,30/09/2024 18:40:07,2024,9,30,18,40,7,0.944444444444444,0.752525252525253,0.678571428571429,0.945773524720893,0.467532467532467,0,0.154545454545455,0.377922077922078,19,0,0,0.052631578947368,0,0,69.7589617984355,81.3137958532695,78.051948051948,37.8884711779449,0,03:07:15 a.m.,1727737585.36783,99,21.06216,30.81474,44.05403,1,49,454
66fb44ec7835ef5c35ecd260,66fb3a5d7835ef5c35ec6dcb,30/09/2024 18:40:12,2024,9,30,18,40,12,0.946757044125465,0.801940457203615,0.714285714285714,0.945981486693561,0.383549783549784,0,0.271861471861472,0.344588744588745,20,0,0,0.05,0,0,70.8601908067852,83.6351205553992,81.032353611301,37.9251448585814,0,03:07:20 a.m.,1727737590.37149,99,21.08524,30.77908,44.06586,1,48,453
66fb44f17835ef5c35ecd294,66fb3a5d7835ef5c35ec6dcb,30/09/2024 18:40:17,2024,9,30,18,40,18,0.944444444444444,0.747474747474747,0.714285714285714,0.948214341557995,0.4,0,0.245454545454545,0.354545454545455,20,0,0,0.05,0,0,69.8998923333289,82.4871939206304,79.3290043290043,37.544192477629,0,03:07:25 a.m.,1727737595.37522,667,21.04385,30.75237,44.08627,1,48,453
66fb44f77835ef5c35ecd2c7,66fb3a5d7835ef5c35ec6dcb,30/09/2024 18:40:23,2024,9,30,18,40,23,0.944444444444444,0.787878787878788,0.714285714285714,0.946012759170654,0.378787878787879,0,0.245454545454545,0.375757575757576,20,0,0,0.05,0,0,70.4738361054151,83.2732589048379,80.5411255411255,37.7140958456748,0,03:07:30 a.m.,1727737600.38037,542,21.02395,30.78556,44.10496,1,56,468
66fb44fc7835ef5c35ecd2fa,66fb3a5d7835ef5c35ec6dcb,30/09/2024 18:40:28,2024,9,30,18,40,28,0.947076023391813,0.730116959064327,0.75,0.921645781119466,0.388415750915751,0,0.293696581196581,0.317887667887668,21,0,0,0.047619047619048,0,0,70.129855086434,83.2164578111947,80.3157894736842,37.3725451449136,0,03:07:35 a.m.,1727737605.38652,616,21.01838,30.7806,44.06996,1,38,433
66fb45027835ef5c35ecd32d,66fb3a5d7835ef5c35ec6dcb,30/09/2024 18:40:33,2024,9,30,18,40,34,0.94812865497076,0.715116959064327,0.75,0.907786131996658,0.254494949494949,0,0.597323232323232,0.148181818181818,21,0,0,0.047619047619048,0,0,68.3783663704716,82.8147034252297,79.8973684210526,35.755266955267,0,03:07:40 a.m.,1727737610.39433,684,21.01281,30.77412,44.12928,1,44,445
66fb45077835ef5c35ecd360,66fb3a5d7835ef5c35ec6dcb,30/09/2024 18:40:39,2024,9,30,18,40,39,0.957602339181286,0.748245614035088,0.785714285714286,0.909712918660287,0.313809523809524,0,0.53702380952381,0.149166666666667,22,0,0,0.045454545454546,0,0,70.7830523277892,85.0781233386497,82.6040100250627,37.1508468140047,0,03:07:45 a.m.,1727737615.40955,699,21.0136,30.76096,44.10887,1,46,448
66fb450c7835ef5c35ecd393,66fb3a5d7835ef5c35ec6dcb,30/09/2024 18:40:44,2024,9,30,18,40,45,0.94733918128655,0.737514619883041,0.714285714285714,0.941661506707946,0.342222222222222,0,0.38234126984127,0.275436507936508,20,0,0,0.015,0,0,69.1297520762691,82.3237788097695,79.1170426065163,36.8302324438547,0,03:07:50 a.m.,1727737620.41615,755,21.00982,30.77488,44.14206,1,42,440
66fb45117835ef5c35ecd3c6,66fb3a5d7835ef5c35ec6dcb,30/09/2024 18:40:49,2024,9,30,18,40,50,0.944710260499734,0.758639021796917,0.714285714285714,1,0.511724386724387,0,0.178571428571429,0.309704184704185,20,0,0,0,0,0,71.7649236728184,83.237639553429,79.6719070403281,39.2935938330675,0,03:07:55 a.m.,1727737625.42053,690,21.03211,30.78003,44.13614,1,52,461
66fb45177835ef5c35ecd3f9,66fb3a5d7835ef5c35ec6dcb,30/09/2024 18:40:55,2024,9,30,18,40,55,0.944444444444444,0.731481481481481,0.642857142857143,1,0.547222222222222,0,0.177777777777778,0.275,18,0,0,0,0,0,69.7843915343915,80.1851851851852,75.9920634920635,38.6600529100529,0,03:08:00 a.m.,1727737630.42854,499,21.00823,30.77316,44.15483,1,54,464
66fb451d7835ef5c35ecd42c,66fb3a5d7835ef5c35ec6dcb,30/09/2024 18:41:01,2024,9,30,18,41,1,0.958333333333333,0.722222222222222,0.714285714285714,1,0.522222222222222,0,0.247222222222222,0.230555555555556,20,0,0,0,0,0,71.4821428571428,82.9861111111111,78.9880952380952,39.1706349206349,0,03:08:05 a.m.,1727737635.44787,683,20.94634,30.78194,44.15941,1,55,467
66fb45227835ef5c35ecd45f,66fb3a5d7835ef5c35ec6dcb,30/09/2024 18:41:06,2024,9,30,18,41,6,1,0.705555555555555,0.714285714285714,1,0.312222222222222,0.303055555555556,0.228611111111111,0.156111111111111,20,0,0,0,0,0,73.1210317460318,84.1111111111111,79.7380952380952,37.3206349206349,0,03:08:10 a.m.,1727737640.45502,726,20.94196,30.81245,44.17543,1,50,456
66fb45287835ef5c35ecd493,66fb3a5d7835ef5c35ec6dcb,30/09/2024 18:41:11,2024,9,30,18,41,12,1,0.732352941176471,0.714285714285714,1,0.277308802308802,0.433791486291486,0.15524531024531,0.133654401154401,20,0,0,0,0,0,74.6152045666751,84.6470588235294,80.5420168067227,37.2394745777099,0,03:08:15 a.m.,1727737645.45825,512,20.99012,30.7869,44.19336,1,44,444
66fb452d7835ef5c35ecd4c6,66fb3a5d7835ef5c35ec6dcb,30/09/2024 18:41:17,2024,9,30,18,41,17,1,0.685087719298245,0.678571428571429,1,0.206779331779332,0.595532245532246,0.098844211344211,0.098844211344211,19,0,0,0,0,0,73.6891558733664,82.4517543859649,77.6954887218045,35.7043847964901,0,03:08:20 a.m.,1727737650.47114,657,21.00684,30.79014,44.20948,1,44,444
66fb45327835ef5c35ecd508,66fb3a5d7835ef5c35ec6dcb,30/09/2024 18:41:22,2024,9,30,18,41,23,1,0.724666322669419,0.714285714285714,1,0.261038961038961,0.561255411255411,0.032900432900433,0.144805194805195,20,0,0,0,0,0,75.573413033475,84.4933264533884,80.3114182515111,36.9999099799409,0,03:08:25 a.m.,1727737655.48032,754,21.0349,30.79147,44.24305,1,51,460
66fb45387835ef5c35ecd53b,66fb3a5d7835ef5c35ec6dcb,30/09/2024 18:41:28,2024,9,30,18,41,28,1,0.71812865497076,0.678571428571429,1,0.157692307692308,0.716025641025641,0.03974358974359,0.086538461538462,19,0,0,0,0,0,75.0640383008804,83.1125730994152,78.68671679198,35.543923912345,0,03:08:30 a.m.,1727737660.48577,738,21.03689,30.82237,44.20719,1,42,441
66fb453d7835ef5c35ecd56e,66fb3a5d7835ef5c35ec6dcb,30/09/2024 18:41:33,2024,9,30,18,41,34,1,0.688888888888889,0.678571428571429,1,0.162787212787213,0.748676323676324,0.007142857142857,0.081393606393606,19,0,0,0,0,0,74.8566988566989,82.5277777777778,77.8095238095238,35.3024753024753,0,03:08:35 a.m.,1727737665.48945,720,21.09022,30.7703,44.19346,1,46,448
66fb45437835ef5c35ecd5a1,66fb3a5d7835ef5c35ec6dcb,30/09/2024 18:41:39,2024,9,30,18,41,39,1,0.711111111111111,0.642857142857143,1,0.155311355311355,0.7753663003663,0,0.069322344322344,18,0,0,0,0,0,74.6004273504273,81.7222222222222,77.0476190476191,35.0927960927961,0,03:08:40 a.m.,1727737670.49465,662,21.03291,30.7703,44.24543,1,47,451
66fb45487835ef5c35ecd5d4,66fb3a5d7835ef5c35ec6dcb,30/09/2024 18:41:44,2024,9,30,18,41,45,1,0.755555555555556,0.642857142857143,1,0.161771561771562,0.749009324009324,0.016666666666667,0.072552447552448,18,0,0,0,0,0,75.2903485403485,82.6111111111111,78.3809523809524,35.6018426018426,0,03:08:45 a.m.,1727737675.49885,552,21.02972,30.78499,44.2153,1,47,450
66fb454e7835ef5c35ecd607,66fb3a5d7835ef5c35ec6dcb,30/09/2024 18:41:50,2024,9,30,18,41,50,1,0.719281045751634,0.642857142857143,1,0.089084249084249,0.713919413919414,0.072673992673993,0.124322344322344,18,0,0,0,0,0,73.4870861164979,81.8856209150327,77.2927170868347,34.5122243769303,0,03:08:50 a.m.,1727737680.50459,574,21.06037,30.83076,44.20156,1,51,460
66fb45537835ef5c35ecd63a,66fb3a5d7835ef5c35ec6dcb,30/09/2024 18:41:55,2024,9,30,18,41,56,1,0.741176470588235,0.678571428571429,1,0.077955377955378,0.715675990675991,0.076764901764902,0.12960372960373,19,0,0,0,0,0,74.7241288123641,83.5735294117647,79.3781512605042,34.9770327711504,0,03:08:55 a.m.,1727737685.50905,760,21.0934,30.79605,44.24248,1,53,464
66fb45597835ef5c35ecd66d,66fb3a5d7835ef5c35ec6dcb,30/09/2024 18:42:01,2024,9,30,18,42,1,1,0.758496732026144,0.678571428571429,1,0.067338772338772,0.823857808857809,0.058247863247863,0.050555555555556,19,0,0,0,0,0,76.0461861667744,83.9199346405229,79.8977591036415,35.0440693293635,0,03:09:00 a.m.,1727737690.51366,690,21.09141,30.82905,44.26012,1,52,460
66fb455e7835ef5c35ecd6a0,66fb3a5d7835ef5c35ec6dcb,30/09/2024 18:42:06,2024,9,30,18,42,7,1,0.720588235294118,0.678571428571429,1,0.095512371615313,0.70483776844071,0.072677404295051,0.126972455648926,19,0,0,0,0,0,74.3795518207283,83.1617647058824,78.7605042016807,34.9467203548086,0,03:09:05 a.m.,1727737695.51797,589,21.08863,30.81722,44.23113,1,56,469
66fb45647835ef5c35ecd6d4,66fb3a5d7835ef5c35ec6dcb,30/09/2024 18:42:12,2024,9,30,18,42,12,1,0.75,0.642857142857143,1,0.117309695808148,0.645213831146494,0.037087387586614,0.200389085458745,18,0,0,0,0,0,73.696663840975,82.5,78.2142857142857,35.1016683866529,0,03:09:10 a.m.,1727737700.53175,586,21.08544,30.8033,44.21797,1,43,442
66fb45697835ef5c35ecd715,66fb3a5d7835ef5c35ec6dcb,30/09/2024 18:42:17,2024,9,30,18,42,17,1,0.769803296119086,0.678571428571429,1,0.385695187165775,0.110294117647059,0.090909090909091,0.413101604278075,19,0,0,0,0,0,72.3202446847958,84.1460659223817,80.2369560264297,38.3406991185629,0,03:09:15 a.m.,1727737705.5398,613,21.0534,30.84183,44.21921,1,51,459
66fb456e7835ef5c35ecd749,66fb3a5d7835ef5c35ec6dcb,30/09/2024 18:42:22,2024,9,30,18,42,23,1,0.705741626794259,0.714285714285714,1,0.409090909090909,0,0.084415584415584,0.506493506493506,20,0,0,0,0,0,71.0628844839371,84.1148325358852,79.7436773752563,38.2911825017088,0,03:09:20 a.m.,1727737710.54542,594,21.06236,30.85995,44.20033,1,46,450
66fb45747835ef5c35ecd77c,66fb3a5d7835ef5c35ec6dcb,30/09/2024 18:42:28,2024,9,30,18,42,28,1,0.717942583732057,0.714285714285714,1,0.371861471861472,0,0.144444444444444,0.483694083694084,20,0,0,0,0,0,70.9346092503987,84.3588516746411,80.1097060833903,38.0408976987924,0,03:09:25 a.m.,1727737715.55255,717,21.04325,30.87082,44.15102,1,49,456
66fb45797835ef5c35ecd7af,66fb3a5d7835ef5c35ec6dcb,30/09/2024 18:42:33,2024,9,30,18,42,34,1,0.722488038277512,0.678571428571429,1,0.449675324675325,0,0.042532467532468,0.507792207792208,19,0,0,0,0,0,70.9107997265892,83.1997607655502,78.8174982911825,38.5073479152427,0,03:09:30 a.m.,1727737720.55619,494,21.10096,30.81894,44.11745,1,44,445
66fb457f7835ef5c35ecd7e2,66fb3a5d7835ef5c35ec6dcb,30/09/2024 18:42:39,2024,9,30,18,42,39,1,0.700657894736842,0.714285714285714,1,0.398144257703081,0.254901960784314,0.105952380952381,0.241001400560224,20,0,0,0,0,0,73.4007629367537,84.0131578947368,79.5911654135338,38.1308786672564,0,03:09:35 a.m.,1727737725.56052,687,21.07748,30.8548,44.12632,1,44,445
66fb45847835ef5c35ecd815,66fb3a5d7835ef5c35ec6dcb,30/09/2024 18:42:44,2024,9,30,18,42,45,1,0.706140350877193,0.678571428571429,1,0.119022331154684,0.768089596949891,0,0.112888071895425,19,0,0,0,0,0,74.9582120128753,82.8728070175439,78.3270676691729,35.0373411060331,0,03:09:40 a.m.,1727737730.56437,649,21.08027,30.84984,44.09695,1,40,436
66fb458a7835ef5c35ecd848,66fb3a5d7835ef5c35ec6dcb,30/09/2024 18:42:50,2024,9,30,18,42,50,1,0.70242674422241,0.714285714285714,1,0.110944666397805,0.740985459719628,0.057358962143651,0.090710911738916,20,0,0,0,0,0,75.4249790027654,84.0485348844482,79.6442308981009,35.2765712490593,0,03:09:45 a.m.,1727737735.56999,518,21.10574,30.80444,44.12575,1,47,451
66fb458f7835ef5c35ecd87b,66fb3a5d7835ef5c35ec6dcb,30/09/2024 18:42:55,2024,9,30,18,42,56,1,0.736111111111111,0.678571428571429,1,0.127817501269514,0.767058884957492,0,0.105123613772995,19,0,0,0,0,0,75.635271798778,83.4722222222222,79.2261904761905,35.4250004095205,0,03:09:50 a.m.,1727737740.57714,742,21.11211,30.83172,44.11964,1,46,449
66fb45957835ef5c35ecd8ae,66fb3a5d7835ef5c35ec6dcb,30/09/2024 18:43:01,2024,9,30,18,43,1,1,0.733918128654971,0.678571428571429,1,0.107828394515701,0.790295591920979,0,0.10187601356332,19,0,0,0,0,0,75.6238881517519,83.4283625730994,79.1604010025063,35.203179517421,0,03:09:55 a.m.,1727737745.58056,703,21.10813,30.83172,44.0485,1,45,447
66fb459a7835ef5c35ecd8e1,66fb3a5d7835ef5c35ec6dcb,30/09/2024 18:43:06,2024,9,30,18,43,7,1,0.751196172248804,0.678571428571429,1,0.15001665001665,0.782550782550783,0,0.067432567432567,19,0,0,0,0,0,76.3138834849361,83.7739234449761,79.6787423103213,35.7978425083688,0,03:10:00 a.m.,1727737750.58509,613,21.09818,30.85442,44.03734,1,48,453
66fb459f7835ef5c35ecd914,66fb3a5d7835ef5c35ec6dcb,30/09/2024 18:43:11,2024,9,30,18,43,12,1,0.7825311942959,0.642857142857143,1,0.157683982683983,0.777867965367965,0,0.064448051948052,18,0,0,0,0,0,76.0775719378661,83.150623885918,79.1902215431627,35.8307231983703,0,03:10:05 a.m.,1727737755.59134,499,21.09897,30.81436,44.00206,1,51,458
66fb45a57835ef5c35ecd948,66fb3a5d7835ef5c35ec6dcb,30/09/2024 18:43:17,2024,9,30,18,43,17,1,0.819630776287123,0.678571428571429,1,0.212394957983193,0.723196778711485,0,0.064408263305322,19,0,0,0,0,0,77.712818606975,85.1426155257425,81.7317804314708,37.1059716284175,0,03:10:10 a.m.,1727737760.59491,607,21.0936,30.83649,44.02561,1,47,451
66fb45aa7835ef5c35ecd98a,66fb3a5d7835ef5c35ec6dcb,30/09/2024 18:43:22,2024,9,30,18,43,23,1,0.776143790849673,0.642857142857143,1,0.192113095238095,0.741865079365079,0,0.066021825396825,18,0,0,0,0,0,75.9340861344538,83.0228758169935,78.9985994397759,36.1111402894491,0,03:10:15 a.m.,1727737765.59922,757,21.05937,30.84564,43.99252,1,48,453
66fb45b07835ef5c35ecd9bd,66fb3a5d7835ef5c35ec6dcb,30/09/2024 18:43:28,2024,9,30,18,43,28,1,0.800108932461874,0.714285714285714,1,0.1682615995116,0.756566697191697,0,0.075171703296703,20,0,0,0,0,0,78.1076044734133,86.0021786492375,82.5746965452848,36.8265624625919,0,03:10:20 a.m.,1727737770.60491,707,20.99171,30.83172,43.94617,1,47,451
66fb45b57835ef5c35ecd9f0,66fb3a5d7835ef5c35ec6dcb,30/09/2024 18:43:33,2024,9,30,18,43,34,1,0.784600389863548,0.678571428571429,1,0.121384171384171,0.803211718836719,0,0.07540410977911,19,0,0,0,0,0,76.9022524137656,84.4420077972709,80.6808688387636,35.8455598981915,0,03:10:25 a.m.,1727737775.61158,595,20.99092,30.85308,43.99567,1,52,460
66fb45bb7835ef5c35ecda23,66fb3a5d7835ef5c35ec6dcb,30/09/2024 18:43:39,2024,9,30,18,43,39,1,0.820763100561862,0.714285714285714,1,0.15984015984016,0.765795315795316,0,0.074364524364524,20,0,0,0,0,0,78.5287596247349,86.4152620112372,83.1943215882844,36.9488897468774,0,03:10:30 a.m.,1727737780.62184,502,20.9945,30.86338,43.91174,1,50,458
66fb45c17835ef5c35ecda56,66fb3a5d7835ef5c35ec6dcb,30/09/2024 18:43:45,2024,9,30,18,43,45,1,0.805429864253394,0.75,1,0.171711621711622,0.522910422910423,0,0.228454878454878,21,0,0,0,0,0,76.8048177312883,87.3585972850679,84.1628959276018,37.2714148596501,0,03:10:35 a.m.,1727737785.63084,520,20.9945,30.88264,44.0033,1,52,461
66fb45c67835ef5c35ecda89,66fb3a5d7835ef5c35ec6dcb,30/09/2024 18:43:50,2024,9,30,18,43,50,1,0.801407742584213,0.714285714285714,1,0.166666666666667,0.215384615384615,0,0.617948717948718,20,0,0,0,0,0,72.7058105293399,86.0281548516843,82.613660848955,36.8236012353659,0,03:10:40 a.m.,1727737790.63426,631,20.95788,30.84736,44.02733,1,49,455
66fb45cc7835ef5c35ecdabc,66fb3a5d7835ef5c35ec6dcb,30/09/2024 18:43:55,2024,9,30,18,43,56,1,0.791938997821351,0.714285714285714,1,0.317576622723682,0.508049038379921,0,0.174374338896398,20,0,0,0,0,0,76.9521794246059,85.838779956427,82.3295985060691,38.2380133483075,0,03:10:45 a.m.,1727737795.63882,681,20.91092,30.84183,44.06157,1,57,471
66fb45d17835ef5c35ecdaef,66fb3a5d7835ef5c35ec6dcb,30/09/2024 18:44:01,2024,9,30,18,44,1,1,0.787739364751749,0.714285714285714,1,0.166669844388498,0.643443332123673,0,0.18988682348783,20,0,0,0,0,0,76.7130619172995,85.754787295035,82.203609513981,36.6869492342596,0,03:10:50 a.m.,1727737800.64374,744,20.88386,30.82905,44.06157,2,65,486
66fb45d67835ef5c35ecdb22,66fb3a5d7835ef5c35ec6dcb,30/09/2024 18:44:06,2024,9,30,18,44,6,1,0.798276886512181,0.714285714285714,1,0.130206558147735,0.739586883704531,0,0.130206558147735,20,0,0,0,0,0,77.5206150059091,85.9655377302436,82.519735166794,36.4276915894563,0,03:10:55 a.m.,1727737805.64865,755,20.89898,30.82428,43.99462,1,53,462
66fb45dc7835ef5c35ecdb56,66fb3a5d7835ef5c35ec6dcb,30/09/2024 18:44:12,2024,9,30,18,44,12,1,0.778322440087146,0.678571428571429,1,0.134704715219421,0.730590569561158,0,0.134704715219421,19,0,0,0,0,0,76.1836873638344,84.3164488017429,80.4925303454715,35.91598583878,0,03:11:00 a.m.,1727737810.65628,755,20.83132,30.82504,43.99042,1,45,446
66fb45e27835ef5c35ecdb98,66fb3a5d7835ef5c35ec6dcb,30/09/2024 18:44:17,2024,9,30,18,44,18,0.973440545808967,0.802015250544662,0.678571428571429,1,0.430555555555556,0.25,0.104166666666667,0.215277777777778,19,0,0,0,0,0,74.1461599259587,83.8607241142071,80.406531033466,38.8458278048061,0,03:11:05 a.m.,1727737815.66126,754,20.88465,30.85537,43.96124,1,44,445
66fb45e77835ef5c35ecdbcb,66fb3a5d7835ef5c35ec6dcb,30/09/2024 18:44:23,2024,9,30,18,44,23,0.981968810916179,0.727019908840729,0.678571428571429,1,0.509722222222222,0.041666666666667,0,0.448611111111111,19,0,0,0,0,0,71.5677930528937,82.6593065588809,78.4125187355644,38.9728237055056,0,03:11:10 a.m.,1727737820.672,742,20.94594,30.867,43.90602,1,48,453
66fb45ec7835ef5c35ecdbfe,66fb3a5d7835ef5c35ec6dcb,30/09/2024 18:44:28,2024,9,30,18,44,29,1,0.796336429308566,0.821428571428571,0.936250705815923,0.369047619047619,0,0,0.630952380952381,23,0,0,0.030434782608696,0,0,74.515426120521,89.0392356443305,86.7472357363998,39.2306332560068,0,03:11:15 a.m.,1727737825.67652,745,20.91928,30.83382,43.91003,1,43,442
66fb45f27835ef5c35ecdc31,66fb3a5d7835ef5c35ec6dcb,30/09/2024 18:44:34,2024,9,30,18,44,34,1,0.856107026143791,0.821428571428571,0.941603927473492,0.408234126984127,0,0.14781746031746,0.443948412698413,23,0,0,0.010869565217391,0,0,76.1562353531663,90.2881797976107,88.5403536414566,40.2737365202998,0,03:11:20 a.m.,1727737830.67923,721,20.89659,30.85499,43.90526,1,38,433
66fb45f77835ef5c35ecdc64,66fb3a5d7835ef5c35ec6dcb,30/09/2024 18:44:39,2024,9,30,18,44,40,1,0.844585561497326,0.714285714285714,0.947607655502392,0.382936507936508,0,0.244227994227994,0.372835497835498,20,0,0,0,0,0,73.0542957214784,86.3677877849704,83.9089954163483,38.8941543922194,0,03:11:25 a.m.,1727737835.68356,669,20.84883,30.8424,43.94913,1,44,445
66fb45fd7835ef5c35ecdc97,66fb3a5d7835ef5c35ec6dcb,30/09/2024 18:44:45,2024,9,30,18,44,45,1,0.792370537958773,0.821428571428571,0.952280595072357,0.29047619047619,0,0.168040293040293,0.541483516483517,23,0,0,0,0,0,73.8106929003752,89.1202167098991,86.628258995906,38.5655589493589,0,03:11:30 a.m.,1727737840.69081,703,20.89202,30.81169,43.89372,1,53,463
66fb46027835ef5c35ecdcca,66fb3a5d7835ef5c35ec6dcb,30/09/2024 18:44:50,2024,9,30,18,44,50,1,0.796118421052632,0.785714285714286,0.960692640692641,0.296071428571429,0.1275,0.132857142857143,0.443571428571429,22,0,0,0,0,0,74.4078662565505,88.029294827979,85.3121240601504,38.3859677603099,0,03:11:35 a.m.,1727737845.69913,750,20.91669,30.78156,43.88657,1,51,458
66fb46077835ef5c35ecdcfd,66fb3a5d7835ef5c35ec6dcb,30/09/2024 18:44:55,2024,9,30,18,44,56,1,0.730994152046784,0.678571428571429,1,0.12208298524088,0.675020885547202,0,0.202896129211919,19,0,0,0,0,0,74.5552074631022,83.3698830409357,79.0726817042606,35.3164856585909,0,03:11:40 a.m.,1727737850.70475,528,20.9545,30.80635,43.93597,1,59,475
66fb460d7835ef5c35ecdd30,66fb3a5d7835ef5c35ec6dcb,30/09/2024 18:45:01,2024,9,30,18,45,1,1,0.747004357298475,0.678571428571429,1,0.097394220846233,0.676470588235294,0,0.226135190918473,19,0,0,0,0,0,74.6430209510705,83.6900871459695,79.5529878618114,35.2297000671614,0,03:11:45 a.m.,1727737855.71153,586,20.91191,30.83935,43.92691,1,61,479
66fb46127835ef5c35ecdd63,66fb3a5d7835ef5c35ec6dcb,30/09/2024 18:45:06,2024,9,30,18,45,6,1,0.764433551198257,0.678571428571429,1,0.107421023965142,0.739317810457516,0,0.153261165577342,19,0,0,0,0,0,75.7203450824774,84.0386710239651,80.0758636788049,35.5042600373483,0,03:11:50 a.m.,1727737860.71943,711,20.97957,30.76458,43.96896,2,67,491
66fb46187835ef5c35ecdd96,66fb3a5d7835ef5c35ec6dcb,30/09/2024 18:45:11,2024,9,30,18,45,12,1,0.740196078431373,0.678571428571429,1,0.12749183006536,0.744362745098039,0,0.128145424836601,19,0,0,0,0,0,75.4867530345472,83.5539215686275,79.3487394957983,35.4625933706816,0,03:11:55 a.m.,1727737865.7389,744,20.93818,30.83229,43.9723,1,62,481
66fb46207835ef5c35ecddd9,66fb3a5d7835ef5c35ec6dcb,30/09/2024 18:45:20,2024,9,30,18,45,20,1,0.867647058823529,0.678571428571429,1,0.225,0,0,0.775,19,0,0,0,0,0,71.5672268907563,86.1029411764706,83.172268907563,37.7121848739496,0,03:12:00 a.m.,1727737870.74769,745,20.93858,30.80921,43.9909,1,51,460
66fb46257835ef5c35ecde0c,66fb3a5d7835ef5c35ec6dcb,30/09/2024 18:45:25,2024,9,30,18,45,26,0.980861244019139,0.762094630515683,0.678571428571429,0.935503385503386,0.29875049193231,0.4136494818313,0,0.28760002623639,19,0,0,0.052631578947368,0,0,73.2067430177478,82.6770700060174,79.4315333789018,36.5578118054195,0,03:12:05 a.m.,1727737875.75718,750,21.00724,30.80311,43.96801,1,51,458
66fb462a7835ef5c35ecde3f,66fb3a5d7835ef5c35ec6dcb,30/09/2024 18:45:30,2024,9,30,18,45,31,0.983130904183536,0.719523166891588,0.678571428571429,0.932051282051282,0.383272283272283,0.19508547008547,0,0.421642246642247,19,0,0,0.052631578947368,0,0,71.0371120107962,81.8705578047683,78.2224792751109,36.9654906497012,0,03:12:10 a.m.,1727737880.76068,672,21.01281,30.78194,44.02771,1,58,473
66fb46307835ef5c35ecde72,66fb3a5d7835ef5c35ec6dcb,30/09/2024 18:45:36,2024,9,30,18,45,36,0.937524366471735,0.76240253411306,0.714285714285714,0.93258659232924,0.251430976430976,0.404377104377105,0,0.344191919191919,20,0,0,0.05,0,0,72.4272494325706,82.3872694320643,79.5692355889725,35.9823018363073,0,03:12:15 a.m.,1727737885.7649,562,21.02833,30.79052,44.07711,1,51,458
66fb46357835ef5c35ecdea5,66fb3a5d7835ef5c35ec6dcb,30/09/2024 18:45:41,2024,9,30,18,45,41,0.96140350877193,0.757504873294347,0.714285714285714,0.940767973856209,0.304166666666667,0.447222222222222,0,0.248611111111111,20,0,0,0.05,0,0,73.963896669779,83.2069000114666,80.1386800334169,36.7812873687487,0,03:12:20 a.m.,1727737890.76814,576,21.01739,30.81379,44.09285,1,53,463
66fb463a7835ef5c35ecded8,66fb3a5d7835ef5c35ec6dcb,30/09/2024 18:45:46,2024,9,30,18,45,47,0.978070175438597,0.777691778465772,0.678571428571429,0.935501283846872,0.295734126984127,0.433300264550265,0,0.270965608465608,19,0,0,0.052631578947368,0,0,73.6152324233787,82.8913045481351,79.8157157599882,36.655687933068,0,03:12:25 a.m.,1727737895.77229,724,21.00505,30.82657,44.09914,1,52,460
66fb46407835ef5c35ecdf0b,66fb3a5d7835ef5c35ec6dcb,30/09/2024 18:45:51,2024,9,30,18,45,52,0.944736842105263,0.777095516569201,0.714285714285714,0.936327030812325,0.558333333333333,0.175,0,0.266666666666667,20,0,0,0.05,0,0,73.714077882615,82.9709701131915,80.2263993316625,39.3077843710584,0,03:12:30 a.m.,1727737900.78,705,20.97878,30.74436,44.13338,1,56,470
66fb46457835ef5c35ecdf3f,66fb3a5d7835ef5c35ec6dcb,30/09/2024 18:45:57,2024,9,30,18,45,58,0.9,0.818181818181818,0.714285714285714,0.947049441786284,0.251515151515152,0.496969696969697,0.015151515151515,0.236363636363636,20,0,0,0.05,0,0,73.6761221234906,82.3341307814992,80.1168831168831,36.3103212576897,0,03:12:35 a.m.,1727737905.78631,546,20.96405,30.77736,44.18917,1,57,470
66fb464b7835ef5c35ecdf81,66fb3a5d7835ef5c35ec6dcb,30/09/2024 18:46:02,2024,9,30,18,46,3,0.89780701754386,0.807894736842105,0.714285714285714,0.945906432748538,0.329861111111111,0.361441798941799,0,0.30869708994709,20,0,0,0.05,0,0,72.8323064605959,82.0402046783626,79.7424812030075,36.9575501253133,0,03:12:40 a.m.,1727737910.79363,490,20.94754,30.78327,44.20214,1,58,473
66fb46507835ef5c35ecdfb4,66fb3a5d7835ef5c35ec6dcb,30/09/2024 18:46:08,2024,9,30,18,46,8,0.899561403508772,0.82828947368421,0.714285714285714,0.943326453388373,0.596230158730159,0.184193121693122,0,0.21957671957672,20,0,0,0.05,0,0,74.1494647566629,82.483703130375,80.4069548872181,39.8169320359723,0,03:12:45 a.m.,1727737915.79738,505,20.97858,30.79433,44.13176,1,47,450
66fb46557835ef5c35ecdfe7,66fb3a5d7835ef5c35ec6dcb,30/09/2024 18:46:13,2024,9,30,18,46,13,0.988259109311741,0.818439906326903,0.714285714285714,0.941113624937155,0.756410256410256,0,0,0.243589743589744,20,0,0,0.05,0,0,75.9076575299486,85.3690032018205,82.7723990405879,42.1850861127177,0,03:12:50 a.m.,1727737920.8013,594,20.9949,30.78327,44.17362,1,41,439
66fb465a7835ef5c35ece01a,66fb3a5d7835ef5c35ec6dcb,30/09/2024 18:46:18,2024,9,30,18,46,19,0.951799370220423,0.748792040432907,0.714285714285714,0.937317747611865,0.764102564102564,0,0,0.235897435897436,20,0,0,0.05,0,0,73.6421710384559,82.6619962424916,79.5891708910285,41.1629743665347,0,03:12:55 a.m.,1727737925.80629,739,20.98077,30.79624,44.20414,1,49,455
66fb46607835ef5c35ece04d,66fb3a5d7835ef5c35ec6dcb,30/09/2024 18:46:24,2024,9,30,18,46,24,0.977610693400167,0.778216374269006,0.714285714285714,0.936001505865504,0.55391156462585,0,0,0.44608843537415,20,0,0,0.05,0,0,72.7608683824407,84.140716813041,81.2462406015038,39.6002585244624,0,03:13:00 a.m.,1727737930.81566,751,20.96684,30.79929,44.27147,1,55,467
66fb46657835ef5c35ece080,66fb3a5d7835ef5c35ec6dcb,30/09/2024 18:46:29,2024,9,30,18,46,30,1,0.836427875243665,0.714285714285714,0.940982972136223,0.513888888888889,0,0,0.486111111111111,20,0,0,0.05,0,0,74.1344189722673,86.1383872262355,83.6642648287385,40.0558545055449,0,03:13:05 a.m.,1727737935.82013,711,20.96246,30.79472,44.23304,1,49,454
66fb466b7835ef5c35ece0b3,66fb3a5d7835ef5c35ec6dcb,30/09/2024 18:46:35,2024,9,30,18,46,35,1,0.834008097165992,0.678571428571429,0.94225476965415,0.512820512820513,0,0,0.487179487179487,19,0,0,0.052631578947368,0,0,73.1952004823522,84.8527096398614,82.1631000578369,39.6765480821208,0,03:13:10 a.m.,1727737940.8306,573,20.96664,30.79395,44.2111,1,48,453
